runId,repetitionNumber,scenarioType,seed,requestIndex,isWarmUp,requestReference,deviceIdentifier,resource,operation,abacResult,trustScore,riskScore,decision,enforcementStatus,authLatencyMs,enforceLatencyMs,blockchainTxHash,gasUsed,blockNumber,decisionReason,expectedDecision,expectedEnforcement,expectationMatched,correlationId,timestamp
EXP8B-NORMAL_ACCESS-R1-1790068984115,1,NORMAL_ACCESS,1042,0,True,EXP-NORMAL_ACCESS-0,THERMOSTAT-001,SMART_THERMOSTAT,CONTROL,PASS,80.0,0.0,ALLOW,EXECUTED,92.347,108.644,0x8a890242ea20697b8983955afae3b5214e61fc9b904e99c99a5d7e3020f4617a,31863,1204,Allowed by Smart Contract: High behavioral trust (80) and low contextual risk (0).,ALLOW,EXECUTED,True,EXP-NORMAL_ACCESS-0,2026-09-22T14:53:04.460683
EXP8B-NORMAL_ACCESS-R1-1790068984115,1,NORMAL_ACCESS,1042,1,True,EXP-NORMAL_ACCESS-1,TV-001,SMART_TV,CONTROL,PASS,80.0,7.0,ALLOW,EXECUTED,72.068,84.786,0xc5b98adc5a4f816768c2647a27b7a53b3b959d474f8d6c8be72081fa5cf1e13d,31863,1205,Allowed by Smart Contract: High behavioral trust (80) and low contextual risk (7).,ALLOW,EXECUTED,True,EXP-NORMAL_ACCESS-1,2026-09-22T14:53:04.545411800
EXP8B-NORMAL_ACCESS-R1-1790068984115,1,NORMAL_ACCESS,1042,2,True,EXP-NORMAL_ACCESS-2,AC-001,AIR_CONDITIONER,CONTROL,PASS,80.0,0.0,ALLOW,EXECUTED,67.068,78.904,0x76edccc30202cae9387ee1b3cdd47548dc4d6ec96dbfa0bab5f63b4b0c3efb27,31863,1206,Allowed by Smart Contract: High behavioral trust (80) and low contextual risk (0).,ALLOW,EXECUTED,True,EXP-NORMAL_ACCESS-2,2026-09-22T14:53:04.624762600
EXP8B-NORMAL_ACCESS-R1-1790068984115,1,NORMAL_ACCESS,1042,3,True,EXP-NORMAL_ACCESS-3,THERMOSTAT-001,SMART_THERMOSTAT,CONTROL,PASS,80.0,0.0,ALLOW,EXECUTED,57.9,68.118,0x6310f790bd8b568d21c586562fd803c863d644cd264b65e1b7be90f8f49fa9d1,31863,1207,Allowed by Smart Contract: High behavioral trust (80) and low contextual risk (0).,ALLOW,EXECUTED,True,EXP-NORMAL_ACCESS-3,2026-09-22T14:53:04.692611400
EXP8B-NORMAL_ACCESS-R1-1790068984115,1,NORMAL_ACCESS,1042,4,True,EXP-NORMAL_ACCESS-4,DOOR-SENSOR-001,SMART_DOOR_LOCK,READ,PASS,80.0,14.0,ALLOW,EXECUTED,64.968,76.432,0x73d656234cb1bc5e6cb2dfadb1b90ac4680223ac9703f94fcf255391ec9a5f5b,31863,1208,Allowed by Smart Contract: High behavioral trust (80) and low contextual risk (14).,ALLOW,EXECUTED,True,EXP-NORMAL_ACCESS-4,2026-09-22T14:53:04.769083500
EXP8B-NORMAL_ACCESS-R1-1790068984115,1,NORMAL_ACCESS,1042,5,True,EXP-NORMAL_ACCESS-5,TV-001,SMART_TV,CONTROL,PASS,80.0,7.0,ALLOW,EXECUTED,110.691,130.225,0xc8951bacae61cff92389d2816c604e8ecb57e3ddb6efae777a4d42b710f75fc2,31863,1209,Allowed by Smart Contract: High behavioral trust (80) and low contextual risk (7).,ALLOW,EXECUTED,True,EXP-NORMAL_ACCESS-5,2026-09-22T14:53:04.899443900
EXP8B-NORMAL_ACCESS-R1-1790068984115,1,NORMAL_ACCESS,1042,6,True,EXP-NORMAL_ACCESS-6,LIGHT-001,SMART_LIGHT,CONTROL,PASS,80.0,0.0,ALLOW,EXECUTED,106.338,125.104,0xe33a94e5aa59df2cf5fe48867a78bb017bc505cd5f21683063752aed87f5f3e7,31863,1210,Allowed by Smart Contract: High behavioral trust (80) and low contextual risk (0).,ALLOW,EXECUTED,True,EXP-NORMAL_ACCESS-6,2026-09-22T14:53:05.024807900
EXP8B-NORMAL_ACCESS-R1-1790068984115,1,NORMAL_ACCESS,1042,7,True,EXP-NORMAL_ACCESS-7,DOOR-SENSOR-001,SMART_DOOR_LOCK,READ,PASS,80.0,14.0,ALLOW,EXECUTED,69.605,81.888,0x86c169f63bc9cee2a65c6983ccf0e2b09b1d33fb863d5716dc3f23e32aa4dcf2,31863,1211,Allowed by Smart Contract: High behavioral trust (80) and low contextual risk (14).,ALLOW,EXECUTED,True,EXP-NORMAL_ACCESS-7,2026-09-22T14:53:05.106890600
EXP8B-NORMAL_ACCESS-R1-1790068984115,1,NORMAL_ACCESS,1042,8,True,EXP-NORMAL_ACCESS-8,LIGHT-001,SMART_LIGHT,CONTROL,PASS,80.0,0.0,ALLOW,EXECUTED,91.305,107.417,0xd9bb1229eaaf0c8626e6908997e90830a61af3a36ba91305bf1fc09242e05ec8,31863,1212,Allowed by Smart Contract: High behavioral trust (80) and low contextual risk (0).,ALLOW,EXECUTED,True,EXP-NORMAL_ACCESS-8,2026-09-22T14:53:05.214237300
EXP8B-NORMAL_ACCESS-R1-1790068984115,1,NORMAL_ACCESS,1042,9,True,EXP-NORMAL_ACCESS-9,TV-001,SMART_TV,CONTROL,PASS,80.0,7.0,ALLOW,EXECUTED,59.274,69.734,0xb8ed3fc9582670801b4292e99f9e83dd85b3b431c952233c881f583805671e7f,31863,1213,Allowed by Smart Contract: High behavioral trust (80) and low contextual risk (7).,ALLOW,EXECUTED,True,EXP-NORMAL_ACCESS-9,2026-09-22T14:53:05.283767300
EXP8B-NORMAL_ACCESS-R1-1790068984115,1,NORMAL_ACCESS,1042,1,False,EXP-NORMAL_ACCESS-0,AC-001,AIR_CONDITIONER,CONTROL,PASS,80.0,0.0,ALLOW,EXECUTED,51.384,60.451,0x610d0ebd7b1ebe455dc055aa707da8e8ad657a3f44100d3104e3389c485b6167,31863,1214,Allowed by Smart Contract: High behavioral trust (80) and low contextual risk (0).,ALLOW,EXECUTED,True,EXP-NORMAL_ACCESS-0,2026-09-22T14:53:05.344530200
EXP8B-NORMAL_ACCESS-R1-1790068984115,1,NORMAL_ACCESS,1042,2,False,EXP-NORMAL_ACCESS-1,TV-001,SMART_TV,CONTROL,PASS,80.0,7.0,ALLOW,EXECUTED,59.346,69.818,0xfb4c119643a26e12871659da3bff357581da9fe0a8aef680eccf7290011c6659,31863,1215,Allowed by Smart Contract: High behavioral trust (80) and low contextual risk (7).,ALLOW,EXECUTED,True,EXP-NORMAL_ACCESS-1,2026-09-22T14:53:05.414496500
EXP8B-NORMAL_ACCESS-R1-1790068984115,1,NORMAL_ACCESS,1042,3,False,EXP-NORMAL_ACCESS-2,THERMOSTAT-001,SMART_THERMOSTAT,CONTROL,PASS,80.0,0.0,ALLOW,EXECUTED,65.65,77.235,0xc4db308750b301862c4f4b3d3ec1c4fb211a90cbed70214abdb7f9fe3e6b835e,31863,1216,Allowed by Smart Contract: High behavioral trust (80) and low contextual risk (0).,ALLOW,EXECUTED,True,EXP-NORMAL_ACCESS-2,2026-09-22T14:53:05.492020600
EXP8B-NORMAL_ACCESS-R1-1790068984115,1,NORMAL_ACCESS,1042,4,False,EXP-NORMAL_ACCESS-3,THERMOSTAT-001,SMART_THERMOSTAT,CONTROL,PASS,80.0,0.0,ALLOW,EXECUTED,59.071,69.496,0x7f9b7faf4737da1aea84b71af2b0ce144953f559b414bc73afac02c1bdc88ac4,31863,1217,Allowed by Smart Contract: High behavioral trust (80) and low contextual risk (0).,ALLOW,EXECUTED,True,EXP-NORMAL_ACCESS-3,2026-09-22T14:53:05.561244100
EXP8B-NORMAL_ACCESS-R1-1790068984115,1,NORMAL_ACCESS,1042,5,False,EXP-NORMAL_ACCESS-4,LIGHT-001,SMART_LIGHT,CONTROL,PASS,80.0,0.0,ALLOW,EXECUTED,67.244,79.11,0xea1f1f70c0eb427c5d063865b12b95f183ebad89748e79ec0860905be81d6382,31863,1218,Allowed by Smart Contract: High behavioral trust (80) and low contextual risk (0).,ALLOW,EXECUTED,True,EXP-NORMAL_ACCESS-4,2026-09-22T14:53:05.640575300
EXP8B-NORMAL_ACCESS-R1-1790068984115,1,NORMAL_ACCESS,1042,6,False,EXP-NORMAL_ACCESS-5,TV-001,SMART_TV,CONTROL,PASS,80.0,7.0,ALLOW,EXECUTED,55.971,65.848,0x77e3107c744af84bcf3218f24305cd1d7d9d3c544008ea5459472364967a0427,31863,1219,Allowed by Smart Contract: High behavioral trust (80) and low contextual risk (7).,ALLOW,EXECUTED,True,EXP-NORMAL_ACCESS-5,2026-09-22T14:53:05.706447300
EXP8B-NORMAL_ACCESS-R1-1790068984115,1,NORMAL_ACCESS,1042,7,False,EXP-NORMAL_ACCESS-6,THERMOSTAT-001,SMART_THERMOSTAT,CONTROL,PASS,80.0,0.0,ALLOW,EXECUTED,85.495,100.582,0xce2a73c971b1991440b2a888798a735f395dd65dd3a784da095594fcf0a9fd6a,31863,1220,Allowed by Smart Contract: High behavioral trust (80) and low contextual risk (0).,ALLOW,EXECUTED,True,EXP-NORMAL_ACCESS-6,2026-09-22T14:53:05.806756600
EXP8B-NORMAL_ACCESS-R1-1790068984115,1,NORMAL_ACCESS,1042,8,False,EXP-NORMAL_ACCESS-7,THERMOSTAT-001,SMART_THERMOSTAT,CONTROL,PASS,80.0,0.0,ALLOW,EXECUTED,67.897,79.878,0x7a9be2d007d81dfc4a1f3c67ba681273373f03b86e8c2de9ab5d0fe7e41b3e73,31863,1221,Allowed by Smart Contract: High behavioral trust (80) and low contextual risk (0).,ALLOW,EXECUTED,True,EXP-NORMAL_ACCESS-7,2026-09-22T14:53:05.887228
EXP8B-NORMAL_ACCESS-R1-1790068984115,1,NORMAL_ACCESS,1042,9,False,EXP-NORMAL_ACCESS-8,TV-001,SMART_TV,CONTROL,PASS,80.0,7.0,ALLOW,EXECUTED,68.399,80.469,0xe2c38cc0f817317d770401fb685405503d8fcc9d02e90111c2f6588966495435,31863,1222,Allowed by Smart Contract: High behavioral trust (80) and low contextual risk (7).,ALLOW,EXECUTED,True,EXP-NORMAL_ACCESS-8,2026-09-22T14:53:05.967948800
EXP8B-NORMAL_ACCESS-R1-1790068984115,1,NORMAL_ACCESS,1042,10,False,EXP-NORMAL_ACCESS-9,AC-001,AIR_CONDITIONER,CONTROL,PASS,80.0,0.0,ALLOW,EXECUTED,65.666,77.254,0x824fa37d4444d0975df245ce0533104ef42e4e4258c79f7dd98a5c460ac20a6c,31863,1223,Allowed by Smart Contract: High behavioral trust (80) and low contextual risk (0).,ALLOW,EXECUTED,True,EXP-NORMAL_ACCESS-9,2026-09-22T14:53:06.044957700
EXP8B-NORMAL_ACCESS-R1-1790068984115,1,NORMAL_ACCESS,1042,11,False,EXP-NORMAL_ACCESS-10,THERMOSTAT-001,SMART_THERMOSTAT,CONTROL,PASS,80.0,0.0,ALLOW,EXECUTED,58.862,69.249,0x2841465c256e8ea7db21dc905dfde5ae35437193ead61c810381e27886349d7a,31863,1224,Allowed by Smart Contract: High behavioral trust (80) and low contextual risk (0).,ALLOW,EXECUTED,True,EXP-NORMAL_ACCESS-10,2026-09-22T14:53:06.114472600
EXP8B-NORMAL_ACCESS-R1-1790068984115,1,NORMAL_ACCESS,1042,12,False,EXP-NORMAL_ACCESS-11,TV-001,SMART_TV,CONTROL,PASS,80.0,7.0,ALLOW,EXECUTED,58.76,69.129,0xa1cdd6e26e017eb099fce490475f060b3aac76a76b78f748c3427634786e3337,31863,1225,Allowed by Smart Contract: High behavioral trust (80) and low contextual risk (7).,ALLOW,EXECUTED,True,EXP-NORMAL_ACCESS-11,2026-09-22T14:53:06.183603500
EXP8B-NORMAL_ACCESS-R1-1790068984115,1,NORMAL_ACCESS,1042,13,False,EXP-NORMAL_ACCESS-12,LIGHT-001,SMART_LIGHT,CONTROL,PASS,80.0,0.0,ALLOW,EXECUTED,59.0,69.411,0xca0bb1a838f4e15d02d5460714b04320b9488e4ac15a55cacf34d32d98a38033,31863,1226,Allowed by Smart Contract: High behavioral trust (80) and low contextual risk (0).,ALLOW,EXECUTED,True,EXP-NORMAL_ACCESS-12,2026-09-22T14:53:06.253017300
EXP8B-NORMAL_ACCESS-R1-1790068984115,1,NORMAL_ACCESS,1042,14,False,EXP-NORMAL_ACCESS-13,LIGHT-001,SMART_LIGHT,CONTROL,PASS,80.0,0.0,ALLOW,EXECUTED,56.432,66.391,0xa094947e805be6d85a75e74b1f821e3863f39d413a46e8df745c81d39a414f45,31863,1227,Allowed by Smart Contract: High behavioral trust (80) and low contextual risk (0).,ALLOW,EXECUTED,True,EXP-NORMAL_ACCESS-13,2026-09-22T14:53:06.319453200
EXP8B-NORMAL_ACCESS-R1-1790068984115,1,NORMAL_ACCESS,1042,15,False,EXP-NORMAL_ACCESS-14,AC-001,AIR_CONDITIONER,CONTROL,PASS,80.0,0.0,ALLOW,EXECUTED,52.463,61.722,0xc3fb50a10925d541fc62264d5730aa1ae7b24aa70a7127ca4f65241077c1605f,31863,1228,Allowed by Smart Contract: High behavioral trust (80) and low contextual risk (0).,ALLOW,EXECUTED,True,EXP-NORMAL_ACCESS-14,2026-09-22T14:53:06.380615900
EXP8B-NORMAL_ACCESS-R1-1790068984115,1,NORMAL_ACCESS,1042,16,False,EXP-NORMAL_ACCESS-15,TV-001,SMART_TV,CONTROL,PASS,80.0,7.0,ALLOW,EXECUTED,48.023,56.497,0x1c8f41df84e201e0f21e2d39738d53fb9f2ef4f13cf45628f65bbbed322de304,31863,1229,Allowed by Smart Contract: High behavioral trust (80) and low contextual risk (7).,ALLOW,EXECUTED,True,EXP-NORMAL_ACCESS-15,2026-09-22T14:53:06.437684500
EXP8B-NORMAL_ACCESS-R1-1790068984115,1,NORMAL_ACCESS,1042,17,False,EXP-NORMAL_ACCESS-16,AC-001,AIR_CONDITIONER,CONTROL,PASS,80.0,0.0,ALLOW,EXECUTED,49.892,58.697,0x0ba887d37d7438fd3e99cba873786ccd8eabd05869b936cb494905e5db919da8,31863,1230,Allowed by Smart Contract: High behavioral trust (80) and low contextual risk (0).,ALLOW,EXECUTED,True,EXP-NORMAL_ACCESS-16,2026-09-22T14:53:06.496295100
EXP8B-NORMAL_ACCESS-R1-1790068984115,1,NORMAL_ACCESS,1042,18,False,EXP-NORMAL_ACCESS-17,TV-001,SMART_TV,CONTROL,PASS,80.0,7.0,ALLOW,EXECUTED,52.212,61.426,0x9619df8020979cbcbc524823d504ff9ceebe6ddfa1150d3cdb3ef15b9f58c648,31863,1231,Allowed by Smart Contract: High behavioral trust (80) and low contextual risk (7).,ALLOW,EXECUTED,True,EXP-NORMAL_ACCESS-17,2026-09-22T14:53:06.557857700
EXP8B-NORMAL_ACCESS-R1-1790068984115,1,NORMAL_ACCESS,1042,19,False,EXP-NORMAL_ACCESS-18,LIGHT-001,SMART_LIGHT,CONTROL,PASS,80.0,0.0,ALLOW,EXECUTED,56.506,66.478,0x973ea0d706fe4fedcc747313dcf75fe992f7820037d38ebb8c8c95dec913e1d3,31863,1232,Allowed by Smart Contract: High behavioral trust (80) and low contextual risk (0).,ALLOW,EXECUTED,True,EXP-NORMAL_ACCESS-18,2026-09-22T14:53:06.624094400
EXP8B-NORMAL_ACCESS-R1-1790068984115,1,NORMAL_ACCESS,1042,20,False,EXP-NORMAL_ACCESS-19,DOOR-SENSOR-001,SMART_DOOR_LOCK,READ,PASS,80.0,14.0,ALLOW,EXECUTED,63.065,74.195,0x5c32c025a60d6e886170f05ae53490c11aa56a6774fcf25141c4103aff51fd48,31863,1233,Allowed by Smart Contract: High behavioral trust (80) and low contextual risk (14).,ALLOW,EXECUTED,True,EXP-NORMAL_ACCESS-19,2026-09-22T14:53:06.698716600
EXP8B-NORMAL_ACCESS-R1-1790068984115,1,NORMAL_ACCESS,1042,21,False,EXP-NORMAL_ACCESS-20,AC-001,AIR_CONDITIONER,CONTROL,PASS,80.0,0.0,ALLOW,EXECUTED,65.636,77.218,0x68ec25f41e9f8ecbec58516f65609e885c590fee51279429b17aef08185c9053,31863,1234,Allowed by Smart Contract: High behavioral trust (80) and low contextual risk (0).,ALLOW,EXECUTED,True,EXP-NORMAL_ACCESS-20,2026-09-22T14:53:06.775679200
EXP8B-NORMAL_ACCESS-R1-1790068984115,1,NORMAL_ACCESS,1042,22,False,EXP-NORMAL_ACCESS-21,DOOR-SENSOR-001,SMART_DOOR_LOCK,READ,PASS,80.0,14.0,ALLOW,EXECUTED,59.229,69.681,0xdc2e9bb5dff4ed281693f400f45deb85e3b5c70617d11e1466e7b42916b64d76,31863,1235,Allowed by Smart Contract: High behavioral trust (80) and low contextual risk (14).,ALLOW,EXECUTED,True,EXP-NORMAL_ACCESS-21,2026-09-22T14:53:06.845821900
EXP8B-NORMAL_ACCESS-R1-1790068984115,1,NORMAL_ACCESS,1042,23,False,EXP-NORMAL_ACCESS-22,THERMOSTAT-001,SMART_THERMOSTAT,CONTROL,PASS,80.0,0.0,ALLOW,EXECUTED,55.502,65.296,0x9ced7afc2c5210b710be6785a1d24a5daab51944c1861267bbec595f833f997a,31863,1236,Allowed by Smart Contract: High behavioral trust (80) and low contextual risk (0).,ALLOW,EXECUTED,True,EXP-NORMAL_ACCESS-22,2026-09-22T14:53:06.911224200
EXP8B-NORMAL_ACCESS-R1-1790068984115,1,NORMAL_ACCESS,1042,24,False,EXP-NORMAL_ACCESS-23,DOOR-SENSOR-001,SMART_DOOR_LOCK,READ,PASS,80.0,14.0,ALLOW,EXECUTED,49.446,58.172,0xcfacae53d11197034b7f38031f6a9bf0cea721ac337823494d9c078d1ed79d5b,31863,1237,Allowed by Smart Contract: High behavioral trust (80) and low contextual risk (14).,ALLOW,EXECUTED,True,EXP-NORMAL_ACCESS-23,2026-09-22T14:53:06.968910200
EXP8B-NORMAL_ACCESS-R1-1790068984115,1,NORMAL_ACCESS,1042,25,False,EXP-NORMAL_ACCESS-24,THERMOSTAT-001,SMART_THERMOSTAT,CONTROL,PASS,80.0,0.0,ALLOW,EXECUTED,49.532,58.273,0x0d26f3e7fc716f5e78dcb3e7441298f9feff50ab79cde9a95278e42948801088,31863,1238,Allowed by Smart Contract: High behavioral trust (80) and low contextual risk (0).,ALLOW,EXECUTED,True,EXP-NORMAL_ACCESS-24,2026-09-22T14:53:07.027756400
EXP8B-NORMAL_ACCESS-R1-1790068984115,1,NORMAL_ACCESS,1042,26,False,EXP-NORMAL_ACCESS-25,TV-001,SMART_TV,CONTROL,PASS,80.0,7.0,ALLOW,EXECUTED,60.901,71.649,0xd5a5ccdc8ea7747b4be16b2032e8462750a842192763e6584248672d86b22383,31863,1239,Allowed by Smart Contract: High behavioral trust (80) and low contextual risk (7).,ALLOW,EXECUTED,True,EXP-NORMAL_ACCESS-25,2026-09-22T14:53:07.099259
EXP8B-NORMAL_ACCESS-R1-1790068984115,1,NORMAL_ACCESS,1042,27,False,EXP-NORMAL_ACCESS-26,THERMOSTAT-001,SMART_THERMOSTAT,CONTROL,PASS,80.0,0.0,ALLOW,EXECUTED,47.451,55.825,0xc9212ad39f37106a3ddfea3dcaba378ca902d001fedc38ae4a25f80bd249293f,31863,1240,Allowed by Smart Contract: High behavioral trust (80) and low contextual risk (0).,ALLOW,EXECUTED,True,EXP-NORMAL_ACCESS-26,2026-09-22T14:53:07.155318
EXP8B-NORMAL_ACCESS-R1-1790068984115,1,NORMAL_ACCESS,1042,28,False,EXP-NORMAL_ACCESS-27,DOOR-SENSOR-001,SMART_DOOR_LOCK,READ,PASS,80.0,14.0,ALLOW,EXECUTED,54.887,64.573,0x4f614d60a2de2347f16ba2ba1f92936bcae7ba6c4a759545735d6bf287692142,31863,1241,Allowed by Smart Contract: High behavioral trust (80) and low contextual risk (14).,ALLOW,EXECUTED,True,EXP-NORMAL_ACCESS-27,2026-09-22T14:53:07.220237300
EXP8B-NORMAL_ACCESS-R1-1790068984115,1,NORMAL_ACCESS,1042,29,False,EXP-NORMAL_ACCESS-28,AC-001,AIR_CONDITIONER,CONTROL,PASS,80.0,0.0,ALLOW,EXECUTED,50.634,59.57,0x9522a68eccf55e5d70b0cae94534d35cbf8b4100292ddd8794da96298c803e94,31863,1242,Allowed by Smart Contract: High behavioral trust (80) and low contextual risk (0).,ALLOW,EXECUTED,True,EXP-NORMAL_ACCESS-28,2026-09-22T14:53:07.279633200
EXP8B-NORMAL_ACCESS-R1-1790068984115,1,NORMAL_ACCESS,1042,30,False,EXP-NORMAL_ACCESS-29,AC-001,AIR_CONDITIONER,CONTROL,PASS,80.0,0.0,ALLOW,EXECUTED,75.985,89.395,0x6b363cadf97224e77eb8979a13c07aacaeaa1cc27db5af84ce7dd740248ad162,31863,1243,Allowed by Smart Contract: High behavioral trust (80) and low contextual risk (0).,ALLOW,EXECUTED,True,EXP-NORMAL_ACCESS-29,2026-09-22T14:53:07.369280600
EXP8B-NORMAL_ACCESS-R2-1790068987519,2,NORMAL_ACCESS,2042,0,True,EXP-NORMAL_ACCESS-0,TV-001,SMART_TV,CONTROL,PASS,80.0,7.0,ALLOW,EXECUTED,71.678,84.327,0x7b4c9ddf35e063a5e82372c973189411c886b73baee21c0120bd6165b15e59f9,31863,1244,Allowed by Smart Contract: High behavioral trust (80) and low contextual risk (7).,ALLOW,EXECUTED,True,EXP-NORMAL_ACCESS-0,2026-09-22T14:53:07.811027500
EXP8B-NORMAL_ACCESS-R2-1790068987519,2,NORMAL_ACCESS,2042,1,True,EXP-NORMAL_ACCESS-1,DOOR-SENSOR-001,SMART_DOOR_LOCK,READ,PASS,80.0,14.0,ALLOW,EXECUTED,65.325,76.853,0xe913654b876c5612e82f0c64e14e72915a451ab4cd7bf6f9acf32b63418fe2a5,31863,1245,Allowed by Smart Contract: High behavioral trust (80) and low contextual risk (14).,ALLOW,EXECUTED,True,EXP-NORMAL_ACCESS-1,2026-09-22T14:53:07.887944900
EXP8B-NORMAL_ACCESS-R2-1790068987519,2,NORMAL_ACCESS,2042,2,True,EXP-NORMAL_ACCESS-2,TV-001,SMART_TV,CONTROL,PASS,80.0,7.0,ALLOW,EXECUTED,62.54,73.577,0x8d3f39e976e837f9da9b640cb056047729729e1d2633f55f64152052ae7dbcb7,31863,1246,Allowed by Smart Contract: High behavioral trust (80) and low contextual risk (7).,ALLOW,EXECUTED,True,EXP-NORMAL_ACCESS-2,2026-09-22T14:53:07.961900900
EXP8B-NORMAL_ACCESS-R2-1790068987519,2,NORMAL_ACCESS,2042,3,True,EXP-NORMAL_ACCESS-3,LIGHT-001,SMART_LIGHT,CONTROL,PASS,80.0,0.0,ALLOW,EXECUTED,67.656,79.595,0xa4a5f60a6dc3f657c9a1ff586ed1a35c7e74180cfa2c9dea3713a9db924febd5,31863,1247,Allowed by Smart Contract: High behavioral trust (80) and low contextual risk (0).,ALLOW,EXECUTED,True,EXP-NORMAL_ACCESS-3,2026-09-22T14:53:08.041198600
EXP8B-NORMAL_ACCESS-R2-1790068987519,2,NORMAL_ACCESS,2042,4,True,EXP-NORMAL_ACCESS-4,AC-001,AIR_CONDITIONER,CONTROL,PASS,80.0,0.0,ALLOW,EXECUTED,64.729,76.152,0x1b8d4276c176c565667f5833da641d5942e54132b9114bfcc45c158c4d61de24,31863,1248,Allowed by Smart Contract: High behavioral trust (80) and low contextual risk (0).,ALLOW,EXECUTED,True,EXP-NORMAL_ACCESS-4,2026-09-22T14:53:08.117618500
EXP8B-NORMAL_ACCESS-R2-1790068987519,2,NORMAL_ACCESS,2042,5,True,EXP-NORMAL_ACCESS-5,THERMOSTAT-001,SMART_THERMOSTAT,CONTROL,PASS,80.0,0.0,ALLOW,EXECUTED,58.66,69.011,0x58750c75be3133068f2090293d93c48991c4c4d1870d8569e94a2e0fb5b60ce8,31863,1249,Allowed by Smart Contract: High behavioral trust (80) and low contextual risk (0).,ALLOW,EXECUTED,True,EXP-NORMAL_ACCESS-5,2026-09-22T14:53:08.186919300
EXP8B-NORMAL_ACCESS-R2-1790068987519,2,NORMAL_ACCESS,2042,6,True,EXP-NORMAL_ACCESS-6,THERMOSTAT-001,SMART_THERMOSTAT,CONTROL,PASS,80.0,0.0,ALLOW,EXECUTED,63.878,75.151,0xa7bec91db498d4b654099253c22770be7938157b6d394c129c745f7f7363f008,31863,1250,Allowed by Smart Contract: High behavioral trust (80) and low contextual risk (0).,ALLOW,EXECUTED,True,EXP-NORMAL_ACCESS-6,2026-09-22T14:53:08.261925600
EXP8B-NORMAL_ACCESS-R2-1790068987519,2,NORMAL_ACCESS,2042,7,True,EXP-NORMAL_ACCESS-7,AC-001,AIR_CONDITIONER,CONTROL,PASS,80.0,0.0,ALLOW,EXECUTED,112.297,132.115,0x1d6814dce473b96242155dbacda09bb34f7a7cc7865f7fb348e7ad6067da96f8,31863,1251,Allowed by Smart Contract: High behavioral trust (80) and low contextual risk (0).,ALLOW,EXECUTED,True,EXP-NORMAL_ACCESS-7,2026-09-22T14:53:08.394150200
EXP8B-NORMAL_ACCESS-R2-1790068987519,2,NORMAL_ACCESS,2042,8,True,EXP-NORMAL_ACCESS-8,THERMOSTAT-001,SMART_THERMOSTAT,CONTROL,PASS,80.0,0.0,ALLOW,EXECUTED,65.569,77.14,0xbdd9c4463402b3269b3cbaaf595780743e04e324a2ee28aecb5527986ded2610,31863,1252,Allowed by Smart Contract: High behavioral trust (80) and low contextual risk (0).,ALLOW,EXECUTED,True,EXP-NORMAL_ACCESS-8,2026-09-22T14:53:08.471401500
EXP8B-NORMAL_ACCESS-R2-1790068987519,2,NORMAL_ACCESS,2042,9,True,EXP-NORMAL_ACCESS-9,AC-001,AIR_CONDITIONER,CONTROL,PASS,80.0,0.0,ALLOW,EXECUTED,56.747,66.761,0xe8cdce3900df95d78d68c6caca0044713972d80ea9535a4315ca1e55964c461f,31863,1253,Allowed by Smart Contract: High behavioral trust (80) and low contextual risk (0).,ALLOW,EXECUTED,True,EXP-NORMAL_ACCESS-9,2026-09-22T14:53:08.538177600
EXP8B-NORMAL_ACCESS-R2-1790068987519,2,NORMAL_ACCESS,2042,1,False,EXP-NORMAL_ACCESS-0,LIGHT-001,SMART_LIGHT,CONTROL,PASS,80.0,0.0,ALLOW,EXECUTED,65.677,77.267,0x82f7f5454864293c651bd962b7c80d6f5b6332585d4047eaa1b802c855ad110e,31863,1254,Allowed by Smart Contract: High behavioral trust (80) and low contextual risk (0).,ALLOW,EXECUTED,True,EXP-NORMAL_ACCESS-0,2026-09-22T14:53:08.615582600
EXP8B-NORMAL_ACCESS-R2-1790068987519,2,NORMAL_ACCESS,2042,2,False,EXP-NORMAL_ACCESS-1,AC-001,AIR_CONDITIONER,CONTROL,PASS,80.0,0.0,ALLOW,EXECUTED,60.05,70.647,0xd2774f11e32d894aea57de4a08b1a7c9fd480cfad2c1f5cc83f6f6899828920d,31863,1255,Allowed by Smart Contract: High behavioral trust (80) and low contextual risk (0).,ALLOW,EXECUTED,True,EXP-NORMAL_ACCESS-1,2026-09-22T14:53:08.685879500
EXP8B-NORMAL_ACCESS-R2-1790068987519,2,NORMAL_ACCESS,2042,3,False,EXP-NORMAL_ACCESS-2,LIGHT-001,SMART_LIGHT,CONTROL,PASS,80.0,0.0,ALLOW,EXECUTED,64.952,76.414,0xe11ab8849c1bafd4d8d6f2c10229d0190838036b88a050f06bfbe754410d51dd,31863,1256,Allowed by Smart Contract: High behavioral trust (80) and low contextual risk (0).,ALLOW,EXECUTED,True,EXP-NORMAL_ACCESS-2,2026-09-22T14:53:08.763012100
EXP8B-NORMAL_ACCESS-R2-1790068987519,2,NORMAL_ACCESS,2042,4,False,EXP-NORMAL_ACCESS-3,AC-001,AIR_CONDITIONER,CONTROL,PASS,80.0,0.0,ALLOW,EXECUTED,58.704,69.063,0x533705d32c7ff51625ff4f5c4d7386efc2250ba154d6b71a44005ea8766caac0,31863,1257,Allowed by Smart Contract: High behavioral trust (80) and low contextual risk (0).,ALLOW,EXECUTED,True,EXP-NORMAL_ACCESS-3,2026-09-22T14:53:08.831484
EXP8B-NORMAL_ACCESS-R2-1790068987519,2,NORMAL_ACCESS,2042,5,False,EXP-NORMAL_ACCESS-4,TV-001,SMART_TV,CONTROL,PASS,80.0,7.0,ALLOW,EXECUTED,61.386,72.218,0xcca7d063ae7f50e1bd85f585be793bded089f54ac2558a45e49c7654e6853ba0,31863,1258,Allowed by Smart Contract: High behavioral trust (80) and low contextual risk (7).,ALLOW,EXECUTED,True,EXP-NORMAL_ACCESS-4,2026-09-22T14:53:08.904433
EXP8B-NORMAL_ACCESS-R2-1790068987519,2,NORMAL_ACCESS,2042,6,False,EXP-NORMAL_ACCESS-5,AC-001,AIR_CONDITIONER,CONTROL,PASS,80.0,0.0,ALLOW,EXECUTED,54.078,63.621,0xbeebefd1cdce4b902d225c8e68089c8f680cf3791c103ea12ff2846862e96afd,31863,1259,Allowed by Smart Contract: High behavioral trust (80) and low contextual risk (0).,ALLOW,EXECUTED,True,EXP-NORMAL_ACCESS-5,2026-09-22T14:53:08.968005100
EXP8B-NORMAL_ACCESS-R2-1790068987519,2,NORMAL_ACCESS,2042,7,False,EXP-NORMAL_ACCESS-6,LIGHT-001,SMART_LIGHT,CONTROL,PASS,80.0,0.0,ALLOW,EXECUTED,55.744,65.581,0x2b7307ce316daeb794af11461f571d0cbd338f7c658e0f05e690b85289c949cb,31863,1260,Allowed by Smart Contract: High behavioral trust (80) and low contextual risk (0).,ALLOW,EXECUTED,True,EXP-NORMAL_ACCESS-6,2026-09-22T14:53:09.033693900
EXP8B-NORMAL_ACCESS-R2-1790068987519,2,NORMAL_ACCESS,2042,8,False,EXP-NORMAL_ACCESS-7,LIGHT-001,SMART_LIGHT,CONTROL,PASS,80.0,0.0,ALLOW,EXECUTED,56.593,66.58,0xef0515a9c58ae710e1d7fb55c58405ad76326008d21fb600548ee9e9d045a015,31863,1261,Allowed by Smart Contract: High behavioral trust (80) and low contextual risk (0).,ALLOW,EXECUTED,True,EXP-NORMAL_ACCESS-7,2026-09-22T14:53:09.100271900
EXP8B-NORMAL_ACCESS-R2-1790068987519,2,NORMAL_ACCESS,2042,9,False,EXP-NORMAL_ACCESS-8,LIGHT-001,SMART_LIGHT,CONTROL,PASS,80.0,0.0,ALLOW,EXECUTED,54.009,63.54,0x6a9684b171fd96af1fffda30d6dda3a003c91e6639b9dc5c62c2dc47672bcbcc,31863,1262,Allowed by Smart Contract: High behavioral trust (80) and low contextual risk (0).,ALLOW,EXECUTED,True,EXP-NORMAL_ACCESS-8,2026-09-22T14:53:09.163613300
EXP8B-NORMAL_ACCESS-R2-1790068987519,2,NORMAL_ACCESS,2042,10,False,EXP-NORMAL_ACCESS-9,DOOR-SENSOR-001,SMART_DOOR_LOCK,READ,PASS,80.0,14.0,ALLOW,EXECUTED,43.786,51.513,0x6fc76bae66a928345f97eb6932f5e5c4d8eb3a2380711a1533d3ac9a7a0b24da,31863,1263,Allowed by Smart Contract: High behavioral trust (80) and low contextual risk (14).,ALLOW,EXECUTED,True,EXP-NORMAL_ACCESS-9,2026-09-22T14:53:09.215452900
EXP8B-NORMAL_ACCESS-R2-1790068987519,2,NORMAL_ACCESS,2042,11,False,EXP-NORMAL_ACCESS-10,AC-001,AIR_CONDITIONER,CONTROL,PASS,80.0,0.0,ALLOW,EXECUTED,45.816,53.901,0xa5781b0c1a68c2231a9bbf206c2ce2e071396ce452d33d5c25210e9c3100d92c,31863,1264,Allowed by Smart Contract: High behavioral trust (80) and low contextual risk (0).,ALLOW,EXECUTED,True,EXP-NORMAL_ACCESS-10,2026-09-22T14:53:09.269488900
EXP8B-NORMAL_ACCESS-R2-1790068987519,2,NORMAL_ACCESS,2042,12,False,EXP-NORMAL_ACCESS-11,DOOR-SENSOR-001,SMART_DOOR_LOCK,READ,PASS,80.0,14.0,ALLOW,EXECUTED,62.231,73.213,0x29ef8d283f7638f033ed7b2e940c038a7abda679a5f8f326711b5fdb0b3f16d0,31863,1265,Allowed by Smart Contract: High behavioral trust (80) and low contextual risk (14).,ALLOW,EXECUTED,True,EXP-NORMAL_ACCESS-11,2026-09-22T14:53:09.342676300
EXP8B-NORMAL_ACCESS-R2-1790068987519,2,NORMAL_ACCESS,2042,13,False,EXP-NORMAL_ACCESS-12,DOOR-SENSOR-001,SMART_DOOR_LOCK,READ,PASS,80.0,14.0,ALLOW,EXECUTED,68.325,80.382,0x489702bab24e5d830abd3fe8d23e440f3651ea903499c3ae6bbeb3a1539c5c52,31863,1266,Allowed by Smart Contract: High behavioral trust (80) and low contextual risk (14).,ALLOW,EXECUTED,True,EXP-NORMAL_ACCESS-12,2026-09-22T14:53:09.423075300
EXP8B-NORMAL_ACCESS-R2-1790068987519,2,NORMAL_ACCESS,2042,14,False,EXP-NORMAL_ACCESS-13,THERMOSTAT-001,SMART_THERMOSTAT,CONTROL,PASS,80.0,0.0,ALLOW,EXECUTED,61.516,72.372,0x0f6e252eb3311c1349b696a55e86f1c82a3740078d0a2adac7a788cac55b5f45,31863,1267,Allowed by Smart Contract: High behavioral trust (80) and low contextual risk (0).,ALLOW,EXECUTED,True,EXP-NORMAL_ACCESS-13,2026-09-22T14:53:09.495026900
EXP8B-NORMAL_ACCESS-R2-1790068987519,2,NORMAL_ACCESS,2042,15,False,EXP-NORMAL_ACCESS-14,LIGHT-001,SMART_LIGHT,CONTROL,PASS,80.0,0.0,ALLOW,EXECUTED,57.03,67.094,0x5bab449721eda218bb5ebbf8c3d7ea5b9ced1f0cdf699beca3cebc6682471930,31863,1268,Allowed by Smart Contract: High behavioral trust (80) and low contextual risk (0).,ALLOW,EXECUTED,True,EXP-NORMAL_ACCESS-14,2026-09-22T14:53:09.562733
EXP8B-NORMAL_ACCESS-R2-1790068987519,2,NORMAL_ACCESS,2042,16,False,EXP-NORMAL_ACCESS-15,AC-001,AIR_CONDITIONER,CONTROL,PASS,80.0,0.0,ALLOW,EXECUTED,55.349,65.116,0xaa401298e6862482c1f952adcd9bf262a92869d69439d459d30d107d32786654,31863,1269,Allowed by Smart Contract: High behavioral trust (80) and low contextual risk (0).,ALLOW,EXECUTED,True,EXP-NORMAL_ACCESS-15,2026-09-22T14:53:09.627512800
EXP8B-NORMAL_ACCESS-R2-1790068987519,2,NORMAL_ACCESS,2042,17,False,EXP-NORMAL_ACCESS-16,LIGHT-001,SMART_LIGHT,CONTROL,PASS,80.0,0.0,ALLOW,EXECUTED,64.297,75.644,0x01edb2cedfa48774151d8c826d437b33bb56053131a26320cb023f71352422d6,31863,1270,Allowed by Smart Contract: High behavioral trust (80) and low contextual risk (0).,ALLOW,EXECUTED,True,EXP-NORMAL_ACCESS-16,2026-09-22T14:53:09.703701900
EXP8B-NORMAL_ACCESS-R2-1790068987519,2,NORMAL_ACCESS,2042,18,False,EXP-NORMAL_ACCESS-17,AC-001,AIR_CONDITIONER,CONTROL,PASS,80.0,0.0,ALLOW,EXECUTED,60.264,70.899,0x366803932964e851208afc74985dd719723d7dfa5053bfd7da1e4da3400167be,31863,1271,Allowed by Smart Contract: High behavioral trust (80) and low contextual risk (0).,ALLOW,EXECUTED,True,EXP-NORMAL_ACCESS-17,2026-09-22T14:53:09.774346800
EXP8B-NORMAL_ACCESS-R2-1790068987519,2,NORMAL_ACCESS,2042,19,False,EXP-NORMAL_ACCESS-18,AC-001,AIR_CONDITIONER,CONTROL,PASS,80.0,0.0,ALLOW,EXECUTED,64.914,76.369,0x45c53680a3cd0f6a2f32c4ef3818110895ee18e5db13d2d571e3b6aa82b77a19,31863,1272,Allowed by Smart Contract: High behavioral trust (80) and low contextual risk (0).,ALLOW,EXECUTED,True,EXP-NORMAL_ACCESS-18,2026-09-22T14:53:09.850816100
EXP8B-NORMAL_ACCESS-R2-1790068987519,2,NORMAL_ACCESS,2042,20,False,EXP-NORMAL_ACCESS-19,LIGHT-001,SMART_LIGHT,CONTROL,PASS,80.0,0.0,ALLOW,EXECUTED,47.229,55.563,0x9e62194c27fbcc9ef883f20f48fc905a481c033d71df1717297df786a3026b24,31863,1273,Allowed by Smart Contract: High behavioral trust (80) and low contextual risk (0).,ALLOW,EXECUTED,True,EXP-NORMAL_ACCESS-19,2026-09-22T14:53:09.906174700
EXP8B-NORMAL_ACCESS-R2-1790068987519,2,NORMAL_ACCESS,2042,21,False,EXP-NORMAL_ACCESS-20,TV-001,SMART_TV,CONTROL,PASS,80.0,7.0,ALLOW,EXECUTED,49.378,58.092,0x04a8f0e3b6b063e404b83cf96523524ef9d6dfe13d9903bf794b7b6410739b48,31863,1274,Allowed by Smart Contract: High behavioral trust (80) and low contextual risk (7).,ALLOW,EXECUTED,True,EXP-NORMAL_ACCESS-20,2026-09-22T14:53:09.964684300
EXP8B-NORMAL_ACCESS-R2-1790068987519,2,NORMAL_ACCESS,2042,22,False,EXP-NORMAL_ACCESS-21,DOOR-SENSOR-001,SMART_DOOR_LOCK,READ,PASS,80.0,14.0,ALLOW,EXECUTED,56.778,66.798,0xad4c797c24fb19d4fc91e53b06a4c731508853969f5c077f3cd9b7c00e77a398,31863,1275,Allowed by Smart Contract: High behavioral trust (80) and low contextual risk (14).,ALLOW,EXECUTED,True,EXP-NORMAL_ACCESS-21,2026-09-22T14:53:10.031480200
EXP8B-NORMAL_ACCESS-R2-1790068987519,2,NORMAL_ACCESS,2042,23,False,EXP-NORMAL_ACCESS-22,THERMOSTAT-001,SMART_THERMOSTAT,CONTROL,PASS,80.0,0.0,ALLOW,EXECUTED,59.058,69.481,0x33480b73f927c26ee841f517f5cda0cb0289b7b6e50011eabf7f0c83c8f59d21,31863,1276,Allowed by Smart Contract: High behavioral trust (80) and low contextual risk (0).,ALLOW,EXECUTED,True,EXP-NORMAL_ACCESS-22,2026-09-22T14:53:10.101166800
EXP8B-NORMAL_ACCESS-R2-1790068987519,2,NORMAL_ACCESS,2042,24,False,EXP-NORMAL_ACCESS-23,THERMOSTAT-001,SMART_THERMOSTAT,CONTROL,PASS,80.0,0.0,ALLOW,EXECUTED,55.701,65.53,0xb4419554f0ddb073dd9fceed97e8bbed7eb19eb3c39aae3a10d80c224077053c,31863,1277,Allowed by Smart Contract: High behavioral trust (80) and low contextual risk (0).,ALLOW,EXECUTED,True,EXP-NORMAL_ACCESS-23,2026-09-22T14:53:10.166587400
EXP8B-NORMAL_ACCESS-R2-1790068987519,2,NORMAL_ACCESS,2042,25,False,EXP-NORMAL_ACCESS-24,TV-001,SMART_TV,CONTROL,PASS,80.0,7.0,ALLOW,EXECUTED,47.7,56.118,0x4e2de87a627ebbe11067413eece509bab8f480515d40e3e65d52e3d2ef2142e4,31863,1278,Allowed by Smart Contract: High behavioral trust (80) and low contextual risk (7).,ALLOW,EXECUTED,True,EXP-NORMAL_ACCESS-24,2026-09-22T14:53:10.222472200
EXP8B-NORMAL_ACCESS-R2-1790068987519,2,NORMAL_ACCESS,2042,26,False,EXP-NORMAL_ACCESS-25,AC-001,AIR_CONDITIONER,CONTROL,PASS,80.0,0.0,ALLOW,EXECUTED,46.916,55.195,0xa50a29dfff60cac7ddb8acd224fb541c9d47f1996b6437288f70638007fd9d0c,31863,1279,Allowed by Smart Contract: High behavioral trust (80) and low contextual risk (0).,ALLOW,EXECUTED,True,EXP-NORMAL_ACCESS-25,2026-09-22T14:53:10.277864400
EXP8B-NORMAL_ACCESS-R2-1790068987519,2,NORMAL_ACCESS,2042,27,False,EXP-NORMAL_ACCESS-26,TV-001,SMART_TV,CONTROL,PASS,80.0,7.0,ALLOW,EXECUTED,51.856,61.007,0xfdbe5dffa708ad197d7b4350a13f30468164d99d749229ab1e153e9111970e54,31863,1280,Allowed by Smart Contract: High behavioral trust (80) and low contextual risk (7).,ALLOW,EXECUTED,True,EXP-NORMAL_ACCESS-26,2026-09-22T14:53:10.339023800
EXP8B-NORMAL_ACCESS-R2-1790068987519,2,NORMAL_ACCESS,2042,28,False,EXP-NORMAL_ACCESS-27,DOOR-SENSOR-001,SMART_DOOR_LOCK,READ,PASS,80.0,14.0,ALLOW,EXECUTED,56.152,66.061,0x313ad2ea9920d36d59f3a45ade3c0cf4187d12b3822365a14a4d33f85bb46c11,31863,1281,Allowed by Smart Contract: High behavioral trust (80) and low contextual risk (14).,ALLOW,EXECUTED,True,EXP-NORMAL_ACCESS-27,2026-09-22T14:53:10.405241200
EXP8B-NORMAL_ACCESS-R2-1790068987519,2,NORMAL_ACCESS,2042,29,False,EXP-NORMAL_ACCESS-28,TV-001,SMART_TV,CONTROL,PASS,80.0,7.0,ALLOW,EXECUTED,50.195,59.053,0xc6e2f65b51e5320800ca1e01b1be7d5d00aa426d4eb802a0ffa176be33a887dd,31863,1282,Allowed by Smart Contract: High behavioral trust (80) and low contextual risk (7).,ALLOW,EXECUTED,True,EXP-NORMAL_ACCESS-28,2026-09-22T14:53:10.464340800
EXP8B-NORMAL_ACCESS-R2-1790068987519,2,NORMAL_ACCESS,2042,30,False,EXP-NORMAL_ACCESS-29,AC-001,AIR_CONDITIONER,CONTROL,PASS,80.0,0.0,ALLOW,EXECUTED,44.134,51.923,0xacdac7b78dca3ad8ad077aa2ac0510cc73d4aa8295c0c614b80814f9ccebbbed,31863,1283,Allowed by Smart Contract: High behavioral trust (80) and low contextual risk (0).,ALLOW,EXECUTED,True,EXP-NORMAL_ACCESS-29,2026-09-22T14:53:10.516112600
EXP8B-NORMAL_ACCESS-R3-1790068990602,3,NORMAL_ACCESS,3042,0,True,EXP-NORMAL_ACCESS-0,TV-001,SMART_TV,CONTROL,PASS,80.0,7.0,ALLOW,EXECUTED,53.007,62.361,0x43bb56ec59c906334d1cbc23dd1de958d51f1094f586d1e2c61fef6cc27a4d29,31863,1284,Allowed by Smart Contract: High behavioral trust (80) and low contextual risk (7).,ALLOW,EXECUTED,True,EXP-NORMAL_ACCESS-0,2026-09-22T14:53:10.887728800
EXP8B-NORMAL_ACCESS-R3-1790068990602,3,NORMAL_ACCESS,3042,1,True,EXP-NORMAL_ACCESS-1,THERMOSTAT-001,SMART_THERMOSTAT,CONTROL,PASS,80.0,0.0,ALLOW,EXECUTED,48.272,56.79,0xbc5f716e175fe90c900e508aa3e2bab46d87b5f38a591bde3fcdffa9ad1599c0,31863,1285,Allowed by Smart Contract: High behavioral trust (80) and low contextual risk (0).,ALLOW,EXECUTED,True,EXP-NORMAL_ACCESS-1,2026-09-22T14:53:10.944679900
EXP8B-NORMAL_ACCESS-R3-1790068990602,3,NORMAL_ACCESS,3042,2,True,EXP-NORMAL_ACCESS-2,AC-001,AIR_CONDITIONER,CONTROL,PASS,80.0,0.0,ALLOW,EXECUTED,48.426,56.972,0xae7ad4e714b6f8e4c6ce7e166517f2e9f6e319e7d36437e0884b0954922925f7,31863,1286,Allowed by Smart Contract: High behavioral trust (80) and low contextual risk (0).,ALLOW,EXECUTED,True,EXP-NORMAL_ACCESS-2,2026-09-22T14:53:11.002309700
EXP8B-NORMAL_ACCESS-R3-1790068990602,3,NORMAL_ACCESS,3042,3,True,EXP-NORMAL_ACCESS-3,DOOR-SENSOR-001,SMART_DOOR_LOCK,READ,PASS,80.0,14.0,ALLOW,EXECUTED,50.2,59.059,0xf9f680e7ab776e7b76e94d75541eb8bd9f1e64016bbc0385d09844b626265368,31863,1287,Allowed by Smart Contract: High behavioral trust (80) and low contextual risk (14).,ALLOW,EXECUTED,True,EXP-NORMAL_ACCESS-3,2026-09-22T14:53:11.061129900
EXP8B-NORMAL_ACCESS-R3-1790068990602,3,NORMAL_ACCESS,3042,4,True,EXP-NORMAL_ACCESS-4,AC-001,AIR_CONDITIONER,CONTROL,PASS,80.0,0.0,ALLOW,EXECUTED,51.406,60.477,0x95207cb3d87d55e5fc85f608afd3bbbdaf30281c02e14fba1b885c083f0d2bac,31863,1288,Allowed by Smart Contract: High behavioral trust (80) and low contextual risk (0).,ALLOW,EXECUTED,True,EXP-NORMAL_ACCESS-4,2026-09-22T14:53:11.121797600
EXP8B-NORMAL_ACCESS-R3-1790068990602,3,NORMAL_ACCESS,3042,5,True,EXP-NORMAL_ACCESS-5,DOOR-SENSOR-001,SMART_DOOR_LOCK,READ,PASS,80.0,14.0,ALLOW,EXECUTED,49.274,57.97,0x92f63abdb91819cdfc5f0495275156e35a0ca44bae3906f457b82d0806384341,31863,1289,Allowed by Smart Contract: High behavioral trust (80) and low contextual risk (14).,ALLOW,EXECUTED,True,EXP-NORMAL_ACCESS-5,2026-09-22T14:53:11.179710
EXP8B-NORMAL_ACCESS-R3-1790068990602,3,NORMAL_ACCESS,3042,6,True,EXP-NORMAL_ACCESS-6,TV-001,SMART_TV,CONTROL,PASS,80.0,7.0,ALLOW,EXECUTED,46.303,54.474,0x01f2664f0dcaeb53a82c5cb228ec075dbb226d1b5134902d90af146606227d7a,31863,1290,Allowed by Smart Contract: High behavioral trust (80) and low contextual risk (7).,ALLOW,EXECUTED,True,EXP-NORMAL_ACCESS-6,2026-09-22T14:53:11.234341500
EXP8B-NORMAL_ACCESS-R3-1790068990602,3,NORMAL_ACCESS,3042,7,True,EXP-NORMAL_ACCESS-7,DOOR-SENSOR-001,SMART_DOOR_LOCK,READ,PASS,80.0,14.0,ALLOW,EXECUTED,46.763,55.015,0x09848f639244e5ba8eb9ac722dfd36e6df75e37c5df26ceab160bfdf44337b6a,31863,1291,Allowed by Smart Contract: High behavioral trust (80) and low contextual risk (14).,ALLOW,EXECUTED,True,EXP-NORMAL_ACCESS-7,2026-09-22T14:53:11.289396300
EXP8B-NORMAL_ACCESS-R3-1790068990602,3,NORMAL_ACCESS,3042,8,True,EXP-NORMAL_ACCESS-8,TV-001,SMART_TV,CONTROL,PASS,80.0,7.0,ALLOW,EXECUTED,48.947,57.585,0x08b824fc1eb1733380e4d4f13ba231e3443b1d327eaafd40c6f03e97fce401ce,31863,1292,Allowed by Smart Contract: High behavioral trust (80) and low contextual risk (7).,ALLOW,EXECUTED,True,EXP-NORMAL_ACCESS-8,2026-09-22T14:53:11.347068200
EXP8B-NORMAL_ACCESS-R3-1790068990602,3,NORMAL_ACCESS,3042,9,True,EXP-NORMAL_ACCESS-9,THERMOSTAT-001,SMART_THERMOSTAT,CONTROL,PASS,80.0,0.0,ALLOW,EXECUTED,46.71,54.953,0xa115aa00fc83dc1e98f8645713078e0f66dbfd2b59d6ac2ef2f048698fd6ff30,31863,1293,Allowed by Smart Contract: High behavioral trust (80) and low contextual risk (0).,ALLOW,EXECUTED,True,EXP-NORMAL_ACCESS-9,2026-09-22T14:53:11.402003500
EXP8B-NORMAL_ACCESS-R3-1790068990602,3,NORMAL_ACCESS,3042,1,False,EXP-NORMAL_ACCESS-0,LIGHT-001,SMART_LIGHT,CONTROL,PASS,80.0,0.0,ALLOW,EXECUTED,43.306,50.949,0x3b266cee5dc763ec4e5592e1eeea96b50f7ff92e6c13c8cdbcff4f2c61579455,31863,1294,Allowed by Smart Contract: High behavioral trust (80) and low contextual risk (0).,ALLOW,EXECUTED,True,EXP-NORMAL_ACCESS-0,2026-09-22T14:53:11.453241700
EXP8B-NORMAL_ACCESS-R3-1790068990602,3,NORMAL_ACCESS,3042,2,False,EXP-NORMAL_ACCESS-1,LIGHT-001,SMART_LIGHT,CONTROL,PASS,80.0,0.0,ALLOW,EXECUTED,51.635,60.747,0x6fafad4bd9e7dfa6be7c6ef46c448ee77f0832077d317d4208fb9d21e6ea650b,31863,1295,Allowed by Smart Contract: High behavioral trust (80) and low contextual risk (0).,ALLOW,EXECUTED,True,EXP-NORMAL_ACCESS-1,2026-09-22T14:53:11.514126500
EXP8B-NORMAL_ACCESS-R3-1790068990602,3,NORMAL_ACCESS,3042,3,False,EXP-NORMAL_ACCESS-2,THERMOSTAT-001,SMART_THERMOSTAT,CONTROL,PASS,80.0,0.0,ALLOW,EXECUTED,53.351,62.766,0x9126e5f77aea6a5896f169042cb7af9ad0b5302702f77f9ec2fbbf3b41efd05a,31863,1296,Allowed by Smart Contract: High behavioral trust (80) and low contextual risk (0).,ALLOW,EXECUTED,True,EXP-NORMAL_ACCESS-2,2026-09-22T14:53:11.576852
EXP8B-NORMAL_ACCESS-R3-1790068990602,3,NORMAL_ACCESS,3042,4,False,EXP-NORMAL_ACCESS-3,THERMOSTAT-001,SMART_THERMOSTAT,CONTROL,PASS,80.0,0.0,ALLOW,EXECUTED,49.256,57.949,0x9d1f8a1e0a3aa4015d2273d8c6a713fe2a74e9f452d90b446410c5c241b20b02,31863,1297,Allowed by Smart Contract: High behavioral trust (80) and low contextual risk (0).,ALLOW,EXECUTED,True,EXP-NORMAL_ACCESS-3,2026-09-22T14:53:11.633129400
EXP8B-NORMAL_ACCESS-R3-1790068990602,3,NORMAL_ACCESS,3042,5,False,EXP-NORMAL_ACCESS-4,AC-001,AIR_CONDITIONER,CONTROL,PASS,80.0,0.0,ALLOW,EXECUTED,52.174,61.382,0x4dfb07fbfb7de4724621694bd31acf303a3106c2283a9d050a185f5f7dc8c2c4,31863,1298,Allowed by Smart Contract: High behavioral trust (80) and low contextual risk (0).,ALLOW,EXECUTED,True,EXP-NORMAL_ACCESS-4,2026-09-22T14:53:11.696446700
EXP8B-NORMAL_ACCESS-R3-1790068990602,3,NORMAL_ACCESS,3042,6,False,EXP-NORMAL_ACCESS-5,DOOR-SENSOR-001,SMART_DOOR_LOCK,READ,PASS,80.0,14.0,ALLOW,EXECUTED,69.896,82.231,0x600d5a560edc20051c098c0197722008c68ef842084d24c4569dadb951d64c9b,31863,1299,Allowed by Smart Contract: High behavioral trust (80) and low contextual risk (14).,ALLOW,EXECUTED,True,EXP-NORMAL_ACCESS-5,2026-09-22T14:53:11.778470700
EXP8B-NORMAL_ACCESS-R3-1790068990602,3,NORMAL_ACCESS,3042,7,False,EXP-NORMAL_ACCESS-6,LIGHT-001,SMART_LIGHT,CONTROL,PASS,80.0,0.0,ALLOW,EXECUTED,216.713,254.956,0xa5b9b443272c809e5625ca115651f2fcf98287ee118269823d88af83a90893c8,31863,1300,Allowed by Smart Contract: High behavioral trust (80) and low contextual risk (0).,ALLOW,EXECUTED,True,EXP-NORMAL_ACCESS-6,2026-09-22T14:53:12.033656100
EXP8B-NORMAL_ACCESS-R3-1790068990602,3,NORMAL_ACCESS,3042,8,False,EXP-NORMAL_ACCESS-7,THERMOSTAT-001,SMART_THERMOSTAT,CONTROL,PASS,80.0,0.0,ALLOW,EXECUTED,165.28,194.447,0xefd319fea249cc212dcb0f75d55dea50d94cd171aa3d7a1e86d3cf41823ae8ba,31863,1301,Allowed by Smart Contract: High behavioral trust (80) and low contextual risk (0).,ALLOW,EXECUTED,True,EXP-NORMAL_ACCESS-7,2026-09-22T14:53:12.227878400
EXP8B-NORMAL_ACCESS-R3-1790068990602,3,NORMAL_ACCESS,3042,9,False,EXP-NORMAL_ACCESS-8,DOOR-SENSOR-001,SMART_DOOR_LOCK,READ,PASS,80.0,14.0,ALLOW,EXECUTED,52.378,61.621,0x5072f5fb32e4bfd0724100b9a94e210f2e8ab9f71bd99a28cd3581934f88f4da,31863,1302,Allowed by Smart Contract: High behavioral trust (80) and low contextual risk (14).,ALLOW,EXECUTED,True,EXP-NORMAL_ACCESS-8,2026-09-22T14:53:12.289746800
EXP8B-NORMAL_ACCESS-R3-1790068990602,3,NORMAL_ACCESS,3042,10,False,EXP-NORMAL_ACCESS-9,TV-001,SMART_TV,CONTROL,PASS,80.0,7.0,ALLOW,EXECUTED,58.341,68.636,0xcb431f3dc6cd46efb2089fe5667a38d88151b9d6b1b6d86be41b0f07bbf63d85,31863,1303,Allowed by Smart Contract: High behavioral trust (80) and low contextual risk (7).,ALLOW,EXECUTED,True,EXP-NORMAL_ACCESS-9,2026-09-22T14:53:12.358588300
EXP8B-NORMAL_ACCESS-R3-1790068990602,3,NORMAL_ACCESS,3042,11,False,EXP-NORMAL_ACCESS-10,THERMOSTAT-001,SMART_THERMOSTAT,CONTROL,PASS,80.0,0.0,ALLOW,EXECUTED,67.363,79.251,0xca154b731bfd05965efbe3d7ed118b780c1839a1f764db185f5f7d08531a757e,31863,1304,Allowed by Smart Contract: High behavioral trust (80) and low contextual risk (0).,ALLOW,EXECUTED,True,EXP-NORMAL_ACCESS-10,2026-09-22T14:53:12.437948200
EXP8B-NORMAL_ACCESS-R3-1790068990602,3,NORMAL_ACCESS,3042,12,False,EXP-NORMAL_ACCESS-11,AC-001,AIR_CONDITIONER,CONTROL,PASS,80.0,0.0,ALLOW,EXECUTED,60.138,70.751,0x2a9e518d4cdaa65d7489f7808555385ffe15647db562c84aafa1428f397a9a29,31863,1305,Allowed by Smart Contract: High behavioral trust (80) and low contextual risk (0).,ALLOW,EXECUTED,True,EXP-NORMAL_ACCESS-11,2026-09-22T14:53:12.508416800
EXP8B-NORMAL_ACCESS-R3-1790068990602,3,NORMAL_ACCESS,3042,13,False,EXP-NORMAL_ACCESS-12,THERMOSTAT-001,SMART_THERMOSTAT,CONTROL,PASS,80.0,0.0,ALLOW,EXECUTED,59.169,69.611,0x2b1de669de2ac3023d388ae6a59eb40d3e9031a5156bddf4d175a063d80e069b,31863,1306,Allowed by Smart Contract: High behavioral trust (80) and low contextual risk (0).,ALLOW,EXECUTED,True,EXP-NORMAL_ACCESS-12,2026-09-22T14:53:12.577956700
EXP8B-NORMAL_ACCESS-R3-1790068990602,3,NORMAL_ACCESS,3042,14,False,EXP-NORMAL_ACCESS-13,DOOR-SENSOR-001,SMART_DOOR_LOCK,READ,PASS,80.0,14.0,ALLOW,EXECUTED,61.419,72.258,0x9211693d29d902f99a84184652054efc45c9ba13cb9643e8beb350ca74135378,31863,1307,Allowed by Smart Contract: High behavioral trust (80) and low contextual risk (14).,ALLOW,EXECUTED,True,EXP-NORMAL_ACCESS-13,2026-09-22T14:53:12.650162200
EXP8B-NORMAL_ACCESS-R3-1790068990602,3,NORMAL_ACCESS,3042,15,False,EXP-NORMAL_ACCESS-14,THERMOSTAT-001,SMART_THERMOSTAT,CONTROL,PASS,80.0,0.0,ALLOW,EXECUTED,58.73,69.094,0xf22fd70522505ed9021c24b726f0b7d8050c3208a9847169bac66edc90b3443d,31863,1308,Allowed by Smart Contract: High behavioral trust (80) and low contextual risk (0).,ALLOW,EXECUTED,True,EXP-NORMAL_ACCESS-14,2026-09-22T14:53:12.719726700
EXP8B-NORMAL_ACCESS-R3-1790068990602,3,NORMAL_ACCESS,3042,16,False,EXP-NORMAL_ACCESS-15,AC-001,AIR_CONDITIONER,CONTROL,PASS,80.0,0.0,ALLOW,EXECUTED,63.566,74.784,0x24a5d39f6569a85d3fcb39e93e07e7a477994885ba2d10ef71351566fb001c57,31863,1309,Allowed by Smart Contract: High behavioral trust (80) and low contextual risk (0).,ALLOW,EXECUTED,True,EXP-NORMAL_ACCESS-15,2026-09-22T14:53:12.794493800
EXP8B-NORMAL_ACCESS-R3-1790068990602,3,NORMAL_ACCESS,3042,17,False,EXP-NORMAL_ACCESS-16,TV-001,SMART_TV,CONTROL,PASS,80.0,7.0,ALLOW,EXECUTED,64.947,76.409,0xdb44e8eae590db2a9079ef47e0f17464c7927c9aa43a4a29a129f08144d975c7,31863,1310,Allowed by Smart Contract: High behavioral trust (80) and low contextual risk (7).,ALLOW,EXECUTED,True,EXP-NORMAL_ACCESS-16,2026-09-22T14:53:12.870750800
EXP8B-NORMAL_ACCESS-R3-1790068990602,3,NORMAL_ACCESS,3042,18,False,EXP-NORMAL_ACCESS-17,THERMOSTAT-001,SMART_THERMOSTAT,CONTROL,PASS,80.0,0.0,ALLOW,EXECUTED,62.835,73.924,0xe595360471cc53f37b6b0b895adf264dd5d77e74c469c6e52c71d539fc7db0f8,31863,1311,Allowed by Smart Contract: High behavioral trust (80) and low contextual risk (0).,ALLOW,EXECUTED,True,EXP-NORMAL_ACCESS-17,2026-09-22T14:53:12.944665200
EXP8B-NORMAL_ACCESS-R3-1790068990602,3,NORMAL_ACCESS,3042,19,False,EXP-NORMAL_ACCESS-18,TV-001,SMART_TV,CONTROL,PASS,80.0,7.0,ALLOW,EXECUTED,58.843,69.227,0x7fbb5c57bf7c6391e70ffa0f2788b5fc7147b1f7ed006ce5ea205a75541185b5,31863,1312,Allowed by Smart Contract: High behavioral trust (80) and low contextual risk (7).,ALLOW,EXECUTED,True,EXP-NORMAL_ACCESS-18,2026-09-22T14:53:13.013981400
EXP8B-NORMAL_ACCESS-R3-1790068990602,3,NORMAL_ACCESS,3042,20,False,EXP-NORMAL_ACCESS-19,AC-001,AIR_CONDITIONER,CONTROL,PASS,80.0,0.0,ALLOW,EXECUTED,66.574,78.322,0x0689d5ce2507d975d0849dcb66fdcf51a1e8d52cde255cfbc0294b3eff548ff2,31863,1313,Allowed by Smart Contract: High behavioral trust (80) and low contextual risk (0).,ALLOW,EXECUTED,True,EXP-NORMAL_ACCESS-19,2026-09-22T14:53:13.092653200
EXP8B-NORMAL_ACCESS-R3-1790068990602,3,NORMAL_ACCESS,3042,21,False,EXP-NORMAL_ACCESS-20,TV-001,SMART_TV,CONTROL,PASS,80.0,7.0,ALLOW,EXECUTED,57.142,67.226,0xe60ccdae0f7cb18361456931cecdb172259116d6b7e789ec0543b29dc8429dea,31863,1314,Allowed by Smart Contract: High behavioral trust (80) and low contextual risk (7).,ALLOW,EXECUTED,True,EXP-NORMAL_ACCESS-20,2026-09-22T14:53:13.160048300
EXP8B-NORMAL_ACCESS-R3-1790068990602,3,NORMAL_ACCESS,3042,22,False,EXP-NORMAL_ACCESS-21,AC-001,AIR_CONDITIONER,CONTROL,PASS,80.0,0.0,ALLOW,EXECUTED,68.825,80.97,0x180ea5b3b3c16ba52e6c1f10e33ce24ce4ccc507aeb7c2301de3c59594a27d54,31863,1315,Allowed by Smart Contract: High behavioral trust (80) and low contextual risk (0).,ALLOW,EXECUTED,True,EXP-NORMAL_ACCESS-21,2026-09-22T14:53:13.240958100
EXP8B-NORMAL_ACCESS-R3-1790068990602,3,NORMAL_ACCESS,3042,23,False,EXP-NORMAL_ACCESS-22,TV-001,SMART_TV,CONTROL,PASS,80.0,7.0,ALLOW,EXECUTED,60.177,70.797,0x737bfe342b81c81e19c462606287072f099c58776ef3afbf8682d23d5509233a,31863,1316,Allowed by Smart Contract: High behavioral trust (80) and low contextual risk (7).,ALLOW,EXECUTED,True,EXP-NORMAL_ACCESS-22,2026-09-22T14:53:13.311547300
EXP8B-NORMAL_ACCESS-R3-1790068990602,3,NORMAL_ACCESS,3042,24,False,EXP-NORMAL_ACCESS-23,AC-001,AIR_CONDITIONER,CONTROL,PASS,80.0,0.0,ALLOW,EXECUTED,75.372,88.673,0xaee024105b9983b7aac8bd772a3b0b7257e872ecc1f5f1526b4efb69503129c1,31863,1317,Allowed by Smart Contract: High behavioral trust (80) and low contextual risk (0).,ALLOW,EXECUTED,True,EXP-NORMAL_ACCESS-23,2026-09-22T14:53:13.400387600
EXP8B-NORMAL_ACCESS-R3-1790068990602,3,NORMAL_ACCESS,3042,25,False,EXP-NORMAL_ACCESS-24,DOOR-SENSOR-001,SMART_DOOR_LOCK,READ,PASS,80.0,14.0,ALLOW,EXECUTED,60.064,70.664,0x68403516d613f79f4143c4fa02a0916e0c77c0cc1f3c120d2132c1e31768e5ae,31863,1318,Allowed by Smart Contract: High behavioral trust (80) and low contextual risk (14).,ALLOW,EXECUTED,True,EXP-NORMAL_ACCESS-24,2026-09-22T14:53:13.471033400
EXP8B-NORMAL_ACCESS-R3-1790068990602,3,NORMAL_ACCESS,3042,26,False,EXP-NORMAL_ACCESS-25,TV-001,SMART_TV,CONTROL,PASS,80.0,7.0,ALLOW,EXECUTED,61.454,72.299,0x455aa08b73c9bd25eb778c7869d751a952273116829bfcf4f2f1833f1d0aa4ca,31863,1319,Allowed by Smart Contract: High behavioral trust (80) and low contextual risk (7).,ALLOW,EXECUTED,True,EXP-NORMAL_ACCESS-25,2026-09-22T14:53:13.543944100
EXP8B-NORMAL_ACCESS-R3-1790068990602,3,NORMAL_ACCESS,3042,27,False,EXP-NORMAL_ACCESS-26,LIGHT-001,SMART_LIGHT,CONTROL,PASS,80.0,0.0,ALLOW,EXECUTED,53.964,63.487,0x7eb0cb80fa30ac97fbf7e34740603e13218f86d69f7224d39507fc6025506a8b,31863,1320,Allowed by Smart Contract: High behavioral trust (80) and low contextual risk (0).,ALLOW,EXECUTED,True,EXP-NORMAL_ACCESS-26,2026-09-22T14:53:13.607109200
EXP8B-NORMAL_ACCESS-R3-1790068990602,3,NORMAL_ACCESS,3042,28,False,EXP-NORMAL_ACCESS-27,DOOR-SENSOR-001,SMART_DOOR_LOCK,READ,PASS,80.0,14.0,ALLOW,EXECUTED,55.514,65.311,0x192831050fec1e1770c7ee37b585fc0cb45b0973eeacdf109479966a686c6455,31863,1321,Allowed by Smart Contract: High behavioral trust (80) and low contextual risk (14).,ALLOW,EXECUTED,True,EXP-NORMAL_ACCESS-27,2026-09-22T14:53:13.672508600
EXP8B-NORMAL_ACCESS-R3-1790068990602,3,NORMAL_ACCESS,3042,29,False,EXP-NORMAL_ACCESS-28,AC-001,AIR_CONDITIONER,CONTROL,PASS,80.0,0.0,ALLOW,EXECUTED,66.565,78.312,0x2e151659eaf6d1521ddb8a5b69066151e71f9252171e7a0af2dbd8123a049323,31863,1322,Allowed by Smart Contract: High behavioral trust (80) and low contextual risk (0).,ALLOW,EXECUTED,True,EXP-NORMAL_ACCESS-28,2026-09-22T14:53:13.751155300
EXP8B-NORMAL_ACCESS-R3-1790068990602,3,NORMAL_ACCESS,3042,30,False,EXP-NORMAL_ACCESS-29,DOOR-SENSOR-001,SMART_DOOR_LOCK,READ,PASS,80.0,14.0,ALLOW,EXECUTED,64.173,75.498,0x48e3d22ff38ffe189cb2b58fd8022468313d5e07bd5922f3cc3b7461793bcd4b,31863,1323,Allowed by Smart Contract: High behavioral trust (80) and low contextual risk (14).,ALLOW,EXECUTED,True,EXP-NORMAL_ACCESS-29,2026-09-22T14:53:13.826237400
EXP8B-RESTRICT_ACCESS-R1-1790068993949,1,RESTRICT_ACCESS,1142,0,True,EXP-RESTRICT_ACCESS-0,DOOR-SENSOR-001,SMART_DOOR_LOCK,CONTROL,PASS,80.0,36.3,RESTRICT,DOWNGRADED,68.236,80.278,0x51a040b74b8071d2f44c6f3578890f751686ec9d62a243b46539b3918697ad5f,31863,1324,Restricted by Smart Contract: Adaptive authorization enforced for intermediate trust (80) or moderate risk (36).,RESTRICT,DOWNGRADED,True,EXP-RESTRICT_ACCESS-0,2026-09-22T14:53:14.284458300
EXP8B-RESTRICT_ACCESS-R1-1790068993949,1,RESTRICT_ACCESS,1142,1,True,EXP-RESTRICT_ACCESS-1,DOOR-SENSOR-001,SMART_DOOR_LOCK,CONTROL,PASS,80.0,36.3,RESTRICT,DOWNGRADED,49.61,58.365,0x80955f75237271bf52934bf0f014e1648ed2a0524e21d58b1d6a8ebb77a19519,31863,1325,Restricted by Smart Contract: Adaptive authorization enforced for intermediate trust (80) or moderate risk (36).,RESTRICT,DOWNGRADED,True,EXP-RESTRICT_ACCESS-1,2026-09-22T14:53:14.343064900
EXP8B-RESTRICT_ACCESS-R1-1790068993949,1,RESTRICT_ACCESS,1142,2,True,EXP-RESTRICT_ACCESS-2,DOOR-SENSOR-001,SMART_DOOR_LOCK,CONTROL,PASS,80.0,36.3,RESTRICT,DOWNGRADED,49.246,57.936,0xfe2b55581f69af60010970367201474ea8007a38d909ce0dfd4a32566c85f2dd,31863,1326,Restricted by Smart Contract: Adaptive authorization enforced for intermediate trust (80) or moderate risk (36).,RESTRICT,DOWNGRADED,True,EXP-RESTRICT_ACCESS-2,2026-09-22T14:53:14.400602200
EXP8B-RESTRICT_ACCESS-R1-1790068993949,1,RESTRICT_ACCESS,1142,3,True,EXP-RESTRICT_ACCESS-3,DOOR-SENSOR-001,SMART_DOOR_LOCK,CONTROL,PASS,80.0,36.3,RESTRICT,DOWNGRADED,47.377,55.738,0x8d39def63b4a40c89fa2821a57c7a5f1f04485510f1cc08285361056a19e377c,31863,1327,Restricted by Smart Contract: Adaptive authorization enforced for intermediate trust (80) or moderate risk (36).,RESTRICT,DOWNGRADED,True,EXP-RESTRICT_ACCESS-3,2026-09-22T14:53:14.456841700
EXP8B-RESTRICT_ACCESS-R1-1790068993949,1,RESTRICT_ACCESS,1142,4,True,EXP-RESTRICT_ACCESS-4,DOOR-SENSOR-001,SMART_DOOR_LOCK,CONTROL,PASS,80.0,36.3,RESTRICT,DOWNGRADED,50.0,58.824,0x322a9f48d3e800fc6b8bf5f85c8bbb6517a7048c5b0735c10cf3ba84ca957852,31863,1328,Restricted by Smart Contract: Adaptive authorization enforced for intermediate trust (80) or moderate risk (36).,RESTRICT,DOWNGRADED,True,EXP-RESTRICT_ACCESS-4,2026-09-22T14:53:14.515438700
EXP8B-RESTRICT_ACCESS-R1-1790068993949,1,RESTRICT_ACCESS,1142,5,True,EXP-RESTRICT_ACCESS-5,DOOR-SENSOR-001,SMART_DOOR_LOCK,CONTROL,PASS,80.0,36.3,RESTRICT,DOWNGRADED,44.782,52.685,0x53b6b25d3a276055abb7eeb06c4c10d2a38cb0635618b0f86146582de877ff23,31863,1329,Restricted by Smart Contract: Adaptive authorization enforced for intermediate trust (80) or moderate risk (36).,RESTRICT,DOWNGRADED,True,EXP-RESTRICT_ACCESS-5,2026-09-22T14:53:14.568158300
EXP8B-RESTRICT_ACCESS-R1-1790068993949,1,RESTRICT_ACCESS,1142,6,True,EXP-RESTRICT_ACCESS-6,DOOR-SENSOR-001,SMART_DOOR_LOCK,CONTROL,PASS,80.0,36.3,RESTRICT,DOWNGRADED,47.463,55.839,0xc9d2112f00eddf37ecc367d3974bbea2f915edaa57beae3796b042ab4a9bc7e4,31863,1330,Restricted by Smart Contract: Adaptive authorization enforced for intermediate trust (80) or moderate risk (36).,RESTRICT,DOWNGRADED,True,EXP-RESTRICT_ACCESS-6,2026-09-22T14:53:14.624246
EXP8B-RESTRICT_ACCESS-R1-1790068993949,1,RESTRICT_ACCESS,1142,7,True,EXP-RESTRICT_ACCESS-7,DOOR-SENSOR-001,SMART_DOOR_LOCK,CONTROL,PASS,80.0,36.3,RESTRICT,DOWNGRADED,50.347,59.231,0x8f1d325185f4cabab7228b788e9564aa05b7ae74ecd0ba5d2559917ca0497286,31863,1331,Restricted by Smart Contract: Adaptive authorization enforced for intermediate trust (80) or moderate risk (36).,RESTRICT,DOWNGRADED,True,EXP-RESTRICT_ACCESS-7,2026-09-22T14:53:14.683546200
EXP8B-RESTRICT_ACCESS-R1-1790068993949,1,RESTRICT_ACCESS,1142,8,True,EXP-RESTRICT_ACCESS-8,DOOR-SENSOR-001,SMART_DOOR_LOCK,CONTROL,PASS,80.0,36.3,RESTRICT,DOWNGRADED,55.331,65.096,0xa9b069eb2a9c1e82dac5ebe9b081e3dd456b8dd5cf1d2eeeea71b0665fcf802b,31863,1332,Restricted by Smart Contract: Adaptive authorization enforced for intermediate trust (80) or moderate risk (36).,RESTRICT,DOWNGRADED,True,EXP-RESTRICT_ACCESS-8,2026-09-22T14:53:14.748324800
EXP8B-RESTRICT_ACCESS-R1-1790068993949,1,RESTRICT_ACCESS,1142,9,True,EXP-RESTRICT_ACCESS-9,DOOR-SENSOR-001,SMART_DOOR_LOCK,CONTROL,PASS,80.0,36.3,RESTRICT,DOWNGRADED,52.556,61.831,0xe43553e73a5cd21fabe409798a677a174284591206c88ee27d776a39f6086f5b,31863,1333,Restricted by Smart Contract: Adaptive authorization enforced for intermediate trust (80) or moderate risk (36).,RESTRICT,DOWNGRADED,True,EXP-RESTRICT_ACCESS-9,2026-09-22T14:53:14.810386100
EXP8B-RESTRICT_ACCESS-R1-1790068993949,1,RESTRICT_ACCESS,1142,1,False,EXP-RESTRICT_ACCESS-0,DOOR-SENSOR-001,SMART_DOOR_LOCK,CONTROL,PASS,80.0,36.3,RESTRICT,DOWNGRADED,52.276,61.501,0x53f4944aa603a040f99dec88e75446fd5373bab020175b310faeda2259bc5279,31863,1334,Restricted by Smart Contract: Adaptive authorization enforced for intermediate trust (80) or moderate risk (36).,RESTRICT,DOWNGRADED,True,EXP-RESTRICT_ACCESS-0,2026-09-22T14:53:14.871915200
EXP8B-RESTRICT_ACCESS-R1-1790068993949,1,RESTRICT_ACCESS,1142,2,False,EXP-RESTRICT_ACCESS-1,DOOR-SENSOR-001,SMART_DOOR_LOCK,CONTROL,PASS,80.0,36.3,RESTRICT,DOWNGRADED,54.084,63.629,0xce5ab63303d0b8746239c91231418842a359117f696b145245d1185f4051aeb7,31863,1335,Restricted by Smart Contract: Adaptive authorization enforced for intermediate trust (80) or moderate risk (36).,RESTRICT,DOWNGRADED,True,EXP-RESTRICT_ACCESS-1,2026-09-22T14:53:14.935728400
EXP8B-RESTRICT_ACCESS-R1-1790068993949,1,RESTRICT_ACCESS,1142,3,False,EXP-RESTRICT_ACCESS-2,DOOR-SENSOR-001,SMART_DOOR_LOCK,CONTROL,PASS,80.0,36.3,RESTRICT,DOWNGRADED,54.134,63.687,0x64097e9d1f889557fe3814dd9f102b293c5d54b41eb7b5642039c4d6a04928dd,31863,1336,Restricted by Smart Contract: Adaptive authorization enforced for intermediate trust (80) or moderate risk (36).,RESTRICT,DOWNGRADED,True,EXP-RESTRICT_ACCESS-2,2026-09-22T14:53:14.999559500
EXP8B-RESTRICT_ACCESS-R1-1790068993949,1,RESTRICT_ACCESS,1142,4,False,EXP-RESTRICT_ACCESS-3,DOOR-SENSOR-001,SMART_DOOR_LOCK,CONTROL,PASS,80.0,36.3,RESTRICT,DOWNGRADED,59.575,70.088,0x845a7a62b38a7888cfa24cd16cbfd27e9bc417e110fbaf855b2c3718e1b77ada,31863,1337,Restricted by Smart Contract: Adaptive authorization enforced for intermediate trust (80) or moderate risk (36).,RESTRICT,DOWNGRADED,True,EXP-RESTRICT_ACCESS-3,2026-09-22T14:53:15.069418200
EXP8B-RESTRICT_ACCESS-R1-1790068993949,1,RESTRICT_ACCESS,1142,5,False,EXP-RESTRICT_ACCESS-4,DOOR-SENSOR-001,SMART_DOOR_LOCK,CONTROL,PASS,80.0,36.3,RESTRICT,DOWNGRADED,68.876,81.031,0x5800fd39a1afc93a27dbb2e3541f7a221a5cbe7dcf019fdccbd3723e30741154,31863,1338,Restricted by Smart Contract: Adaptive authorization enforced for intermediate trust (80) or moderate risk (36).,RESTRICT,DOWNGRADED,True,EXP-RESTRICT_ACCESS-4,2026-09-22T14:53:15.150504900
EXP8B-RESTRICT_ACCESS-R1-1790068993949,1,RESTRICT_ACCESS,1142,6,False,EXP-RESTRICT_ACCESS-5,DOOR-SENSOR-001,SMART_DOOR_LOCK,CONTROL,PASS,80.0,36.3,RESTRICT,DOWNGRADED,66.705,78.477,0x6c3a3c4a26b69ca2aa3385ba28b367504d371b2dd173abe3db6513fe1162d88a,31863,1339,Restricted by Smart Contract: Adaptive authorization enforced for intermediate trust (80) or moderate risk (36).,RESTRICT,DOWNGRADED,True,EXP-RESTRICT_ACCESS-5,2026-09-22T14:53:15.228958400
EXP8B-RESTRICT_ACCESS-R1-1790068993949,1,RESTRICT_ACCESS,1142,7,False,EXP-RESTRICT_ACCESS-6,DOOR-SENSOR-001,SMART_DOOR_LOCK,CONTROL,PASS,80.0,36.3,RESTRICT,DOWNGRADED,58.489,68.81,0x3343e35429f332e1670ad4fa571fdee5c9d3a7552ded763785c398479565fa91,31863,1340,Restricted by Smart Contract: Adaptive authorization enforced for intermediate trust (80) or moderate risk (36).,RESTRICT,DOWNGRADED,True,EXP-RESTRICT_ACCESS-6,2026-09-22T14:53:15.298211
EXP8B-RESTRICT_ACCESS-R1-1790068993949,1,RESTRICT_ACCESS,1142,8,False,EXP-RESTRICT_ACCESS-7,DOOR-SENSOR-001,SMART_DOOR_LOCK,CONTROL,PASS,80.0,36.3,RESTRICT,DOWNGRADED,59.038,69.456,0x3b4f2b4de41d54fdf915d95c578a514496d222358f93eb2e0d19c87ac75687f7,31863,1341,Restricted by Smart Contract: Adaptive authorization enforced for intermediate trust (80) or moderate risk (36).,RESTRICT,DOWNGRADED,True,EXP-RESTRICT_ACCESS-7,2026-09-22T14:53:15.367639800
EXP8B-RESTRICT_ACCESS-R1-1790068993949,1,RESTRICT_ACCESS,1142,9,False,EXP-RESTRICT_ACCESS-8,DOOR-SENSOR-001,SMART_DOOR_LOCK,CONTROL,PASS,80.0,36.3,RESTRICT,DOWNGRADED,55.625,65.441,0xb1c3ceac1ab2cb50c6ecf301d428c518952d1b272114d74c6f33b759b86d6686,31863,1342,Restricted by Smart Contract: Adaptive authorization enforced for intermediate trust (80) or moderate risk (36).,RESTRICT,DOWNGRADED,True,EXP-RESTRICT_ACCESS-8,2026-09-22T14:53:15.433572500
EXP8B-RESTRICT_ACCESS-R1-1790068993949,1,RESTRICT_ACCESS,1142,10,False,EXP-RESTRICT_ACCESS-9,DOOR-SENSOR-001,SMART_DOOR_LOCK,CONTROL,PASS,80.0,36.3,RESTRICT,DOWNGRADED,64.691,76.107,0x6089259ed6a2328365ea0b22310746441b848ef695047aaccdbddd635bb3e342,31863,1343,Restricted by Smart Contract: Adaptive authorization enforced for intermediate trust (80) or moderate risk (36).,RESTRICT,DOWNGRADED,True,EXP-RESTRICT_ACCESS-9,2026-09-22T14:53:15.509458100
EXP8B-RESTRICT_ACCESS-R1-1790068993949,1,RESTRICT_ACCESS,1142,11,False,EXP-RESTRICT_ACCESS-10,DOOR-SENSOR-001,SMART_DOOR_LOCK,CONTROL,PASS,80.0,36.3,RESTRICT,DOWNGRADED,55.586,65.395,0x25f0a4f45255e1eda62a8cd54269991f25403d0b5daca117fb44a152d172c852,31863,1344,Restricted by Smart Contract: Adaptive authorization enforced for intermediate trust (80) or moderate risk (36).,RESTRICT,DOWNGRADED,True,EXP-RESTRICT_ACCESS-10,2026-09-22T14:53:15.575098400
EXP8B-RESTRICT_ACCESS-R1-1790068993949,1,RESTRICT_ACCESS,1142,12,False,EXP-RESTRICT_ACCESS-11,DOOR-SENSOR-001,SMART_DOOR_LOCK,CONTROL,PASS,80.0,36.3,RESTRICT,DOWNGRADED,47.073,55.38,0xa7a8244303e12a303b22c0b9b075a9af4b143b4df07060b0069724f1067b8e90,31863,1345,Restricted by Smart Contract: Adaptive authorization enforced for intermediate trust (80) or moderate risk (36).,RESTRICT,DOWNGRADED,True,EXP-RESTRICT_ACCESS-11,2026-09-22T14:53:15.630269
EXP8B-RESTRICT_ACCESS-R1-1790068993949,1,RESTRICT_ACCESS,1142,13,False,EXP-RESTRICT_ACCESS-12,DOOR-SENSOR-001,SMART_DOOR_LOCK,CONTROL,PASS,80.0,36.3,RESTRICT,DOWNGRADED,43.097,50.703,0xbe83264b10fad8eff06e3902d923b7d6b23dec367b46f9c08a1485871296ec12,31863,1346,Restricted by Smart Contract: Adaptive authorization enforced for intermediate trust (80) or moderate risk (36).,RESTRICT,DOWNGRADED,True,EXP-RESTRICT_ACCESS-12,2026-09-22T14:53:15.681026100
EXP8B-RESTRICT_ACCESS-R1-1790068993949,1,RESTRICT_ACCESS,1142,14,False,EXP-RESTRICT_ACCESS-13,DOOR-SENSOR-001,SMART_DOOR_LOCK,CONTROL,PASS,80.0,36.3,RESTRICT,DOWNGRADED,45.691,53.754,0x93eb9d75d572092c1560e0138b343fafb75b8431445bf4e5b8ef8455420b1c84,31863,1347,Restricted by Smart Contract: Adaptive authorization enforced for intermediate trust (80) or moderate risk (36).,RESTRICT,DOWNGRADED,True,EXP-RESTRICT_ACCESS-13,2026-09-22T14:53:15.734788700
EXP8B-RESTRICT_ACCESS-R1-1790068993949,1,RESTRICT_ACCESS,1142,15,False,EXP-RESTRICT_ACCESS-14,DOOR-SENSOR-001,SMART_DOOR_LOCK,CONTROL,PASS,80.0,36.3,RESTRICT,DOWNGRADED,50.667,59.609,0x2881356cc7539ff97442a582c735a838f9f2270ae09465a8e53e0be0ebc786fd,31863,1348,Restricted by Smart Contract: Adaptive authorization enforced for intermediate trust (80) or moderate risk (36).,RESTRICT,DOWNGRADED,True,EXP-RESTRICT_ACCESS-14,2026-09-22T14:53:15.794832
EXP8B-RESTRICT_ACCESS-R1-1790068993949,1,RESTRICT_ACCESS,1142,16,False,EXP-RESTRICT_ACCESS-15,DOOR-SENSOR-001,SMART_DOOR_LOCK,CONTROL,PASS,80.0,36.3,RESTRICT,DOWNGRADED,53.933,63.451,0xeabef2bbd08355c64dfa35314aee823ec7408fbf89629a151e24e6531aa59a68,31863,1349,Restricted by Smart Contract: Adaptive authorization enforced for intermediate trust (80) or moderate risk (36).,RESTRICT,DOWNGRADED,True,EXP-RESTRICT_ACCESS-15,2026-09-22T14:53:15.858134
EXP8B-RESTRICT_ACCESS-R1-1790068993949,1,RESTRICT_ACCESS,1142,17,False,EXP-RESTRICT_ACCESS-16,DOOR-SENSOR-001,SMART_DOOR_LOCK,CONTROL,PASS,80.0,36.3,RESTRICT,DOWNGRADED,56.675,66.676,0x77c2fcca35bfbc3a52b4c21768dbd9f84f56c8bdf7130f46c331cbdb414469f5,31863,1350,Restricted by Smart Contract: Adaptive authorization enforced for intermediate trust (80) or moderate risk (36).,RESTRICT,DOWNGRADED,True,EXP-RESTRICT_ACCESS-16,2026-09-22T14:53:15.924393800
EXP8B-RESTRICT_ACCESS-R1-1790068993949,1,RESTRICT_ACCESS,1142,18,False,EXP-RESTRICT_ACCESS-17,DOOR-SENSOR-001,SMART_DOOR_LOCK,CONTROL,PASS,80.0,36.3,RESTRICT,DOWNGRADED,61.441,72.284,0xc3ee95c900418afdbba641aa281548ba0c23e1ebd825766f661d99150dd53d60,31863,1351,Restricted by Smart Contract: Adaptive authorization enforced for intermediate trust (80) or moderate risk (36).,RESTRICT,DOWNGRADED,True,EXP-RESTRICT_ACCESS-17,2026-09-22T14:53:15.996899800
EXP8B-RESTRICT_ACCESS-R1-1790068993949,1,RESTRICT_ACCESS,1142,19,False,EXP-RESTRICT_ACCESS-18,DOOR-SENSOR-001,SMART_DOOR_LOCK,CONTROL,PASS,80.0,36.3,RESTRICT,DOWNGRADED,52.311,61.542,0x63108a455d8a5882552f0577f5d7f4cdf5e35c451946779cd4576b1190e6ef29,31863,1352,Restricted by Smart Contract: Adaptive authorization enforced for intermediate trust (80) or moderate risk (36).,RESTRICT,DOWNGRADED,True,EXP-RESTRICT_ACCESS-18,2026-09-22T14:53:16.058637400
EXP8B-RESTRICT_ACCESS-R1-1790068993949,1,RESTRICT_ACCESS,1142,20,False,EXP-RESTRICT_ACCESS-19,DOOR-SENSOR-001,SMART_DOOR_LOCK,CONTROL,PASS,80.0,36.3,RESTRICT,DOWNGRADED,53.224,62.616,0x1b057a1b18393950d6729d0e6076e2fd3f18d20bb1ffb4f1b6c6d675c32ec6c9,31863,1353,Restricted by Smart Contract: Adaptive authorization enforced for intermediate trust (80) or moderate risk (36).,RESTRICT,DOWNGRADED,True,EXP-RESTRICT_ACCESS-19,2026-09-22T14:53:16.121256500
EXP8B-RESTRICT_ACCESS-R1-1790068993949,1,RESTRICT_ACCESS,1142,21,False,EXP-RESTRICT_ACCESS-20,DOOR-SENSOR-001,SMART_DOOR_LOCK,CONTROL,PASS,80.0,36.3,RESTRICT,DOWNGRADED,64.974,76.44,0x1f99df47a203c936e773250d8f3240575fcd0ca6f98c80059706d100d98564fb,31863,1354,Restricted by Smart Contract: Adaptive authorization enforced for intermediate trust (80) or moderate risk (36).,RESTRICT,DOWNGRADED,True,EXP-RESTRICT_ACCESS-20,2026-09-22T14:53:16.198121700
EXP8B-RESTRICT_ACCESS-R1-1790068993949,1,RESTRICT_ACCESS,1142,22,False,EXP-RESTRICT_ACCESS-21,DOOR-SENSOR-001,SMART_DOOR_LOCK,CONTROL,PASS,80.0,36.3,RESTRICT,DOWNGRADED,95.066,111.843,0x7d4145a3411e2cd3f6aa13498b171dddc18b0075bf0d01031be73e8f1b41d541,31863,1355,Restricted by Smart Contract: Adaptive authorization enforced for intermediate trust (80) or moderate risk (36).,RESTRICT,DOWNGRADED,True,EXP-RESTRICT_ACCESS-21,2026-09-22T14:53:16.309527700
EXP8B-RESTRICT_ACCESS-R1-1790068993949,1,RESTRICT_ACCESS,1142,23,False,EXP-RESTRICT_ACCESS-22,DOOR-SENSOR-001,SMART_DOOR_LOCK,CONTROL,PASS,80.0,36.3,RESTRICT,DOWNGRADED,83.815,98.606,0xc71c98cbff4fc2fdfbe1e3065fa2b26275e79ce2b316bb260e470237f2d8ad5c,31863,1356,Restricted by Smart Contract: Adaptive authorization enforced for intermediate trust (80) or moderate risk (36).,RESTRICT,DOWNGRADED,True,EXP-RESTRICT_ACCESS-22,2026-09-22T14:53:16.408704500
EXP8B-RESTRICT_ACCESS-R1-1790068993949,1,RESTRICT_ACCESS,1142,24,False,EXP-RESTRICT_ACCESS-23,DOOR-SENSOR-001,SMART_DOOR_LOCK,CONTROL,PASS,80.0,36.3,RESTRICT,DOWNGRADED,67.413,79.309,0x17755a779145b42b2a0c726f2417f5163e005bea41ea9898af4db0f91435e166,31863,1357,Restricted by Smart Contract: Adaptive authorization enforced for intermediate trust (80) or moderate risk (36).,RESTRICT,DOWNGRADED,True,EXP-RESTRICT_ACCESS-23,2026-09-22T14:53:16.487746600
EXP8B-RESTRICT_ACCESS-R1-1790068993949,1,RESTRICT_ACCESS,1142,25,False,EXP-RESTRICT_ACCESS-24,DOOR-SENSOR-001,SMART_DOOR_LOCK,CONTROL,PASS,80.0,36.3,RESTRICT,DOWNGRADED,61.469,72.316,0x0341bc66169bcebb2215b0185e70d2e54d8eaf8d515d08566cfe8a0328626554,31863,1358,Restricted by Smart Contract: Adaptive authorization enforced for intermediate trust (80) or moderate risk (36).,RESTRICT,DOWNGRADED,True,EXP-RESTRICT_ACCESS-24,2026-09-22T14:53:16.560605600
EXP8B-RESTRICT_ACCESS-R1-1790068993949,1,RESTRICT_ACCESS,1142,26,False,EXP-RESTRICT_ACCESS-25,DOOR-SENSOR-001,SMART_DOOR_LOCK,CONTROL,PASS,80.0,36.3,RESTRICT,DOWNGRADED,68.339,80.399,0xbdf80f64eee2cfb9688a6ace1dcf85243958d9a7df78305d45ccce353ddc1d77,31863,1359,Restricted by Smart Contract: Adaptive authorization enforced for intermediate trust (80) or moderate risk (36).,RESTRICT,DOWNGRADED,True,EXP-RESTRICT_ACCESS-25,2026-09-22T14:53:16.640628300
EXP8B-RESTRICT_ACCESS-R1-1790068993949,1,RESTRICT_ACCESS,1142,27,False,EXP-RESTRICT_ACCESS-26,DOOR-SENSOR-001,SMART_DOOR_LOCK,CONTROL,PASS,80.0,36.3,RESTRICT,DOWNGRADED,79.805,93.889,0x6df537c9c2da1aec847c6d2f4b41c3ec5254a4aa88fdc6cdef896aa2a95b0afe,31863,1360,Restricted by Smart Contract: Adaptive authorization enforced for intermediate trust (80) or moderate risk (36).,RESTRICT,DOWNGRADED,True,EXP-RESTRICT_ACCESS-26,2026-09-22T14:53:16.734780900
EXP8B-RESTRICT_ACCESS-R1-1790068993949,1,RESTRICT_ACCESS,1142,28,False,EXP-RESTRICT_ACCESS-27,DOOR-SENSOR-001,SMART_DOOR_LOCK,CONTROL,PASS,80.0,36.3,RESTRICT,DOWNGRADED,59.226,69.678,0x6c9340bf6d62b4111b20adab039562f81511efbf994ab6351a791aad4f3ad640,31863,1361,Restricted by Smart Contract: Adaptive authorization enforced for intermediate trust (80) or moderate risk (36).,RESTRICT,DOWNGRADED,True,EXP-RESTRICT_ACCESS-27,2026-09-22T14:53:16.804297700
EXP8B-RESTRICT_ACCESS-R1-1790068993949,1,RESTRICT_ACCESS,1142,29,False,EXP-RESTRICT_ACCESS-28,DOOR-SENSOR-001,SMART_DOOR_LOCK,CONTROL,PASS,80.0,36.3,RESTRICT,DOWNGRADED,52.074,61.264,0x2f1d189fa601461dd96a92d68ed66b8262305d9abc865300641a41bacf8ff8be,31863,1362,Restricted by Smart Contract: Adaptive authorization enforced for intermediate trust (80) or moderate risk (36).,RESTRICT,DOWNGRADED,True,EXP-RESTRICT_ACCESS-28,2026-09-22T14:53:16.865664600
EXP8B-RESTRICT_ACCESS-R1-1790068993949,1,RESTRICT_ACCESS,1142,30,False,EXP-RESTRICT_ACCESS-29,DOOR-SENSOR-001,SMART_DOOR_LOCK,CONTROL,PASS,80.0,36.3,RESTRICT,DOWNGRADED,52.212,61.426,0x70e6077bbe7bef988c56dfdba8b632f472f1ea0eec7838c52b0b0b15e053f4aa,31863,1363,Restricted by Smart Contract: Adaptive authorization enforced for intermediate trust (80) or moderate risk (36).,RESTRICT,DOWNGRADED,True,EXP-RESTRICT_ACCESS-29,2026-09-22T14:53:16.927181700
EXP8B-RESTRICT_ACCESS-R2-1790068997013,2,RESTRICT_ACCESS,2142,0,True,EXP-RESTRICT_ACCESS-0,DOOR-SENSOR-001,SMART_DOOR_LOCK,CONTROL,PASS,80.0,36.3,RESTRICT,DOWNGRADED,54.105,63.653,0x5a10d856ce0c8c53598b1238a0872f5185fc67856e2884c88d1ccff99e12db0b,31863,1364,Restricted by Smart Contract: Adaptive authorization enforced for intermediate trust (80) or moderate risk (36).,RESTRICT,DOWNGRADED,True,EXP-RESTRICT_ACCESS-0,2026-09-22T14:53:17.299187300
EXP8B-RESTRICT_ACCESS-R2-1790068997013,2,RESTRICT_ACCESS,2142,1,True,EXP-RESTRICT_ACCESS-1,DOOR-SENSOR-001,SMART_DOOR_LOCK,CONTROL,PASS,80.0,36.3,RESTRICT,DOWNGRADED,66.663,78.428,0x744d9c54a0bccf01893e43e6268dce141c61cf9aeeca43db7707237b2c1bfe55,31863,1365,Restricted by Smart Contract: Adaptive authorization enforced for intermediate trust (80) or moderate risk (36).,RESTRICT,DOWNGRADED,True,EXP-RESTRICT_ACCESS-1,2026-09-22T14:53:17.377244
EXP8B-RESTRICT_ACCESS-R2-1790068997013,2,RESTRICT_ACCESS,2142,2,True,EXP-RESTRICT_ACCESS-2,DOOR-SENSOR-001,SMART_DOOR_LOCK,CONTROL,PASS,80.0,36.3,RESTRICT,DOWNGRADED,51.754,60.887,0x4d1ddb6ca7623f379f9cb25179b00fef5982e038d56b0fc29e4f1bc81f5e2e57,31863,1366,Restricted by Smart Contract: Adaptive authorization enforced for intermediate trust (80) or moderate risk (36).,RESTRICT,DOWNGRADED,True,EXP-RESTRICT_ACCESS-2,2026-09-22T14:53:17.438589800
EXP8B-RESTRICT_ACCESS-R2-1790068997013,2,RESTRICT_ACCESS,2142,3,True,EXP-RESTRICT_ACCESS-3,DOOR-SENSOR-001,SMART_DOOR_LOCK,CONTROL,PASS,80.0,36.3,RESTRICT,DOWNGRADED,53.967,63.491,0x5f45c21b2735e5e961569c1b2ae8804f75e2608b91504dda53bb807ba5587dfb,31863,1367,Restricted by Smart Contract: Adaptive authorization enforced for intermediate trust (80) or moderate risk (36).,RESTRICT,DOWNGRADED,True,EXP-RESTRICT_ACCESS-3,2026-09-22T14:53:17.502167900
EXP8B-RESTRICT_ACCESS-R2-1790068997013,2,RESTRICT_ACCESS,2142,4,True,EXP-RESTRICT_ACCESS-4,DOOR-SENSOR-001,SMART_DOOR_LOCK,CONTROL,PASS,80.0,36.3,RESTRICT,DOWNGRADED,55.482,65.273,0xa3f95f66894f6262edab37d3585136a4f7ced35d4e639a65fb49aae408f69278,31863,1368,Restricted by Smart Contract: Adaptive authorization enforced for intermediate trust (80) or moderate risk (36).,RESTRICT,DOWNGRADED,True,EXP-RESTRICT_ACCESS-4,2026-09-22T14:53:17.567054500
EXP8B-RESTRICT_ACCESS-R2-1790068997013,2,RESTRICT_ACCESS,2142,5,True,EXP-RESTRICT_ACCESS-5,DOOR-SENSOR-001,SMART_DOOR_LOCK,CONTROL,PASS,80.0,36.3,RESTRICT,DOWNGRADED,48.354,56.888,0x9165dd648f97f3c9ff4944a4f498d541d4f2283f9ae76b44724867ac8638b1db,31863,1369,Restricted by Smart Contract: Adaptive authorization enforced for intermediate trust (80) or moderate risk (36).,RESTRICT,DOWNGRADED,True,EXP-RESTRICT_ACCESS-5,2026-09-22T14:53:17.624349800
EXP8B-RESTRICT_ACCESS-R2-1790068997013,2,RESTRICT_ACCESS,2142,6,True,EXP-RESTRICT_ACCESS-6,DOOR-SENSOR-001,SMART_DOOR_LOCK,CONTROL,PASS,80.0,36.3,RESTRICT,DOWNGRADED,45.63,53.683,0x421faa0fe9a8d4e65e6eff3c97e493fec1317e5c4688be960259bc5c5478f967,31863,1370,Restricted by Smart Contract: Adaptive authorization enforced for intermediate trust (80) or moderate risk (36).,RESTRICT,DOWNGRADED,True,EXP-RESTRICT_ACCESS-6,2026-09-22T14:53:17.677895600
EXP8B-RESTRICT_ACCESS-R2-1790068997013,2,RESTRICT_ACCESS,2142,7,True,EXP-RESTRICT_ACCESS-7,DOOR-SENSOR-001,SMART_DOOR_LOCK,CONTROL,PASS,80.0,36.3,RESTRICT,DOWNGRADED,44.229,52.035,0x171151db8168f51e6d338b3f62fcf3298585654863f0aec6392e8d6e83a04bf2,31863,1371,Restricted by Smart Contract: Adaptive authorization enforced for intermediate trust (80) or moderate risk (36).,RESTRICT,DOWNGRADED,True,EXP-RESTRICT_ACCESS-7,2026-09-22T14:53:17.729718
EXP8B-RESTRICT_ACCESS-R2-1790068997013,2,RESTRICT_ACCESS,2142,8,True,EXP-RESTRICT_ACCESS-8,DOOR-SENSOR-001,SMART_DOOR_LOCK,CONTROL,PASS,80.0,36.3,RESTRICT,DOWNGRADED,46.814,55.076,0xf420fea12b4606cbf8a352d273da31cf8da6f86cc2ac547ce92a7c61f6917a41,31863,1372,Restricted by Smart Contract: Adaptive authorization enforced for intermediate trust (80) or moderate risk (36).,RESTRICT,DOWNGRADED,True,EXP-RESTRICT_ACCESS-8,2026-09-22T14:53:17.785305100
EXP8B-RESTRICT_ACCESS-R2-1790068997013,2,RESTRICT_ACCESS,2142,9,True,EXP-RESTRICT_ACCESS-9,DOOR-SENSOR-001,SMART_DOOR_LOCK,CONTROL,PASS,80.0,36.3,RESTRICT,DOWNGRADED,44.566,52.431,0x4602763465ce1c2fceef107a8b43c28da8ee8d60458679e087128847ce5b1cf2,31863,1373,Restricted by Smart Contract: Adaptive authorization enforced for intermediate trust (80) or moderate risk (36).,RESTRICT,DOWNGRADED,True,EXP-RESTRICT_ACCESS-9,2026-09-22T14:53:17.837338200
EXP8B-RESTRICT_ACCESS-R2-1790068997013,2,RESTRICT_ACCESS,2142,1,False,EXP-RESTRICT_ACCESS-0,DOOR-SENSOR-001,SMART_DOOR_LOCK,CONTROL,PASS,80.0,36.3,RESTRICT,DOWNGRADED,52.593,61.874,0x58cc8d8048192efbd312335b7a6fb76d173d90e43c05881592dba4da2646ee65,31863,1374,Restricted by Smart Contract: Adaptive authorization enforced for intermediate trust (80) or moderate risk (36).,RESTRICT,DOWNGRADED,True,EXP-RESTRICT_ACCESS-0,2026-09-22T14:53:17.899647600
EXP8B-RESTRICT_ACCESS-R2-1790068997013,2,RESTRICT_ACCESS,2142,2,False,EXP-RESTRICT_ACCESS-1,DOOR-SENSOR-001,SMART_DOOR_LOCK,CONTROL,PASS,80.0,36.3,RESTRICT,DOWNGRADED,64.594,75.993,0x0b8901d64deeab795055a4e967655cc10a52e58598ba896d527467d24f8f639e,31863,1375,Restricted by Smart Contract: Adaptive authorization enforced for intermediate trust (80) or moderate risk (36).,RESTRICT,DOWNGRADED,True,EXP-RESTRICT_ACCESS-1,2026-09-22T14:53:17.975622100
EXP8B-RESTRICT_ACCESS-R2-1790068997013,2,RESTRICT_ACCESS,2142,3,False,EXP-RESTRICT_ACCESS-2,DOOR-SENSOR-001,SMART_DOOR_LOCK,CONTROL,PASS,80.0,36.3,RESTRICT,DOWNGRADED,60.393,71.051,0x145152ee2e9eb580c7cf0b534e01b465718298494afa45d4a0cd102caff1e081,31863,1376,Restricted by Smart Contract: Adaptive authorization enforced for intermediate trust (80) or moderate risk (36).,RESTRICT,DOWNGRADED,True,EXP-RESTRICT_ACCESS-2,2026-09-22T14:53:18.046781300
EXP8B-RESTRICT_ACCESS-R2-1790068997013,2,RESTRICT_ACCESS,2142,4,False,EXP-RESTRICT_ACCESS-3,DOOR-SENSOR-001,SMART_DOOR_LOCK,CONTROL,PASS,80.0,36.3,RESTRICT,DOWNGRADED,55.702,65.531,0x7aaacae9f8356d9120dd48f5d231b8c8bbecb4b5f9d49d5a0509d988a5eed908,31863,1377,Restricted by Smart Contract: Adaptive authorization enforced for intermediate trust (80) or moderate risk (36).,RESTRICT,DOWNGRADED,True,EXP-RESTRICT_ACCESS-3,2026-09-22T14:53:18.112593
EXP8B-RESTRICT_ACCESS-R2-1790068997013,2,RESTRICT_ACCESS,2142,5,False,EXP-RESTRICT_ACCESS-4,DOOR-SENSOR-001,SMART_DOOR_LOCK,CONTROL,PASS,80.0,36.3,RESTRICT,DOWNGRADED,66.903,78.709,0x9bd69370d72811c040dc2636fd1cc7292d758d56fd039df486982950182d937d,31863,1378,Restricted by Smart Contract: Adaptive authorization enforced for intermediate trust (80) or moderate risk (36).,RESTRICT,DOWNGRADED,True,EXP-RESTRICT_ACCESS-4,2026-09-22T14:53:18.191187700
EXP8B-RESTRICT_ACCESS-R2-1790068997013,2,RESTRICT_ACCESS,2142,6,False,EXP-RESTRICT_ACCESS-5,DOOR-SENSOR-001,SMART_DOOR_LOCK,CONTROL,PASS,80.0,36.3,RESTRICT,DOWNGRADED,55.598,65.41,0xc65b39a41d21e4c2737e4459d4414526c701fe8be97ea2b487e9de6bf2740dfe,31863,1379,Restricted by Smart Contract: Adaptive authorization enforced for intermediate trust (80) or moderate risk (36).,RESTRICT,DOWNGRADED,True,EXP-RESTRICT_ACCESS-5,2026-09-22T14:53:18.256455400
EXP8B-RESTRICT_ACCESS-R2-1790068997013,2,RESTRICT_ACCESS,2142,7,False,EXP-RESTRICT_ACCESS-6,DOOR-SENSOR-001,SMART_DOOR_LOCK,CONTROL,PASS,80.0,36.3,RESTRICT,DOWNGRADED,55.26,65.012,0x4ac80c075a3eadee78c4a52d8ad602c537fd77639020cdf326d4096b678f1cdc,31863,1380,Restricted by Smart Contract: Adaptive authorization enforced for intermediate trust (80) or moderate risk (36).,RESTRICT,DOWNGRADED,True,EXP-RESTRICT_ACCESS-6,2026-09-22T14:53:18.321546300
EXP8B-RESTRICT_ACCESS-R2-1790068997013,2,RESTRICT_ACCESS,2142,8,False,EXP-RESTRICT_ACCESS-7,DOOR-SENSOR-001,SMART_DOOR_LOCK,CONTROL,PASS,80.0,36.3,RESTRICT,DOWNGRADED,49.065,57.723,0x65748db4ee74baf5f59285c2c2a6b0a74edc666c29d9fb3240c708e62443afe3,31863,1381,Restricted by Smart Contract: Adaptive authorization enforced for intermediate trust (80) or moderate risk (36).,RESTRICT,DOWNGRADED,True,EXP-RESTRICT_ACCESS-7,2026-09-22T14:53:18.379569400
EXP8B-RESTRICT_ACCESS-R2-1790068997013,2,RESTRICT_ACCESS,2142,9,False,EXP-RESTRICT_ACCESS-8,DOOR-SENSOR-001,SMART_DOOR_LOCK,CONTROL,PASS,80.0,36.3,RESTRICT,DOWNGRADED,53.081,62.448,0xec314410ee5adada06123d6c97aa42181cb83d68dbf81270619a012220c7a846,31863,1382,Restricted by Smart Contract: Adaptive authorization enforced for intermediate trust (80) or moderate risk (36).,RESTRICT,DOWNGRADED,True,EXP-RESTRICT_ACCESS-8,2026-09-22T14:53:18.442120600
EXP8B-RESTRICT_ACCESS-R2-1790068997013,2,RESTRICT_ACCESS,2142,10,False,EXP-RESTRICT_ACCESS-9,DOOR-SENSOR-001,SMART_DOOR_LOCK,CONTROL,PASS,80.0,36.3,RESTRICT,DOWNGRADED,48.634,57.216,0x5f1dd27d74dc88f08bf87431b28cb094eecc7178e9cb3315aef462fb10583c3d,31863,1383,Restricted by Smart Contract: Adaptive authorization enforced for intermediate trust (80) or moderate risk (36).,RESTRICT,DOWNGRADED,True,EXP-RESTRICT_ACCESS-9,2026-09-22T14:53:18.499294500
EXP8B-RESTRICT_ACCESS-R2-1790068997013,2,RESTRICT_ACCESS,2142,11,False,EXP-RESTRICT_ACCESS-10,DOOR-SENSOR-001,SMART_DOOR_LOCK,CONTROL,PASS,80.0,36.3,RESTRICT,DOWNGRADED,46.702,54.943,0x1058fcfcf047fe6975bc5618da57593b866b705ec89ab45d487270943dde09ba,31863,1384,Restricted by Smart Contract: Adaptive authorization enforced for intermediate trust (80) or moderate risk (36).,RESTRICT,DOWNGRADED,True,EXP-RESTRICT_ACCESS-10,2026-09-22T14:53:18.554102200
EXP8B-RESTRICT_ACCESS-R2-1790068997013,2,RESTRICT_ACCESS,2142,12,False,EXP-RESTRICT_ACCESS-11,DOOR-SENSOR-001,SMART_DOOR_LOCK,CONTROL,PASS,80.0,36.3,RESTRICT,DOWNGRADED,49.412,58.132,0x5845a9cd46d5a8b116ac9c9f19ca1777125bb3f7bc2345aa98cab93d5a7c9086,31863,1385,Restricted by Smart Contract: Adaptive authorization enforced for intermediate trust (80) or moderate risk (36).,RESTRICT,DOWNGRADED,True,EXP-RESTRICT_ACCESS-11,2026-09-22T14:53:18.612165800
EXP8B-RESTRICT_ACCESS-R2-1790068997013,2,RESTRICT_ACCESS,2142,13,False,EXP-RESTRICT_ACCESS-12,DOOR-SENSOR-001,SMART_DOOR_LOCK,CONTROL,PASS,80.0,36.3,RESTRICT,DOWNGRADED,47.176,55.501,0x225f8d2e86271cfb462417cf89a43e7327c14b1c211fc1df2f56a2b1cd55fdd8,31863,1386,Restricted by Smart Contract: Adaptive authorization enforced for intermediate trust (80) or moderate risk (36).,RESTRICT,DOWNGRADED,True,EXP-RESTRICT_ACCESS-12,2026-09-22T14:53:18.668216500
EXP8B-RESTRICT_ACCESS-R2-1790068997013,2,RESTRICT_ACCESS,2142,14,False,EXP-RESTRICT_ACCESS-13,DOOR-SENSOR-001,SMART_DOOR_LOCK,CONTROL,PASS,80.0,36.3,RESTRICT,DOWNGRADED,56.223,66.144,0x725f6063ea244c8dbdf52d8a598d890ba25ec09e3b49e38ff97c4c1c74bae89d,31863,1387,Restricted by Smart Contract: Adaptive authorization enforced for intermediate trust (80) or moderate risk (36).,RESTRICT,DOWNGRADED,True,EXP-RESTRICT_ACCESS-13,2026-09-22T14:53:18.733762
EXP8B-RESTRICT_ACCESS-R2-1790068997013,2,RESTRICT_ACCESS,2142,15,False,EXP-RESTRICT_ACCESS-14,DOOR-SENSOR-001,SMART_DOOR_LOCK,CONTROL,PASS,80.0,36.3,RESTRICT,DOWNGRADED,51.542,60.637,0x6b616358c0a5341a6b17878ce73d993603664427a08071813ef79ddb3aef834d,31863,1388,Restricted by Smart Contract: Adaptive authorization enforced for intermediate trust (80) or moderate risk (36).,RESTRICT,DOWNGRADED,True,EXP-RESTRICT_ACCESS-14,2026-09-22T14:53:18.794877300
EXP8B-RESTRICT_ACCESS-R2-1790068997013,2,RESTRICT_ACCESS,2142,16,False,EXP-RESTRICT_ACCESS-15,DOOR-SENSOR-001,SMART_DOOR_LOCK,CONTROL,PASS,80.0,36.3,RESTRICT,DOWNGRADED,59.19,69.636,0x23cf8a31e3b6600446bd656772a2782f1ea546fdc50ceaacccf067e79a5f5e59,31863,1389,Restricted by Smart Contract: Adaptive authorization enforced for intermediate trust (80) or moderate risk (36).,RESTRICT,DOWNGRADED,True,EXP-RESTRICT_ACCESS-15,2026-09-22T14:53:18.864787500
EXP8B-RESTRICT_ACCESS-R2-1790068997013,2,RESTRICT_ACCESS,2142,17,False,EXP-RESTRICT_ACCESS-16,DOOR-SENSOR-001,SMART_DOOR_LOCK,CONTROL,PASS,80.0,36.3,RESTRICT,DOWNGRADED,73.636,86.631,0xfbd73274147a150bfea61c400b2598834621143be3c0831efe280e8cb22a7923,31863,1390,Restricted by Smart Contract: Adaptive authorization enforced for intermediate trust (80) or moderate risk (36).,RESTRICT,DOWNGRADED,True,EXP-RESTRICT_ACCESS-16,2026-09-22T14:53:18.951160500
EXP8B-RESTRICT_ACCESS-R2-1790068997013,2,RESTRICT_ACCESS,2142,18,False,EXP-RESTRICT_ACCESS-17,DOOR-SENSOR-001,SMART_DOOR_LOCK,CONTROL,PASS,80.0,36.3,RESTRICT,DOWNGRADED,57.53,67.683,0xd22d3d96a0a03f00a5a4eaa094286b5548bcb4f8e3c112f4b13e1ee1908069b7,31863,1391,Restricted by Smart Contract: Adaptive authorization enforced for intermediate trust (80) or moderate risk (36).,RESTRICT,DOWNGRADED,True,EXP-RESTRICT_ACCESS-17,2026-09-22T14:53:19.018934900
EXP8B-RESTRICT_ACCESS-R2-1790068997013,2,RESTRICT_ACCESS,2142,19,False,EXP-RESTRICT_ACCESS-18,DOOR-SENSOR-001,SMART_DOOR_LOCK,CONTROL,PASS,80.0,36.3,RESTRICT,DOWNGRADED,58.828,69.209,0xbff1771d6a8a7bfcd09ae4eb3d482f5721e1cbab797475766d74d486b6919364,31863,1392,Restricted by Smart Contract: Adaptive authorization enforced for intermediate trust (80) or moderate risk (36).,RESTRICT,DOWNGRADED,True,EXP-RESTRICT_ACCESS-18,2026-09-22T14:53:19.087755
EXP8B-RESTRICT_ACCESS-R2-1790068997013,2,RESTRICT_ACCESS,2142,20,False,EXP-RESTRICT_ACCESS-19,DOOR-SENSOR-001,SMART_DOOR_LOCK,CONTROL,PASS,80.0,36.3,RESTRICT,DOWNGRADED,53.161,62.543,0x9a0efd5bab6f48a96c2f4d56578f1129db1a7c000dc4397b498eb26f356c7a0f,31863,1393,Restricted by Smart Contract: Adaptive authorization enforced for intermediate trust (80) or moderate risk (36).,RESTRICT,DOWNGRADED,True,EXP-RESTRICT_ACCESS-19,2026-09-22T14:53:19.150440100
EXP8B-RESTRICT_ACCESS-R2-1790068997013,2,RESTRICT_ACCESS,2142,21,False,EXP-RESTRICT_ACCESS-20,DOOR-SENSOR-001,SMART_DOOR_LOCK,CONTROL,PASS,80.0,36.3,RESTRICT,DOWNGRADED,51.816,60.961,0xdda36d8ace80af07fca0f1ec581c8cd045f20bfd55d2eed09ef11d245ddb949e,31863,1394,Restricted by Smart Contract: Adaptive authorization enforced for intermediate trust (80) or moderate risk (36).,RESTRICT,DOWNGRADED,True,EXP-RESTRICT_ACCESS-20,2026-09-22T14:53:19.211555300
EXP8B-RESTRICT_ACCESS-R2-1790068997013,2,RESTRICT_ACCESS,2142,22,False,EXP-RESTRICT_ACCESS-21,DOOR-SENSOR-001,SMART_DOOR_LOCK,CONTROL,PASS,80.0,36.3,RESTRICT,DOWNGRADED,50.163,59.015,0xf0d2f666d291d255fc0c4643ac70eef5b04a4442f8ba9e4e43cee874c073a3b1,31863,1395,Restricted by Smart Contract: Adaptive authorization enforced for intermediate trust (80) or moderate risk (36).,RESTRICT,DOWNGRADED,True,EXP-RESTRICT_ACCESS-21,2026-09-22T14:53:19.270797800
EXP8B-RESTRICT_ACCESS-R2-1790068997013,2,RESTRICT_ACCESS,2142,23,False,EXP-RESTRICT_ACCESS-22,DOOR-SENSOR-001,SMART_DOOR_LOCK,CONTROL,PASS,80.0,36.3,RESTRICT,DOWNGRADED,49.332,58.038,0x02ca0919634cff0cb513826220b63af7a63a96dfa2d345c5a7cb3700a3b0bf9e,31863,1396,Restricted by Smart Contract: Adaptive authorization enforced for intermediate trust (80) or moderate risk (36).,RESTRICT,DOWNGRADED,True,EXP-RESTRICT_ACCESS-22,2026-09-22T14:53:19.328937500
EXP8B-RESTRICT_ACCESS-R2-1790068997013,2,RESTRICT_ACCESS,2142,24,False,EXP-RESTRICT_ACCESS-23,DOOR-SENSOR-001,SMART_DOOR_LOCK,CONTROL,PASS,80.0,36.3,RESTRICT,DOWNGRADED,47.495,55.877,0x76e1afc20a7ebab4cd82f7859cd99c4f7fad1ab89f42e816731e177b7458f645,31863,1397,Restricted by Smart Contract: Adaptive authorization enforced for intermediate trust (80) or moderate risk (36).,RESTRICT,DOWNGRADED,True,EXP-RESTRICT_ACCESS-23,2026-09-22T14:53:19.384639300
EXP8B-RESTRICT_ACCESS-R2-1790068997013,2,RESTRICT_ACCESS,2142,25,False,EXP-RESTRICT_ACCESS-24,DOOR-SENSOR-001,SMART_DOOR_LOCK,CONTROL,PASS,80.0,36.3,RESTRICT,DOWNGRADED,46.755,55.006,0x6e71c3d1dcfcdb86733133c3ac142709bf65fc910ae9b0dea2c12eee8614af0d,31863,1398,Restricted by Smart Contract: Adaptive authorization enforced for intermediate trust (80) or moderate risk (36).,RESTRICT,DOWNGRADED,True,EXP-RESTRICT_ACCESS-24,2026-09-22T14:53:19.439786300
EXP8B-RESTRICT_ACCESS-R2-1790068997013,2,RESTRICT_ACCESS,2142,26,False,EXP-RESTRICT_ACCESS-25,DOOR-SENSOR-001,SMART_DOOR_LOCK,CONTROL,PASS,80.0,36.3,RESTRICT,DOWNGRADED,48.774,57.381,0x971347f633714d73467477078140fbaf8fca61be72dbc5dd375cbb31af8dc879,31863,1399,Restricted by Smart Contract: Adaptive authorization enforced for intermediate trust (80) or moderate risk (36).,RESTRICT,DOWNGRADED,True,EXP-RESTRICT_ACCESS-25,2026-09-22T14:53:19.497179800
EXP8B-RESTRICT_ACCESS-R2-1790068997013,2,RESTRICT_ACCESS,2142,27,False,EXP-RESTRICT_ACCESS-26,DOOR-SENSOR-001,SMART_DOOR_LOCK,CONTROL,PASS,80.0,36.3,RESTRICT,DOWNGRADED,48.443,56.992,0x5d88926fcad6b0561d67820b189bfe7fd8190c4cb242c5af3ee3929cd74988bc,31863,1400,Restricted by Smart Contract: Adaptive authorization enforced for intermediate trust (80) or moderate risk (36).,RESTRICT,DOWNGRADED,True,EXP-RESTRICT_ACCESS-26,2026-09-22T14:53:19.554232900
EXP8B-RESTRICT_ACCESS-R2-1790068997013,2,RESTRICT_ACCESS,2142,28,False,EXP-RESTRICT_ACCESS-27,DOOR-SENSOR-001,SMART_DOOR_LOCK,CONTROL,PASS,80.0,36.3,RESTRICT,DOWNGRADED,57.562,67.72,0xdf234b468d2f77f535423c81f33c874bf563bc0e23425cbd3f433d78a32690b8,31863,1401,Restricted by Smart Contract: Adaptive authorization enforced for intermediate trust (80) or moderate risk (36).,RESTRICT,DOWNGRADED,True,EXP-RESTRICT_ACCESS-27,2026-09-22T14:53:19.622083
EXP8B-RESTRICT_ACCESS-R2-1790068997013,2,RESTRICT_ACCESS,2142,29,False,EXP-RESTRICT_ACCESS-28,DOOR-SENSOR-001,SMART_DOOR_LOCK,CONTROL,PASS,80.0,36.3,RESTRICT,DOWNGRADED,57.906,68.125,0x3d32fc8cbc258f0e49278f936668772c8f4782146af156e4fd5e2315d675969e,31863,1402,Restricted by Smart Contract: Adaptive authorization enforced for intermediate trust (80) or moderate risk (36).,RESTRICT,DOWNGRADED,True,EXP-RESTRICT_ACCESS-28,2026-09-22T14:53:19.690554200
EXP8B-RESTRICT_ACCESS-R2-1790068997013,2,RESTRICT_ACCESS,2142,30,False,EXP-RESTRICT_ACCESS-29,DOOR-SENSOR-001,SMART_DOOR_LOCK,CONTROL,PASS,80.0,36.3,RESTRICT,DOWNGRADED,55.06,64.777,0x0c981e6db80060d0bdf6f782e071a146f5b038bacc7522e01bc9935544523920,31863,1403,Restricted by Smart Contract: Adaptive authorization enforced for intermediate trust (80) or moderate risk (36).,RESTRICT,DOWNGRADED,True,EXP-RESTRICT_ACCESS-29,2026-09-22T14:53:19.755131800
EXP8B-RESTRICT_ACCESS-R3-1790068999888,3,RESTRICT_ACCESS,3142,0,True,EXP-RESTRICT_ACCESS-0,DOOR-SENSOR-001,SMART_DOOR_LOCK,CONTROL,PASS,80.0,36.3,RESTRICT,DOWNGRADED,69.116,81.313,0x64b8033366e6af7b048de40f788accc0002435d531f4f5ae01f42044cfb4c5ae,31863,1404,Restricted by Smart Contract: Adaptive authorization enforced for intermediate trust (80) or moderate risk (36).,RESTRICT,DOWNGRADED,True,EXP-RESTRICT_ACCESS-0,2026-09-22T14:53:20.194639100
EXP8B-RESTRICT_ACCESS-R3-1790068999888,3,RESTRICT_ACCESS,3142,1,True,EXP-RESTRICT_ACCESS-1,DOOR-SENSOR-001,SMART_DOOR_LOCK,CONTROL,PASS,80.0,36.3,RESTRICT,DOWNGRADED,57.075,67.147,0xf72956c84fee86fbfb9e645611f6f1edeb152a3289b58df2340aea806b5ba1a6,31863,1405,Restricted by Smart Contract: Adaptive authorization enforced for intermediate trust (80) or moderate risk (36).,RESTRICT,DOWNGRADED,True,EXP-RESTRICT_ACCESS-1,2026-09-22T14:53:20.261928800
EXP8B-RESTRICT_ACCESS-R3-1790068999888,3,RESTRICT_ACCESS,3142,2,True,EXP-RESTRICT_ACCESS-2,DOOR-SENSOR-001,SMART_DOOR_LOCK,CONTROL,PASS,80.0,36.3,RESTRICT,DOWNGRADED,50.337,59.22,0x8349c50e351d4f87beb3ec4079fc03b76c0654723f10939c10d67a8c166748ee,31863,1406,Restricted by Smart Contract: Adaptive authorization enforced for intermediate trust (80) or moderate risk (36).,RESTRICT,DOWNGRADED,True,EXP-RESTRICT_ACCESS-2,2026-09-22T14:53:20.321132300
EXP8B-RESTRICT_ACCESS-R3-1790068999888,3,RESTRICT_ACCESS,3142,3,True,EXP-RESTRICT_ACCESS-3,DOOR-SENSOR-001,SMART_DOOR_LOCK,CONTROL,PASS,80.0,36.3,RESTRICT,DOWNGRADED,53.328,62.739,0xb5a3ddb27af2e16db11e576c6b4d1b523469cacb994996fa4c176c471246ea6d,31863,1407,Restricted by Smart Contract: Adaptive authorization enforced for intermediate trust (80) or moderate risk (36).,RESTRICT,DOWNGRADED,True,EXP-RESTRICT_ACCESS-3,2026-09-22T14:53:20.383820
EXP8B-RESTRICT_ACCESS-R3-1790068999888,3,RESTRICT_ACCESS,3142,4,True,EXP-RESTRICT_ACCESS-4,DOOR-SENSOR-001,SMART_DOOR_LOCK,CONTROL,PASS,80.0,36.3,RESTRICT,DOWNGRADED,53.502,62.944,0x6029cb1111de3f62d00a4203f49262021933dde8e76f4069710173fe7a86655c,31863,1408,Restricted by Smart Contract: Adaptive authorization enforced for intermediate trust (80) or moderate risk (36).,RESTRICT,DOWNGRADED,True,EXP-RESTRICT_ACCESS-4,2026-09-22T14:53:20.446876700
EXP8B-RESTRICT_ACCESS-R3-1790068999888,3,RESTRICT_ACCESS,3142,5,True,EXP-RESTRICT_ACCESS-5,DOOR-SENSOR-001,SMART_DOOR_LOCK,CONTROL,PASS,80.0,36.3,RESTRICT,DOWNGRADED,48.292,56.814,0x4d12d7b8150c8d6aad818fe39d33dc5077b193f35830c19a19993cf9a973b0d0,31863,1409,Restricted by Smart Contract: Adaptive authorization enforced for intermediate trust (80) or moderate risk (36).,RESTRICT,DOWNGRADED,True,EXP-RESTRICT_ACCESS-5,2026-09-22T14:53:20.503888800
EXP8B-RESTRICT_ACCESS-R3-1790068999888,3,RESTRICT_ACCESS,3142,6,True,EXP-RESTRICT_ACCESS-6,DOOR-SENSOR-001,SMART_DOOR_LOCK,CONTROL,PASS,80.0,36.3,RESTRICT,DOWNGRADED,46.83,55.095,0x1d3cf800f6a2b13ce152b7d42fa8622a1f687c1c9c787c9e52e1fdb69c01c904,31863,1410,Restricted by Smart Contract: Adaptive authorization enforced for intermediate trust (80) or moderate risk (36).,RESTRICT,DOWNGRADED,True,EXP-RESTRICT_ACCESS-6,2026-09-22T14:53:20.558678900
EXP8B-RESTRICT_ACCESS-R3-1790068999888,3,RESTRICT_ACCESS,3142,7,True,EXP-RESTRICT_ACCESS-7,DOOR-SENSOR-001,SMART_DOOR_LOCK,CONTROL,PASS,80.0,36.3,RESTRICT,DOWNGRADED,50.13,58.976,0x6554fa7fd3bcc6a587a081014d499b01a60d1d6ef0799ae68c1bb69f748d17a7,31863,1411,Restricted by Smart Contract: Adaptive authorization enforced for intermediate trust (80) or moderate risk (36).,RESTRICT,DOWNGRADED,True,EXP-RESTRICT_ACCESS-7,2026-09-22T14:53:20.617738200
EXP8B-RESTRICT_ACCESS-R3-1790068999888,3,RESTRICT_ACCESS,3142,8,True,EXP-RESTRICT_ACCESS-8,DOOR-SENSOR-001,SMART_DOOR_LOCK,CONTROL,PASS,80.0,36.3,RESTRICT,DOWNGRADED,137.949,162.293,0x4dc5eb8b40d3e98d5e4db981138b80a2ce147ec3aad15ddd73dfc22fa380f5c0,31863,1412,Restricted by Smart Contract: Adaptive authorization enforced for intermediate trust (80) or moderate risk (36).,RESTRICT,DOWNGRADED,True,EXP-RESTRICT_ACCESS-8,2026-09-22T14:53:20.779993400
EXP8B-RESTRICT_ACCESS-R3-1790068999888,3,RESTRICT_ACCESS,3142,9,True,EXP-RESTRICT_ACCESS-9,DOOR-SENSOR-001,SMART_DOOR_LOCK,CONTROL,PASS,80.0,36.3,RESTRICT,DOWNGRADED,261.825,308.029,0x5ae5af5f8d172abee3a2f38a4e1cbd11dc1d97152de10ed07386ef5f492d0d55,31863,1413,Restricted by Smart Contract: Adaptive authorization enforced for intermediate trust (80) or moderate risk (36).,RESTRICT,DOWNGRADED,True,EXP-RESTRICT_ACCESS-9,2026-09-22T14:53:21.088595300
EXP8B-RESTRICT_ACCESS-R3-1790068999888,3,RESTRICT_ACCESS,3142,1,False,EXP-RESTRICT_ACCESS-0,DOOR-SENSOR-001,SMART_DOOR_LOCK,CONTROL,PASS,80.0,36.3,RESTRICT,DOWNGRADED,69.04,81.223,0xa127e64736cc3a5165b1960aacbccad8255196ce5d194d0811855fa17561da48,31863,1414,Restricted by Smart Contract: Adaptive authorization enforced for intermediate trust (80) or moderate risk (36).,RESTRICT,DOWNGRADED,True,EXP-RESTRICT_ACCESS-0,2026-09-22T14:53:21.169941200
EXP8B-RESTRICT_ACCESS-R3-1790068999888,3,RESTRICT_ACCESS,3142,2,False,EXP-RESTRICT_ACCESS-1,DOOR-SENSOR-001,SMART_DOOR_LOCK,CONTROL,PASS,80.0,36.3,RESTRICT,DOWNGRADED,59.247,69.702,0x50ce125a6524a1ee7c2c1456babb469200d61f3fe82aa7391d37d8b0cdcaa12a,31863,1415,Restricted by Smart Contract: Adaptive authorization enforced for intermediate trust (80) or moderate risk (36).,RESTRICT,DOWNGRADED,True,EXP-RESTRICT_ACCESS-1,2026-09-22T14:53:21.239378400
EXP8B-RESTRICT_ACCESS-R3-1790068999888,3,RESTRICT_ACCESS,3142,3,False,EXP-RESTRICT_ACCESS-2,DOOR-SENSOR-001,SMART_DOOR_LOCK,CONTROL,PASS,80.0,36.3,RESTRICT,DOWNGRADED,55.465,65.253,0x91a87091e4f1284ca774e30e93b99500f1bc33cb2f5b6bb4a10ac4307d01062c,31863,1416,Restricted by Smart Contract: Adaptive authorization enforced for intermediate trust (80) or moderate risk (36).,RESTRICT,DOWNGRADED,True,EXP-RESTRICT_ACCESS-2,2026-09-22T14:53:21.304768700
EXP8B-RESTRICT_ACCESS-R3-1790068999888,3,RESTRICT_ACCESS,3142,4,False,EXP-RESTRICT_ACCESS-3,DOOR-SENSOR-001,SMART_DOOR_LOCK,CONTROL,PASS,80.0,36.3,RESTRICT,DOWNGRADED,53.439,62.87,0x461f674aa5301bd958a137cd93df144457fd494db45e8dd2ca648a0e5156df93,31863,1417,Restricted by Smart Contract: Adaptive authorization enforced for intermediate trust (80) or moderate risk (36).,RESTRICT,DOWNGRADED,True,EXP-RESTRICT_ACCESS-3,2026-09-22T14:53:21.367679200
EXP8B-RESTRICT_ACCESS-R3-1790068999888,3,RESTRICT_ACCESS,3142,5,False,EXP-RESTRICT_ACCESS-4,DOOR-SENSOR-001,SMART_DOOR_LOCK,CONTROL,PASS,80.0,36.3,RESTRICT,DOWNGRADED,44.9,52.824,0xb32f9a60783e49c71bf3912c7013d783c60f6fb9da5665d0f26bb83986e2d0f7,31863,1418,Restricted by Smart Contract: Adaptive authorization enforced for intermediate trust (80) or moderate risk (36).,RESTRICT,DOWNGRADED,True,EXP-RESTRICT_ACCESS-4,2026-09-22T14:53:21.420520
EXP8B-RESTRICT_ACCESS-R3-1790068999888,3,RESTRICT_ACCESS,3142,6,False,EXP-RESTRICT_ACCESS-5,DOOR-SENSOR-001,SMART_DOOR_LOCK,CONTROL,PASS,80.0,36.3,RESTRICT,DOWNGRADED,49.199,57.881,0xa595fbd705aa081aeb1ab5a3bb12d77d49c7bf97e67a9e0f89a13e53ddc0f21b,31863,1419,Restricted by Smart Contract: Adaptive authorization enforced for intermediate trust (80) or moderate risk (36).,RESTRICT,DOWNGRADED,True,EXP-RESTRICT_ACCESS-5,2026-09-22T14:53:21.478484100
EXP8B-RESTRICT_ACCESS-R3-1790068999888,3,RESTRICT_ACCESS,3142,7,False,EXP-RESTRICT_ACCESS-6,DOOR-SENSOR-001,SMART_DOOR_LOCK,CONTROL,PASS,80.0,36.3,RESTRICT,DOWNGRADED,54.323,63.909,0x8892dd7eec33efd19fad8b284ff13f423db96b97663d45ca2283696cb090f667,31863,1420,Restricted by Smart Contract: Adaptive authorization enforced for intermediate trust (80) or moderate risk (36).,RESTRICT,DOWNGRADED,True,EXP-RESTRICT_ACCESS-6,2026-09-22T14:53:21.542486200
EXP8B-RESTRICT_ACCESS-R3-1790068999888,3,RESTRICT_ACCESS,3142,8,False,EXP-RESTRICT_ACCESS-7,DOOR-SENSOR-001,SMART_DOOR_LOCK,CONTROL,PASS,80.0,36.3,RESTRICT,DOWNGRADED,51.622,60.731,0x857fc644750d2759f869d3f3df9d629a6e7f395b199d5ae2fbc6218ba257211c,31863,1421,Restricted by Smart Contract: Adaptive authorization enforced for intermediate trust (80) or moderate risk (36).,RESTRICT,DOWNGRADED,True,EXP-RESTRICT_ACCESS-7,2026-09-22T14:53:21.603201300
EXP8B-RESTRICT_ACCESS-R3-1790068999888,3,RESTRICT_ACCESS,3142,9,False,EXP-RESTRICT_ACCESS-8,DOOR-SENSOR-001,SMART_DOOR_LOCK,CONTROL,PASS,80.0,36.3,RESTRICT,DOWNGRADED,63.379,74.563,0xb597d203cf772d55fad91a30ac57e05cca4975f9dbf5b7cf5fc1880372d1a465,31863,1422,Restricted by Smart Contract: Adaptive authorization enforced for intermediate trust (80) or moderate risk (36).,RESTRICT,DOWNGRADED,True,EXP-RESTRICT_ACCESS-8,2026-09-22T14:53:21.677526
EXP8B-RESTRICT_ACCESS-R3-1790068999888,3,RESTRICT_ACCESS,3142,10,False,EXP-RESTRICT_ACCESS-9,DOOR-SENSOR-001,SMART_DOOR_LOCK,CONTROL,PASS,80.0,36.3,RESTRICT,DOWNGRADED,48.195,56.7,0x4d3084da6169d122bcadf42f679fcb3e7b410057d7acf376e6b3dd6106424016,31863,1423,Restricted by Smart Contract: Adaptive authorization enforced for intermediate trust (80) or moderate risk (36).,RESTRICT,DOWNGRADED,True,EXP-RESTRICT_ACCESS-9,2026-09-22T14:53:21.734515800
EXP8B-RESTRICT_ACCESS-R3-1790068999888,3,RESTRICT_ACCESS,3142,11,False,EXP-RESTRICT_ACCESS-10,DOOR-SENSOR-001,SMART_DOOR_LOCK,CONTROL,PASS,80.0,36.3,RESTRICT,DOWNGRADED,54.775,64.441,0x3ec9907650854649a4686294f8091f920c9a894bafa8a558c85b37a83633ec70,31863,1424,Restricted by Smart Contract: Adaptive authorization enforced for intermediate trust (80) or moderate risk (36).,RESTRICT,DOWNGRADED,True,EXP-RESTRICT_ACCESS-10,2026-09-22T14:53:21.798981400
EXP8B-RESTRICT_ACCESS-R3-1790068999888,3,RESTRICT_ACCESS,3142,12,False,EXP-RESTRICT_ACCESS-11,DOOR-SENSOR-001,SMART_DOOR_LOCK,CONTROL,PASS,80.0,36.3,RESTRICT,DOWNGRADED,45.588,53.633,0x807920a68143e5894f8a4df2778785eae39d318a8003317022758eecb3a79969,31863,1425,Restricted by Smart Contract: Adaptive authorization enforced for intermediate trust (80) or moderate risk (36).,RESTRICT,DOWNGRADED,True,EXP-RESTRICT_ACCESS-11,2026-09-22T14:53:21.853013
EXP8B-RESTRICT_ACCESS-R3-1790068999888,3,RESTRICT_ACCESS,3142,13,False,EXP-RESTRICT_ACCESS-12,DOOR-SENSOR-001,SMART_DOOR_LOCK,CONTROL,PASS,80.0,36.3,RESTRICT,DOWNGRADED,59.938,70.516,0x416a8de7ebb2a5fc2bca7342deb4b65b5f4227cfcfda2a8d8c313a7535af976e,31863,1426,Restricted by Smart Contract: Adaptive authorization enforced for intermediate trust (80) or moderate risk (36).,RESTRICT,DOWNGRADED,True,EXP-RESTRICT_ACCESS-12,2026-09-22T14:53:21.923357800
EXP8B-RESTRICT_ACCESS-R3-1790068999888,3,RESTRICT_ACCESS,3142,14,False,EXP-RESTRICT_ACCESS-13,DOOR-SENSOR-001,SMART_DOOR_LOCK,CONTROL,PASS,80.0,36.3,RESTRICT,DOWNGRADED,62.053,73.004,0x5e1daafd5ab3f25dc1aa4386f79155f92f56165af5240178b33f7b780ea35cd0,31863,1427,Restricted by Smart Contract: Adaptive authorization enforced for intermediate trust (80) or moderate risk (36).,RESTRICT,DOWNGRADED,True,EXP-RESTRICT_ACCESS-13,2026-09-22T14:53:21.996493100
EXP8B-RESTRICT_ACCESS-R3-1790068999888,3,RESTRICT_ACCESS,3142,15,False,EXP-RESTRICT_ACCESS-14,DOOR-SENSOR-001,SMART_DOOR_LOCK,CONTROL,PASS,80.0,36.3,RESTRICT,DOWNGRADED,64.419,75.787,0x58ff5db7a69b3508aff8ac8c101425d50cc9e3605686d8372ee2b03f4dac33ed,31863,1428,Restricted by Smart Contract: Adaptive authorization enforced for intermediate trust (80) or moderate risk (36).,RESTRICT,DOWNGRADED,True,EXP-RESTRICT_ACCESS-14,2026-09-22T14:53:22.072013400
EXP8B-RESTRICT_ACCESS-R3-1790068999888,3,RESTRICT_ACCESS,3142,16,False,EXP-RESTRICT_ACCESS-15,DOOR-SENSOR-001,SMART_DOOR_LOCK,CONTROL,PASS,80.0,36.3,RESTRICT,DOWNGRADED,50.535,59.453,0xb788cf4461336f8cfaebd2d53ebbb74113a37af76b629e30dc9c2c5e93190d37,31863,1429,Restricted by Smart Contract: Adaptive authorization enforced for intermediate trust (80) or moderate risk (36).,RESTRICT,DOWNGRADED,True,EXP-RESTRICT_ACCESS-15,2026-09-22T14:53:22.131613700
EXP8B-RESTRICT_ACCESS-R3-1790068999888,3,RESTRICT_ACCESS,3142,17,False,EXP-RESTRICT_ACCESS-16,DOOR-SENSOR-001,SMART_DOOR_LOCK,CONTROL,PASS,80.0,36.3,RESTRICT,DOWNGRADED,49.708,58.48,0x69c6c46363e7510a8802933e5f8641f8145ba2c2d64c050706c52e7f8c3ca6d8,31863,1430,Restricted by Smart Contract: Adaptive authorization enforced for intermediate trust (80) or moderate risk (36).,RESTRICT,DOWNGRADED,True,EXP-RESTRICT_ACCESS-16,2026-09-22T14:53:22.190225
EXP8B-RESTRICT_ACCESS-R3-1790068999888,3,RESTRICT_ACCESS,3142,18,False,EXP-RESTRICT_ACCESS-17,DOOR-SENSOR-001,SMART_DOOR_LOCK,CONTROL,PASS,80.0,36.3,RESTRICT,DOWNGRADED,41.327,48.62,0x3a3a9dfe1409c12523e7a3aa18debbf88d2eac63b7b2205699ed28de1256b12d,31863,1431,Restricted by Smart Contract: Adaptive authorization enforced for intermediate trust (80) or moderate risk (36).,RESTRICT,DOWNGRADED,True,EXP-RESTRICT_ACCESS-17,2026-09-22T14:53:22.238741200
EXP8B-RESTRICT_ACCESS-R3-1790068999888,3,RESTRICT_ACCESS,3142,19,False,EXP-RESTRICT_ACCESS-18,DOOR-SENSOR-001,SMART_DOOR_LOCK,CONTROL,PASS,80.0,36.3,RESTRICT,DOWNGRADED,50.701,59.649,0x4a48a8570da2296bfbc2765dd6c82f73086694af234450696a254460cf60113c,31863,1432,Restricted by Smart Contract: Adaptive authorization enforced for intermediate trust (80) or moderate risk (36).,RESTRICT,DOWNGRADED,True,EXP-RESTRICT_ACCESS-18,2026-09-22T14:53:22.298848300
EXP8B-RESTRICT_ACCESS-R3-1790068999888,3,RESTRICT_ACCESS,3142,20,False,EXP-RESTRICT_ACCESS-19,DOOR-SENSOR-001,SMART_DOOR_LOCK,CONTROL,PASS,80.0,36.3,RESTRICT,DOWNGRADED,49.398,58.115,0x5e8d5b08b09bc0fefbb19eff3bac5e05b77710dd6fef7599d36c5c6006d8fe55,31863,1433,Restricted by Smart Contract: Adaptive authorization enforced for intermediate trust (80) or moderate risk (36).,RESTRICT,DOWNGRADED,True,EXP-RESTRICT_ACCESS-19,2026-09-22T14:53:22.356558100
EXP8B-RESTRICT_ACCESS-R3-1790068999888,3,RESTRICT_ACCESS,3142,21,False,EXP-RESTRICT_ACCESS-20,DOOR-SENSOR-001,SMART_DOOR_LOCK,CONTROL,PASS,80.0,36.3,RESTRICT,DOWNGRADED,48.173,56.674,0x45f2e7eddccfacf28dabae263bebd32de2e244ebc0457a5835242e45635f5113,31863,1434,Restricted by Smart Contract: Adaptive authorization enforced for intermediate trust (80) or moderate risk (36).,RESTRICT,DOWNGRADED,True,EXP-RESTRICT_ACCESS-20,2026-09-22T14:53:22.413616900
EXP8B-RESTRICT_ACCESS-R3-1790068999888,3,RESTRICT_ACCESS,3142,22,False,EXP-RESTRICT_ACCESS-21,DOOR-SENSOR-001,SMART_DOOR_LOCK,CONTROL,PASS,80.0,36.3,RESTRICT,DOWNGRADED,48.52,57.083,0xd93520241f6ca0a81e38ff9743f0bdfd5ca1baf8b571018dad254b6ea246080d,31863,1435,Restricted by Smart Contract: Adaptive authorization enforced for intermediate trust (80) or moderate risk (36).,RESTRICT,DOWNGRADED,True,EXP-RESTRICT_ACCESS-21,2026-09-22T14:53:22.470647500
EXP8B-RESTRICT_ACCESS-R3-1790068999888,3,RESTRICT_ACCESS,3142,23,False,EXP-RESTRICT_ACCESS-22,DOOR-SENSOR-001,SMART_DOOR_LOCK,CONTROL,PASS,80.0,36.3,RESTRICT,DOWNGRADED,51.842,60.991,0x0206a1c33b7189ab13e2ad532bc45a6fd1f2a18098fcd5142a0941ecec3cde45,31863,1436,Restricted by Smart Contract: Adaptive authorization enforced for intermediate trust (80) or moderate risk (36).,RESTRICT,DOWNGRADED,True,EXP-RESTRICT_ACCESS-22,2026-09-22T14:53:22.531480100
EXP8B-RESTRICT_ACCESS-R3-1790068999888,3,RESTRICT_ACCESS,3142,24,False,EXP-RESTRICT_ACCESS-23,DOOR-SENSOR-001,SMART_DOOR_LOCK,CONTROL,PASS,80.0,36.3,RESTRICT,DOWNGRADED,49.868,58.668,0x7139edcdca61747da3c706058becbf6e5ae11cf1fce6c94e9b46833243ebd3b9,31863,1437,Restricted by Smart Contract: Adaptive authorization enforced for intermediate trust (80) or moderate risk (36).,RESTRICT,DOWNGRADED,True,EXP-RESTRICT_ACCESS-23,2026-09-22T14:53:22.590316600
EXP8B-RESTRICT_ACCESS-R3-1790068999888,3,RESTRICT_ACCESS,3142,25,False,EXP-RESTRICT_ACCESS-24,DOOR-SENSOR-001,SMART_DOOR_LOCK,CONTROL,PASS,80.0,36.3,RESTRICT,DOWNGRADED,61.35,72.176,0x77d2def553b0bac1bfb121c328ba666a2eca5b80a306e5577d1a628a1f89566e,31863,1438,Restricted by Smart Contract: Adaptive authorization enforced for intermediate trust (80) or moderate risk (36).,RESTRICT,DOWNGRADED,True,EXP-RESTRICT_ACCESS-24,2026-09-22T14:53:22.662322300
EXP8B-RESTRICT_ACCESS-R3-1790068999888,3,RESTRICT_ACCESS,3142,26,False,EXP-RESTRICT_ACCESS-25,DOOR-SENSOR-001,SMART_DOOR_LOCK,CONTROL,PASS,80.0,36.3,RESTRICT,DOWNGRADED,50.097,58.938,0x36c208bd2299b892cf3c543b9ac6cb06252a3a7017bd07cda5fab91653a0a7e4,31863,1439,Restricted by Smart Contract: Adaptive authorization enforced for intermediate trust (80) or moderate risk (36).,RESTRICT,DOWNGRADED,True,EXP-RESTRICT_ACCESS-25,2026-09-22T14:53:22.721461
EXP8B-RESTRICT_ACCESS-R3-1790068999888,3,RESTRICT_ACCESS,3142,27,False,EXP-RESTRICT_ACCESS-26,DOOR-SENSOR-001,SMART_DOOR_LOCK,CONTROL,PASS,80.0,36.3,RESTRICT,DOWNGRADED,50.136,58.984,0x780e79f77f3f3488ddaa0e834f0506cec61cd16a4b26e338e06d94d61c224272,31863,1440,Restricted by Smart Contract: Adaptive authorization enforced for intermediate trust (80) or moderate risk (36).,RESTRICT,DOWNGRADED,True,EXP-RESTRICT_ACCESS-26,2026-09-22T14:53:22.780445500
EXP8B-RESTRICT_ACCESS-R3-1790068999888,3,RESTRICT_ACCESS,3142,28,False,EXP-RESTRICT_ACCESS-27,DOOR-SENSOR-001,SMART_DOOR_LOCK,CONTROL,PASS,80.0,36.3,RESTRICT,DOWNGRADED,57.358,67.48,0x7c8036ec0c5296b4c853f92103ab85333daae01ac472c0d9cedf8a3aa2ab61e2,31863,1441,Restricted by Smart Contract: Adaptive authorization enforced for intermediate trust (80) or moderate risk (36).,RESTRICT,DOWNGRADED,True,EXP-RESTRICT_ACCESS-27,2026-09-22T14:53:22.848020500
EXP8B-RESTRICT_ACCESS-R3-1790068999888,3,RESTRICT_ACCESS,3142,29,False,EXP-RESTRICT_ACCESS-28,DOOR-SENSOR-001,SMART_DOOR_LOCK,CONTROL,PASS,80.0,36.3,RESTRICT,DOWNGRADED,55.729,65.564,0x46400a1514bce954a142abbc5f7a716f9b73c7ecb501dc04c87d14f0ab47c98a,31863,1442,Restricted by Smart Contract: Adaptive authorization enforced for intermediate trust (80) or moderate risk (36).,RESTRICT,DOWNGRADED,True,EXP-RESTRICT_ACCESS-28,2026-09-22T14:53:22.913549
EXP8B-RESTRICT_ACCESS-R3-1790068999888,3,RESTRICT_ACCESS,3142,30,False,EXP-RESTRICT_ACCESS-29,DOOR-SENSOR-001,SMART_DOOR_LOCK,CONTROL,PASS,80.0,36.3,RESTRICT,DOWNGRADED,63.985,75.277,0xc442b7470615556343b8670ecce9ddf4b6aa08b3ede65527125df1dbbbbc5ea1,31863,1443,Restricted by Smart Contract: Adaptive authorization enforced for intermediate trust (80) or moderate risk (36).,RESTRICT,DOWNGRADED,True,EXP-RESTRICT_ACCESS-29,2026-09-22T14:53:22.989109
EXP8B-LOW_TRUST-R1-1790069003127,1,LOW_TRUST,1242,0,True,EXP-LOW_TRUST-0,DOOR-SENSOR-001,SMART_DOOR_LOCK,READ,PASS,20.0,14.0,DENY,BLOCKED,48.866,57.49,0xafe28eb6eab68bf83eab86b94ec3fd6915a6360637e121ce365d998cc95c7a40,31863,1444,Denied by Smart Contract: Insufficient trust (20) or excessive contextual risk (14).,DENY,BLOCKED,True,EXP-LOW_TRUST-0,2026-09-22T14:53:23.422870400
EXP8B-LOW_TRUST-R1-1790069003127,1,LOW_TRUST,1242,1,True,EXP-LOW_TRUST-1,DOOR-SENSOR-001,SMART_DOOR_LOCK,READ,PASS,20.0,14.0,DENY,BLOCKED,50.398,59.292,0x074c114975fcf3a5229369945217147e3bb1a776972c23569107720b65243243,31863,1445,Denied by Smart Contract: Insufficient trust (20) or excessive contextual risk (14).,DENY,BLOCKED,True,EXP-LOW_TRUST-1,2026-09-22T14:53:23.482051700
EXP8B-LOW_TRUST-R1-1790069003127,1,LOW_TRUST,1242,2,True,EXP-LOW_TRUST-2,DOOR-SENSOR-001,SMART_DOOR_LOCK,READ,PASS,20.0,14.0,DENY,BLOCKED,48.834,57.452,0x5fcd31da9382cbd252ecd822c30f1c9f6ad186ef5045d5186fdaa42db7891029,31863,1446,Denied by Smart Contract: Insufficient trust (20) or excessive contextual risk (14).,DENY,BLOCKED,True,EXP-LOW_TRUST-2,2026-09-22T14:53:23.539741400
EXP8B-LOW_TRUST-R1-1790069003127,1,LOW_TRUST,1242,3,True,EXP-LOW_TRUST-3,DOOR-SENSOR-001,SMART_DOOR_LOCK,READ,PASS,20.0,14.0,DENY,BLOCKED,52.156,61.36,0xc8899e13ad1e0240a002207cd4e6d024546d44f97e9edaa904711e2975f40ad3,31863,1447,Denied by Smart Contract: Insufficient trust (20) or excessive contextual risk (14).,DENY,BLOCKED,True,EXP-LOW_TRUST-3,2026-09-22T14:53:23.600961600
EXP8B-LOW_TRUST-R1-1790069003127,1,LOW_TRUST,1242,4,True,EXP-LOW_TRUST-4,DOOR-SENSOR-001,SMART_DOOR_LOCK,READ,PASS,20.0,14.0,DENY,BLOCKED,66.57,78.317,0x51a14062bd1ac2b6ae6eb2f140050742450893c9a80b84a84746f54eb1e72b87,31863,1448,Denied by Smart Contract: Insufficient trust (20) or excessive contextual risk (14).,DENY,BLOCKED,True,EXP-LOW_TRUST-4,2026-09-22T14:53:23.679691100
EXP8B-LOW_TRUST-R1-1790069003127,1,LOW_TRUST,1242,5,True,EXP-LOW_TRUST-5,DOOR-SENSOR-001,SMART_DOOR_LOCK,READ,PASS,20.0,14.0,DENY,BLOCKED,70.286,82.689,0x335634caec9182cb83ccafbc060ad4872fa554fde652d07abbed93faf371a705,31863,1449,Denied by Smart Contract: Insufficient trust (20) or excessive contextual risk (14).,DENY,BLOCKED,True,EXP-LOW_TRUST-5,2026-09-22T14:53:23.762260800
EXP8B-LOW_TRUST-R1-1790069003127,1,LOW_TRUST,1242,6,True,EXP-LOW_TRUST-6,DOOR-SENSOR-001,SMART_DOOR_LOCK,READ,PASS,20.0,14.0,DENY,BLOCKED,58.685,69.042,0xa034f5934706da9a331567573ce9a2249fa68bcf7ef1a46dbc1defa6b3f027d6,31863,1450,Denied by Smart Contract: Insufficient trust (20) or excessive contextual risk (14).,DENY,BLOCKED,True,EXP-LOW_TRUST-6,2026-09-22T14:53:23.831548400
EXP8B-LOW_TRUST-R1-1790069003127,1,LOW_TRUST,1242,7,True,EXP-LOW_TRUST-7,DOOR-SENSOR-001,SMART_DOOR_LOCK,READ,PASS,20.0,14.0,DENY,BLOCKED,55.544,65.346,0x1f3e2d79efe20fe42a4f8a53fc22059fb24aaf471d2437dc37ea7091942b6be9,31863,1451,Denied by Smart Contract: Insufficient trust (20) or excessive contextual risk (14).,DENY,BLOCKED,True,EXP-LOW_TRUST-7,2026-09-22T14:53:23.896682500
EXP8B-LOW_TRUST-R1-1790069003127,1,LOW_TRUST,1242,8,True,EXP-LOW_TRUST-8,DOOR-SENSOR-001,SMART_DOOR_LOCK,READ,PASS,20.0,14.0,DENY,BLOCKED,58.956,69.36,0x5fde14c4525685a76c75ad68f3a6e05ca6a9a5b44bbb1cac130b18d221441007,31863,1452,Denied by Smart Contract: Insufficient trust (20) or excessive contextual risk (14).,DENY,BLOCKED,True,EXP-LOW_TRUST-8,2026-09-22T14:53:23.965911400
EXP8B-LOW_TRUST-R1-1790069003127,1,LOW_TRUST,1242,9,True,EXP-LOW_TRUST-9,DOOR-SENSOR-001,SMART_DOOR_LOCK,READ,PASS,20.0,14.0,DENY,BLOCKED,49.28,57.977,0x9e4a8c1074ac619f51807f8a7197b9c808eea3e45da5ff000bb0e0c1e117df85,31863,1453,Denied by Smart Contract: Insufficient trust (20) or excessive contextual risk (14).,DENY,BLOCKED,True,EXP-LOW_TRUST-9,2026-09-22T14:53:24.024482800
EXP8B-LOW_TRUST-R1-1790069003127,1,LOW_TRUST,1242,1,False,EXP-LOW_TRUST-0,DOOR-SENSOR-001,SMART_DOOR_LOCK,READ,PASS,20.0,14.0,DENY,BLOCKED,42.054,49.476,0x3f2e1b8db0ee3ede12450dca46f683e5cfef3f10c89ca6b48bb4d1543d152f3b,31863,1454,Denied by Smart Contract: Insufficient trust (20) or excessive contextual risk (14).,DENY,BLOCKED,True,EXP-LOW_TRUST-0,2026-09-22T14:53:24.073698700
EXP8B-LOW_TRUST-R1-1790069003127,1,LOW_TRUST,1242,2,False,EXP-LOW_TRUST-1,DOOR-SENSOR-001,SMART_DOOR_LOCK,READ,PASS,20.0,14.0,DENY,BLOCKED,46.155,54.3,0x59deaceda583128ca9bb95defeec278b8b4268662996abbc8ae2cecde73f9179,31863,1455,Denied by Smart Contract: Insufficient trust (20) or excessive contextual risk (14).,DENY,BLOCKED,True,EXP-LOW_TRUST-1,2026-09-22T14:53:24.128276200
EXP8B-LOW_TRUST-R1-1790069003127,1,LOW_TRUST,1242,3,False,EXP-LOW_TRUST-2,DOOR-SENSOR-001,SMART_DOOR_LOCK,READ,PASS,20.0,14.0,DENY,BLOCKED,44.657,52.538,0xca2da4fde5f2b34ccc42a78a776f2be8eb51696fb8c1eeb4cc87566bcda5f220,31863,1456,Denied by Smart Contract: Insufficient trust (20) or excessive contextual risk (14).,DENY,BLOCKED,True,EXP-LOW_TRUST-2,2026-09-22T14:53:24.180614900
EXP8B-LOW_TRUST-R1-1790069003127,1,LOW_TRUST,1242,4,False,EXP-LOW_TRUST-3,DOOR-SENSOR-001,SMART_DOOR_LOCK,READ,PASS,20.0,14.0,DENY,BLOCKED,51.096,60.114,0x187153fd2524518b6a7b36a6e72b50d531682f8d1fd2e1b0234b7b02ce0a983a,31863,1457,Denied by Smart Contract: Insufficient trust (20) or excessive contextual risk (14).,DENY,BLOCKED,True,EXP-LOW_TRUST-3,2026-09-22T14:53:24.241055400
EXP8B-LOW_TRUST-R1-1790069003127,1,LOW_TRUST,1242,5,False,EXP-LOW_TRUST-4,DOOR-SENSOR-001,SMART_DOOR_LOCK,READ,PASS,20.0,14.0,DENY,BLOCKED,44.929,52.857,0x71f24b69735341d3fdf31a5f89b6eade8cd46e9fde1bacb311d31a2df941c9ee,31863,1458,Denied by Smart Contract: Insufficient trust (20) or excessive contextual risk (14).,DENY,BLOCKED,True,EXP-LOW_TRUST-4,2026-09-22T14:53:24.293623
EXP8B-LOW_TRUST-R1-1790069003127,1,LOW_TRUST,1242,6,False,EXP-LOW_TRUST-5,DOOR-SENSOR-001,SMART_DOOR_LOCK,READ,PASS,20.0,14.0,DENY,BLOCKED,55.084,64.804,0xbc2bbc6ad0ede1976b6070148649ccee706c8b90993f98c490bce77a0640926f,31863,1459,Denied by Smart Contract: Insufficient trust (20) or excessive contextual risk (14).,DENY,BLOCKED,True,EXP-LOW_TRUST-5,2026-09-22T14:53:24.358442200
EXP8B-LOW_TRUST-R1-1790069003127,1,LOW_TRUST,1242,7,False,EXP-LOW_TRUST-6,DOOR-SENSOR-001,SMART_DOOR_LOCK,READ,PASS,20.0,14.0,DENY,BLOCKED,60.569,71.257,0xeac242b3bb31274f7317304ccd4c45c2f4a61873f5800534d481f39bd8cac972,31863,1460,Denied by Smart Contract: Insufficient trust (20) or excessive contextual risk (14).,DENY,BLOCKED,True,EXP-LOW_TRUST-6,2026-09-22T14:53:24.429969900
EXP8B-LOW_TRUST-R1-1790069003127,1,LOW_TRUST,1242,8,False,EXP-LOW_TRUST-7,DOOR-SENSOR-001,SMART_DOOR_LOCK,READ,PASS,20.0,14.0,DENY,BLOCKED,58.226,68.501,0x8d16a13f7707417f10ce4a0d3ad7cf67bfe26d7cf850732865ee3169029b8402,31863,1461,Denied by Smart Contract: Insufficient trust (20) or excessive contextual risk (14).,DENY,BLOCKED,True,EXP-LOW_TRUST-7,2026-09-22T14:53:24.498602800
EXP8B-LOW_TRUST-R1-1790069003127,1,LOW_TRUST,1242,9,False,EXP-LOW_TRUST-8,DOOR-SENSOR-001,SMART_DOOR_LOCK,READ,PASS,20.0,14.0,DENY,BLOCKED,56.47,66.435,0x0f3fec98f5e165e58cc44a168c1f2a15d3df14f0b445d285f5b07bf296c95129,31863,1462,Denied by Smart Contract: Insufficient trust (20) or excessive contextual risk (14).,DENY,BLOCKED,True,EXP-LOW_TRUST-8,2026-09-22T14:53:24.564987600
EXP8B-LOW_TRUST-R1-1790069003127,1,LOW_TRUST,1242,10,False,EXP-LOW_TRUST-9,DOOR-SENSOR-001,SMART_DOOR_LOCK,READ,PASS,20.0,14.0,DENY,BLOCKED,44.128,51.915,0xc527f6a01d76286a48f209a8ba492b78a81588403c07de40aa591d0d9d104c34,31863,1463,Denied by Smart Contract: Insufficient trust (20) or excessive contextual risk (14).,DENY,BLOCKED,True,EXP-LOW_TRUST-9,2026-09-22T14:53:24.616983500
EXP8B-LOW_TRUST-R1-1790069003127,1,LOW_TRUST,1242,11,False,EXP-LOW_TRUST-10,DOOR-SENSOR-001,SMART_DOOR_LOCK,READ,PASS,20.0,14.0,DENY,BLOCKED,43.063,50.663,0x3d905ac2d3c3b12af2b2dba94cd09ba134da3951d11793b193ed1a4a7121c19f,31863,1464,Denied by Smart Contract: Insufficient trust (20) or excessive contextual risk (14).,DENY,BLOCKED,True,EXP-LOW_TRUST-10,2026-09-22T14:53:24.667441600
EXP8B-LOW_TRUST-R1-1790069003127,1,LOW_TRUST,1242,12,False,EXP-LOW_TRUST-11,DOOR-SENSOR-001,SMART_DOOR_LOCK,READ,PASS,20.0,14.0,DENY,BLOCKED,50.268,59.139,0x1b87d550585f4f57aa8431b2c1625268f6d79b4c98f8038c0311a6041d554f29,31863,1465,Denied by Smart Contract: Insufficient trust (20) or excessive contextual risk (14).,DENY,BLOCKED,True,EXP-LOW_TRUST-11,2026-09-22T14:53:24.726666600
EXP8B-LOW_TRUST-R1-1790069003127,1,LOW_TRUST,1242,13,False,EXP-LOW_TRUST-12,DOOR-SENSOR-001,SMART_DOOR_LOCK,READ,PASS,20.0,14.0,DENY,BLOCKED,89.637,105.456,0x3720286ce344d6e0ba8f3c4cb574e7e5fb2be9cdc840822feeb5eb2fdba24e19,31863,1466,Denied by Smart Contract: Insufficient trust (20) or excessive contextual risk (14).,DENY,BLOCKED,True,EXP-LOW_TRUST-12,2026-09-22T14:53:24.832270800
EXP8B-LOW_TRUST-R1-1790069003127,1,LOW_TRUST,1242,14,False,EXP-LOW_TRUST-13,DOOR-SENSOR-001,SMART_DOOR_LOCK,READ,PASS,20.0,14.0,DENY,BLOCKED,83.354,98.064,0xdc76ed30f0b282322ebe111cf0d58b685e04eb676269891f1814c3efed21ce39,31863,1467,Denied by Smart Contract: Insufficient trust (20) or excessive contextual risk (14).,DENY,BLOCKED,True,EXP-LOW_TRUST-13,2026-09-22T14:53:24.930675300
EXP8B-LOW_TRUST-R1-1790069003127,1,LOW_TRUST,1242,15,False,EXP-LOW_TRUST-14,DOOR-SENSOR-001,SMART_DOOR_LOCK,READ,PASS,20.0,14.0,DENY,BLOCKED,73.019,85.905,0xcfebdaa44f88a77211c2025a90b89012644bd7731d67fc89d65c4f6b0f83d69a,31863,1468,Denied by Smart Contract: Insufficient trust (20) or excessive contextual risk (14).,DENY,BLOCKED,True,EXP-LOW_TRUST-14,2026-09-22T14:53:25.016217900
EXP8B-LOW_TRUST-R1-1790069003127,1,LOW_TRUST,1242,16,False,EXP-LOW_TRUST-15,DOOR-SENSOR-001,SMART_DOOR_LOCK,READ,PASS,20.0,14.0,DENY,BLOCKED,62.354,73.357,0xf3ea6abfd3e92c0d7ac8dd4329dab0f8f5af04b9fac4c1bc280a8b1bc13bc424,31863,1469,Denied by Smart Contract: Insufficient trust (20) or excessive contextual risk (14).,DENY,BLOCKED,True,EXP-LOW_TRUST-15,2026-09-22T14:53:25.089763
EXP8B-LOW_TRUST-R1-1790069003127,1,LOW_TRUST,1242,17,False,EXP-LOW_TRUST-16,DOOR-SENSOR-001,SMART_DOOR_LOCK,READ,PASS,20.0,14.0,DENY,BLOCKED,55.74,65.577,0x79291dc9dfc37a0f426fe55d9dfb9c5e07acb786a45305ab4ff8b9534b9cc497,31863,1470,Denied by Smart Contract: Insufficient trust (20) or excessive contextual risk (14).,DENY,BLOCKED,True,EXP-LOW_TRUST-16,2026-09-22T14:53:25.155717500
EXP8B-LOW_TRUST-R1-1790069003127,1,LOW_TRUST,1242,18,False,EXP-LOW_TRUST-17,DOOR-SENSOR-001,SMART_DOOR_LOCK,READ,PASS,20.0,14.0,DENY,BLOCKED,63.028,74.15,0xd5bfec87e62fd87eea00e6787a9cbcbfde2a340ce85b190ce21201994de58702,31863,1471,Denied by Smart Contract: Insufficient trust (20) or excessive contextual risk (14).,DENY,BLOCKED,True,EXP-LOW_TRUST-17,2026-09-22T14:53:25.229764300
EXP8B-LOW_TRUST-R1-1790069003127,1,LOW_TRUST,1242,19,False,EXP-LOW_TRUST-18,DOOR-SENSOR-001,SMART_DOOR_LOCK,READ,PASS,20.0,14.0,DENY,BLOCKED,56.39,66.341,0xaea31ac48e110d73b321511e20af36823c33228358a940391d27e5a784440cfb,31863,1472,Denied by Smart Contract: Insufficient trust (20) or excessive contextual risk (14).,DENY,BLOCKED,True,EXP-LOW_TRUST-18,2026-09-22T14:53:25.296272900
EXP8B-LOW_TRUST-R1-1790069003127,1,LOW_TRUST,1242,20,False,EXP-LOW_TRUST-19,DOOR-SENSOR-001,SMART_DOOR_LOCK,READ,PASS,20.0,14.0,DENY,BLOCKED,55.692,65.52,0x1ac4295d5c03d02bec258a9a4e1dce16cfe05e90b7881068a8eace3f5808fc46,31863,1473,Denied by Smart Contract: Insufficient trust (20) or excessive contextual risk (14).,DENY,BLOCKED,True,EXP-LOW_TRUST-19,2026-09-22T14:53:25.361618200
EXP8B-LOW_TRUST-R1-1790069003127,1,LOW_TRUST,1242,21,False,EXP-LOW_TRUST-20,DOOR-SENSOR-001,SMART_DOOR_LOCK,READ,PASS,20.0,14.0,DENY,BLOCKED,50.893,59.874,0xbc5fa7df4089c49746fa8a6312ac5e7c4ebbe445b8d5be2c1f909b45a1ebca1d,31863,1474,Denied by Smart Contract: Insufficient trust (20) or excessive contextual risk (14).,DENY,BLOCKED,True,EXP-LOW_TRUST-20,2026-09-22T14:53:25.421437200
EXP8B-LOW_TRUST-R1-1790069003127,1,LOW_TRUST,1242,22,False,EXP-LOW_TRUST-21,DOOR-SENSOR-001,SMART_DOOR_LOCK,READ,PASS,20.0,14.0,DENY,BLOCKED,54.168,63.727,0xbb875bd38b451268f19aab2f5266b1ef4d0efc972ea1098430b45e222dd16803,31863,1475,Denied by Smart Contract: Insufficient trust (20) or excessive contextual risk (14).,DENY,BLOCKED,True,EXP-LOW_TRUST-21,2026-09-22T14:53:25.485442
EXP8B-LOW_TRUST-R1-1790069003127,1,LOW_TRUST,1242,23,False,EXP-LOW_TRUST-22,DOOR-SENSOR-001,SMART_DOOR_LOCK,READ,PASS,20.0,14.0,DENY,BLOCKED,52.444,61.699,0xa42d365fccbf41a486f21950dc6c3e30044c0da3c8a604a4e40611599274def4,31863,1476,Denied by Smart Contract: Insufficient trust (20) or excessive contextual risk (14).,DENY,BLOCKED,True,EXP-LOW_TRUST-22,2026-09-22T14:53:25.547439800
EXP8B-LOW_TRUST-R1-1790069003127,1,LOW_TRUST,1242,24,False,EXP-LOW_TRUST-23,DOOR-SENSOR-001,SMART_DOOR_LOCK,READ,PASS,20.0,14.0,DENY,BLOCKED,100.194,117.875,0x4060893735cff297b4afbcfb0f8333c2b8a84cbd08893812c608f79a8b8601ac,31863,1477,Denied by Smart Contract: Insufficient trust (20) or excessive contextual risk (14).,DENY,BLOCKED,True,EXP-LOW_TRUST-23,2026-09-22T14:53:25.665069400
EXP8B-LOW_TRUST-R1-1790069003127,1,LOW_TRUST,1242,25,False,EXP-LOW_TRUST-24,DOOR-SENSOR-001,SMART_DOOR_LOCK,READ,PASS,20.0,14.0,DENY,BLOCKED,68.766,80.901,0xc246953ecf5e8553c37c9f7851b12ae0ecd95e2b38e262cee320202691f6cdcc,31863,1478,Denied by Smart Contract: Insufficient trust (20) or excessive contextual risk (14).,DENY,BLOCKED,True,EXP-LOW_TRUST-24,2026-09-22T14:53:25.746199600
EXP8B-LOW_TRUST-R1-1790069003127,1,LOW_TRUST,1242,26,False,EXP-LOW_TRUST-25,DOOR-SENSOR-001,SMART_DOOR_LOCK,READ,PASS,20.0,14.0,DENY,BLOCKED,69.408,81.657,0xbeacffc5e877441ea176c95c78a23c87a296ca33c374236b8fa9b0f32b550348,31863,1479,Denied by Smart Contract: Insufficient trust (20) or excessive contextual risk (14).,DENY,BLOCKED,True,EXP-LOW_TRUST-25,2026-09-22T14:53:25.828102500
EXP8B-LOW_TRUST-R1-1790069003127,1,LOW_TRUST,1242,27,False,EXP-LOW_TRUST-26,DOOR-SENSOR-001,SMART_DOOR_LOCK,READ,PASS,20.0,14.0,DENY,BLOCKED,70.072,82.438,0xbd8005fdd530e3428d5c0bf18711aad98d95ccb6e039007acb7e7a5abd3e31b5,31863,1480,Denied by Smart Contract: Insufficient trust (20) or excessive contextual risk (14).,DENY,BLOCKED,True,EXP-LOW_TRUST-26,2026-09-22T14:53:25.910244100
EXP8B-LOW_TRUST-R1-1790069003127,1,LOW_TRUST,1242,28,False,EXP-LOW_TRUST-27,DOOR-SENSOR-001,SMART_DOOR_LOCK,READ,PASS,20.0,14.0,DENY,BLOCKED,74.947,88.173,0xe7dce088733c681865740765126da198e54975385943bbe6a4657d8926c5321a,31863,1481,Denied by Smart Contract: Insufficient trust (20) or excessive contextual risk (14).,DENY,BLOCKED,True,EXP-LOW_TRUST-27,2026-09-22T14:53:25.998612
EXP8B-LOW_TRUST-R1-1790069003127,1,LOW_TRUST,1242,29,False,EXP-LOW_TRUST-28,DOOR-SENSOR-001,SMART_DOOR_LOCK,READ,PASS,20.0,14.0,DENY,BLOCKED,71.667,84.314,0x9cf6625c3154591e4eab4cf9f7210e4067c7a05222634a0fc43773e2d288335d,31863,1482,Denied by Smart Contract: Insufficient trust (20) or excessive contextual risk (14).,DENY,BLOCKED,True,EXP-LOW_TRUST-28,2026-09-22T14:53:26.082984
EXP8B-LOW_TRUST-R1-1790069003127,1,LOW_TRUST,1242,30,False,EXP-LOW_TRUST-29,DOOR-SENSOR-001,SMART_DOOR_LOCK,READ,PASS,20.0,14.0,DENY,BLOCKED,73.293,86.228,0xedc18221cb3754a8ded62c2af4a9c59bc8b9a7a4f9951a0997eaf583f938d39f,31863,1483,Denied by Smart Contract: Insufficient trust (20) or excessive contextual risk (14).,DENY,BLOCKED,True,EXP-LOW_TRUST-29,2026-09-22T14:53:26.169095600
EXP8B-LOW_TRUST-R2-1790069006296,2,LOW_TRUST,2242,0,True,EXP-LOW_TRUST-0,DOOR-SENSOR-001,SMART_DOOR_LOCK,READ,PASS,20.0,14.0,DENY,BLOCKED,57.598,67.763,0x57daf2c484e8794369305a7c9d68425b5cc0651f775aa3d31ce396acbb9773eb,31863,1484,Denied by Smart Contract: Insufficient trust (20) or excessive contextual risk (14).,DENY,BLOCKED,True,EXP-LOW_TRUST-0,2026-09-22T14:53:26.591025900
EXP8B-LOW_TRUST-R2-1790069006296,2,LOW_TRUST,2242,1,True,EXP-LOW_TRUST-1,DOOR-SENSOR-001,SMART_DOOR_LOCK,READ,PASS,20.0,14.0,DENY,BLOCKED,54.144,63.699,0x0de0398b1d76344fa784ea38bceda7fe6fa61248144b5aa9a9f8c7f6af59a686,31863,1485,Denied by Smart Contract: Insufficient trust (20) or excessive contextual risk (14).,DENY,BLOCKED,True,EXP-LOW_TRUST-1,2026-09-22T14:53:26.654372100
EXP8B-LOW_TRUST-R2-1790069006296,2,LOW_TRUST,2242,2,True,EXP-LOW_TRUST-2,DOOR-SENSOR-001,SMART_DOOR_LOCK,READ,PASS,20.0,14.0,DENY,BLOCKED,44.927,52.855,0x9829fb7efb6676ab2aae528fc301f034e48361d0a86775771bcf2903c1fedd9a,31863,1486,Denied by Smart Contract: Insufficient trust (20) or excessive contextual risk (14).,DENY,BLOCKED,True,EXP-LOW_TRUST-2,2026-09-22T14:53:26.707490100
EXP8B-LOW_TRUST-R2-1790069006296,2,LOW_TRUST,2242,3,True,EXP-LOW_TRUST-3,DOOR-SENSOR-001,SMART_DOOR_LOCK,READ,PASS,20.0,14.0,DENY,BLOCKED,43.954,51.71,0x06cf3a1c115e44875dece8e5653a28a4f276a73ab8ac44a7231aecb99c68462a,31863,1487,Denied by Smart Contract: Insufficient trust (20) or excessive contextual risk (14).,DENY,BLOCKED,True,EXP-LOW_TRUST-3,2026-09-22T14:53:26.759108800
EXP8B-LOW_TRUST-R2-1790069006296,2,LOW_TRUST,2242,4,True,EXP-LOW_TRUST-4,DOOR-SENSOR-001,SMART_DOOR_LOCK,READ,PASS,20.0,14.0,DENY,BLOCKED,44.358,52.186,0x740c894c8f77de136081bc63acbf02521238b5bb95c6a7ebefd669fef8c205f8,31863,1488,Denied by Smart Contract: Insufficient trust (20) or excessive contextual risk (14).,DENY,BLOCKED,True,EXP-LOW_TRUST-4,2026-09-22T14:53:26.811772200
EXP8B-LOW_TRUST-R2-1790069006296,2,LOW_TRUST,2242,5,True,EXP-LOW_TRUST-5,DOOR-SENSOR-001,SMART_DOOR_LOCK,READ,PASS,20.0,14.0,DENY,BLOCKED,47.882,56.332,0x8d698354a967a472fb2d15beaf83ac95db5cbc7412f93e2e51e043c594ea0bc9,31863,1489,Denied by Smart Contract: Insufficient trust (20) or excessive contextual risk (14).,DENY,BLOCKED,True,EXP-LOW_TRUST-5,2026-09-22T14:53:26.867945
EXP8B-LOW_TRUST-R2-1790069006296,2,LOW_TRUST,2242,6,True,EXP-LOW_TRUST-6,DOOR-SENSOR-001,SMART_DOOR_LOCK,READ,PASS,20.0,14.0,DENY,BLOCKED,60.277,70.914,0xcefed980ecafda6d9fc729f3263e9c1aae994066e2405cdcfdd4acaa74d70cc4,31863,1490,Denied by Smart Contract: Insufficient trust (20) or excessive contextual risk (14).,DENY,BLOCKED,True,EXP-LOW_TRUST-6,2026-09-22T14:53:26.938933900
EXP8B-LOW_TRUST-R2-1790069006296,2,LOW_TRUST,2242,7,True,EXP-LOW_TRUST-7,DOOR-SENSOR-001,SMART_DOOR_LOCK,READ,PASS,20.0,14.0,DENY,BLOCKED,67.387,79.279,0x83acc19aa8eb6be8effc8aacd9a9742b98f4dc288835bb9029992141a6c4fb0c,31863,1491,Denied by Smart Contract: Insufficient trust (20) or excessive contextual risk (14).,DENY,BLOCKED,True,EXP-LOW_TRUST-7,2026-09-22T14:53:27.017918300
EXP8B-LOW_TRUST-R2-1790069006296,2,LOW_TRUST,2242,8,True,EXP-LOW_TRUST-8,DOOR-SENSOR-001,SMART_DOOR_LOCK,READ,PASS,20.0,14.0,DENY,BLOCKED,67.23,79.094,0x2e55d622dab5afa1d01705d3a6d9d71b582cc2d13230e6b97ed46aa696a08fd7,31863,1492,Denied by Smart Contract: Insufficient trust (20) or excessive contextual risk (14).,DENY,BLOCKED,True,EXP-LOW_TRUST-8,2026-09-22T14:53:27.096875600
EXP8B-LOW_TRUST-R2-1790069006296,2,LOW_TRUST,2242,9,True,EXP-LOW_TRUST-9,DOOR-SENSOR-001,SMART_DOOR_LOCK,READ,PASS,20.0,14.0,DENY,BLOCKED,55.919,65.787,0x7ddc7d7b4e8d8eff6d21f5b8f94e082b2078da71e693e3d4f11c28e752ec3af8,31863,1493,Denied by Smart Contract: Insufficient trust (20) or excessive contextual risk (14).,DENY,BLOCKED,True,EXP-LOW_TRUST-9,2026-09-22T14:53:27.162920900
EXP8B-LOW_TRUST-R2-1790069006296,2,LOW_TRUST,2242,1,False,EXP-LOW_TRUST-0,DOOR-SENSOR-001,SMART_DOOR_LOCK,READ,PASS,20.0,14.0,DENY,BLOCKED,58.532,68.861,0x0b7ff4b0d727a279e043db229ec046c8ff316e161245c5e9452c60b89a0b7c22,31863,1494,Denied by Smart Contract: Insufficient trust (20) or excessive contextual risk (14).,DENY,BLOCKED,True,EXP-LOW_TRUST-0,2026-09-22T14:53:27.232053200
EXP8B-LOW_TRUST-R2-1790069006296,2,LOW_TRUST,2242,2,False,EXP-LOW_TRUST-1,DOOR-SENSOR-001,SMART_DOOR_LOCK,READ,PASS,20.0,14.0,DENY,BLOCKED,57.507,67.656,0x51054b6f67af05b5ceb89f1c2636e4a019adf39a3f36041d4c92972283557807,31863,1495,Denied by Smart Contract: Insufficient trust (20) or excessive contextual risk (14).,DENY,BLOCKED,True,EXP-LOW_TRUST-1,2026-09-22T14:53:27.299963800
EXP8B-LOW_TRUST-R2-1790069006296,2,LOW_TRUST,2242,3,False,EXP-LOW_TRUST-2,DOOR-SENSOR-001,SMART_DOOR_LOCK,READ,PASS,20.0,14.0,DENY,BLOCKED,63.28,74.447,0xf59c943b4f8698703fbe725d019a29af381b65e904badb272bdc0e0c2524234c,31863,1496,Denied by Smart Contract: Insufficient trust (20) or excessive contextual risk (14).,DENY,BLOCKED,True,EXP-LOW_TRUST-2,2026-09-22T14:53:27.374496700
EXP8B-LOW_TRUST-R2-1790069006296,2,LOW_TRUST,2242,4,False,EXP-LOW_TRUST-3,DOOR-SENSOR-001,SMART_DOOR_LOCK,READ,PASS,20.0,14.0,DENY,BLOCKED,64.641,76.048,0xdee479461e2069cef63454b26af4a0321a8fd681c6386777bf124032aa19d8bd,31863,1497,Denied by Smart Contract: Insufficient trust (20) or excessive contextual risk (14).,DENY,BLOCKED,True,EXP-LOW_TRUST-3,2026-09-22T14:53:27.450632600
EXP8B-LOW_TRUST-R2-1790069006296,2,LOW_TRUST,2242,5,False,EXP-LOW_TRUST-4,DOOR-SENSOR-001,SMART_DOOR_LOCK,READ,PASS,20.0,14.0,DENY,BLOCKED,50.84,59.812,0x81cb2c4ddc8fdbf5aa89d24eda67c5a1c20a8b3a259bab17a82a20cdd39230b2,31863,1498,Denied by Smart Contract: Insufficient trust (20) or excessive contextual risk (14).,DENY,BLOCKED,True,EXP-LOW_TRUST-4,2026-09-22T14:53:27.510752200
EXP8B-LOW_TRUST-R2-1790069006296,2,LOW_TRUST,2242,6,False,EXP-LOW_TRUST-5,DOOR-SENSOR-001,SMART_DOOR_LOCK,READ,PASS,20.0,14.0,DENY,BLOCKED,47.782,56.215,0xd16042d7ee6c9a4946e3586014d9ac1ed881a2d9141fc9fc2a6be1f1e84b8f5e,31863,1499,Denied by Smart Contract: Insufficient trust (20) or excessive contextual risk (14).,DENY,BLOCKED,True,EXP-LOW_TRUST-5,2026-09-22T14:53:27.566767700
EXP8B-LOW_TRUST-R2-1790069006296,2,LOW_TRUST,2242,7,False,EXP-LOW_TRUST-6,DOOR-SENSOR-001,SMART_DOOR_LOCK,READ,PASS,20.0,14.0,DENY,BLOCKED,50.969,59.964,0x6f3106decef4bcb0fcfc76c475312b04e6744db823cee6cba75123dc92ecfd70,31863,1500,Denied by Smart Contract: Insufficient trust (20) or excessive contextual risk (14).,DENY,BLOCKED,True,EXP-LOW_TRUST-6,2026-09-22T14:53:27.626783500
EXP8B-LOW_TRUST-R2-1790069006296,2,LOW_TRUST,2242,8,False,EXP-LOW_TRUST-7,DOOR-SENSOR-001,SMART_DOOR_LOCK,READ,PASS,20.0,14.0,DENY,BLOCKED,45.246,53.23,0xf0687f2fb244adb76f0534863326a594e62a1e6b4fa209630ea6afececa2db91,31863,1501,Denied by Smart Contract: Insufficient trust (20) or excessive contextual risk (14).,DENY,BLOCKED,True,EXP-LOW_TRUST-7,2026-09-22T14:53:27.679937900
EXP8B-LOW_TRUST-R2-1790069006296,2,LOW_TRUST,2242,9,False,EXP-LOW_TRUST-8,DOOR-SENSOR-001,SMART_DOOR_LOCK,READ,PASS,20.0,14.0,DENY,BLOCKED,43.054,50.652,0xec22ed932ba81be8a4adbaf32c7192566beb0dc0a6ce6bc96541dd1a192b650c,31863,1502,Denied by Smart Contract: Insufficient trust (20) or excessive contextual risk (14).,DENY,BLOCKED,True,EXP-LOW_TRUST-8,2026-09-22T14:53:27.730627200
EXP8B-LOW_TRUST-R2-1790069006296,2,LOW_TRUST,2242,10,False,EXP-LOW_TRUST-9,DOOR-SENSOR-001,SMART_DOOR_LOCK,READ,PASS,20.0,14.0,DENY,BLOCKED,43.725,51.442,0x4ce0b8e73e01ed84674e1674e4cbdeb214ffa18c763984fe9f39d0ef6e088168,31863,1503,Denied by Smart Contract: Insufficient trust (20) or excessive contextual risk (14).,DENY,BLOCKED,True,EXP-LOW_TRUST-9,2026-09-22T14:53:27.782358600
EXP8B-LOW_TRUST-R2-1790069006296,2,LOW_TRUST,2242,11,False,EXP-LOW_TRUST-10,DOOR-SENSOR-001,SMART_DOOR_LOCK,READ,PASS,20.0,14.0,DENY,BLOCKED,54.072,63.614,0x2f769c591002a27d5f9ba11d25e33826a3e4324e9aea5f9261bd6c9286a4c187,31863,1504,Denied by Smart Contract: Insufficient trust (20) or excessive contextual risk (14).,DENY,BLOCKED,True,EXP-LOW_TRUST-10,2026-09-22T14:53:27.845907
EXP8B-LOW_TRUST-R2-1790069006296,2,LOW_TRUST,2242,12,False,EXP-LOW_TRUST-11,DOOR-SENSOR-001,SMART_DOOR_LOCK,READ,PASS,20.0,14.0,DENY,BLOCKED,56.92,66.965,0x67d3825d8eddb768bbb0f095f22362995735d19d1069fc088fcf79016e7a3ffc,31863,1505,Denied by Smart Contract: Insufficient trust (20) or excessive contextual risk (14).,DENY,BLOCKED,True,EXP-LOW_TRUST-11,2026-09-22T14:53:27.912922500
EXP8B-LOW_TRUST-R2-1790069006296,2,LOW_TRUST,2242,13,False,EXP-LOW_TRUST-12,DOOR-SENSOR-001,SMART_DOOR_LOCK,READ,PASS,20.0,14.0,DENY,BLOCKED,77.708,91.421,0xd6583c70f8755f5c5dd4dc1be2a9436a654743571af2dc84c8d2a4d7afc7ef32,31863,1506,Denied by Smart Contract: Insufficient trust (20) or excessive contextual risk (14).,DENY,BLOCKED,True,EXP-LOW_TRUST-12,2026-09-22T14:53:28.004117700
EXP8B-LOW_TRUST-R2-1790069006296,2,LOW_TRUST,2242,14,False,EXP-LOW_TRUST-13,DOOR-SENSOR-001,SMART_DOOR_LOCK,READ,PASS,20.0,14.0,DENY,BLOCKED,64.51,75.894,0xcf6b434874bf9feb1954b98f5ac5c64a3c1c5a0d13b373d93867e110442935f9,31863,1507,Denied by Smart Contract: Insufficient trust (20) or excessive contextual risk (14).,DENY,BLOCKED,True,EXP-LOW_TRUST-13,2026-09-22T14:53:28.080401
EXP8B-LOW_TRUST-R2-1790069006296,2,LOW_TRUST,2242,15,False,EXP-LOW_TRUST-14,DOOR-SENSOR-001,SMART_DOOR_LOCK,READ,PASS,20.0,14.0,DENY,BLOCKED,57.362,67.484,0xf55c7475bd2626acaabe05f65f2b373475adcb578c023d5cd339ac9f4f2bb1c6,31863,1508,Denied by Smart Contract: Insufficient trust (20) or excessive contextual risk (14).,DENY,BLOCKED,True,EXP-LOW_TRUST-14,2026-09-22T14:53:28.147756800
EXP8B-LOW_TRUST-R2-1790069006296,2,LOW_TRUST,2242,16,False,EXP-LOW_TRUST-15,DOOR-SENSOR-001,SMART_DOOR_LOCK,READ,PASS,20.0,14.0,DENY,BLOCKED,52.383,61.627,0x1713825f8a7f98108aec3c11d268022d047dc39e79e8762dfc2d3863607b5218,31863,1509,Denied by Smart Contract: Insufficient trust (20) or excessive contextual risk (14).,DENY,BLOCKED,True,EXP-LOW_TRUST-15,2026-09-22T14:53:28.209512
EXP8B-LOW_TRUST-R2-1790069006296,2,LOW_TRUST,2242,17,False,EXP-LOW_TRUST-16,DOOR-SENSOR-001,SMART_DOOR_LOCK,READ,PASS,20.0,14.0,DENY,BLOCKED,49.856,58.654,0x55b5295b8b2b515ea3f4c92c921290c95401699494ce851b93e0996844b4bb94,31863,1510,Denied by Smart Contract: Insufficient trust (20) or excessive contextual risk (14).,DENY,BLOCKED,True,EXP-LOW_TRUST-16,2026-09-22T14:53:28.268413100
EXP8B-LOW_TRUST-R2-1790069006296,2,LOW_TRUST,2242,18,False,EXP-LOW_TRUST-17,DOOR-SENSOR-001,SMART_DOOR_LOCK,READ,PASS,20.0,14.0,DENY,BLOCKED,63.355,74.535,0xdd0ef6fe4e93023e89bc03a7a7a7b965b24bfbc3acdd880064ff1b332a690c3e,31863,1511,Denied by Smart Contract: Insufficient trust (20) or excessive contextual risk (14).,DENY,BLOCKED,True,EXP-LOW_TRUST-17,2026-09-22T14:53:28.342803100
EXP8B-LOW_TRUST-R2-1790069006296,2,LOW_TRUST,2242,19,False,EXP-LOW_TRUST-18,DOOR-SENSOR-001,SMART_DOOR_LOCK,READ,PASS,20.0,14.0,DENY,BLOCKED,48.999,57.646,0x2f72968cf364ce43ab09e70db2d3b9c9dbdfdc67910d6ff27631a1c73564cf3a,31863,1512,Denied by Smart Contract: Insufficient trust (20) or excessive contextual risk (14).,DENY,BLOCKED,True,EXP-LOW_TRUST-18,2026-09-22T14:53:28.400572100
EXP8B-LOW_TRUST-R2-1790069006296,2,LOW_TRUST,2242,20,False,EXP-LOW_TRUST-19,DOOR-SENSOR-001,SMART_DOOR_LOCK,READ,PASS,20.0,14.0,DENY,BLOCKED,367.765,432.664,0x7ebfbc59f713163926e9da3a44d936fa50e517d6e6e2850a8f52d1294a427dc0,31863,1513,Denied by Smart Contract: Insufficient trust (20) or excessive contextual risk (14).,DENY,BLOCKED,True,EXP-LOW_TRUST-19,2026-09-22T14:53:28.833541800
EXP8B-LOW_TRUST-R2-1790069006296,2,LOW_TRUST,2242,21,False,EXP-LOW_TRUST-20,DOOR-SENSOR-001,SMART_DOOR_LOCK,READ,PASS,20.0,14.0,DENY,BLOCKED,66.496,78.23,0x55b2830bb204893c8bcc9a387f642b24bbbe37cc2bcceeb39a41fee7af0094d6,31863,1514,Denied by Smart Contract: Insufficient trust (20) or excessive contextual risk (14).,DENY,BLOCKED,True,EXP-LOW_TRUST-20,2026-09-22T14:53:28.911590400
EXP8B-LOW_TRUST-R2-1790069006296,2,LOW_TRUST,2242,22,False,EXP-LOW_TRUST-21,DOOR-SENSOR-001,SMART_DOOR_LOCK,READ,PASS,20.0,14.0,DENY,BLOCKED,52.921,62.26,0x4a87077efabcc34b9f66942b92197f892873e9dae450201dddd9348049a878a8,31863,1515,Denied by Smart Contract: Insufficient trust (20) or excessive contextual risk (14).,DENY,BLOCKED,True,EXP-LOW_TRUST-21,2026-09-22T14:53:28.974200100
EXP8B-LOW_TRUST-R2-1790069006296,2,LOW_TRUST,2242,23,False,EXP-LOW_TRUST-22,DOOR-SENSOR-001,SMART_DOOR_LOCK,READ,PASS,20.0,14.0,DENY,BLOCKED,56.402,66.356,0x38db3c1c9f35328a5d6c05089012f5d3b68074f409bf54ec88a2e3ca058044bd,31863,1516,Denied by Smart Contract: Insufficient trust (20) or excessive contextual risk (14).,DENY,BLOCKED,True,EXP-LOW_TRUST-22,2026-09-22T14:53:29.040293800
EXP8B-LOW_TRUST-R2-1790069006296,2,LOW_TRUST,2242,24,False,EXP-LOW_TRUST-23,DOOR-SENSOR-001,SMART_DOOR_LOCK,READ,PASS,20.0,14.0,DENY,BLOCKED,59.569,70.081,0x205171c7436a2a57888360d8caffda278c9336bf2dd34e9548f49fbccb763c98,31863,1517,Denied by Smart Contract: Insufficient trust (20) or excessive contextual risk (14).,DENY,BLOCKED,True,EXP-LOW_TRUST-23,2026-09-22T14:53:29.110554800
EXP8B-LOW_TRUST-R2-1790069006296,2,LOW_TRUST,2242,25,False,EXP-LOW_TRUST-24,DOOR-SENSOR-001,SMART_DOOR_LOCK,READ,PASS,20.0,14.0,DENY,BLOCKED,50.491,59.401,0xf175c02ab870a88fa49ae7c1d24645467fe286df2ca79fda0520f1a49bc9c0fc,31863,1518,Denied by Smart Contract: Insufficient trust (20) or excessive contextual risk (14).,DENY,BLOCKED,True,EXP-LOW_TRUST-24,2026-09-22T14:53:29.170081100
EXP8B-LOW_TRUST-R2-1790069006296,2,LOW_TRUST,2242,26,False,EXP-LOW_TRUST-25,DOOR-SENSOR-001,SMART_DOOR_LOCK,READ,PASS,20.0,14.0,DENY,BLOCKED,47.308,55.657,0xf227f6fa7122e3dfe3cf41c8b8a4e9f2169af821472841812ff79c8ba90c0032,31863,1519,Denied by Smart Contract: Insufficient trust (20) or excessive contextual risk (14).,DENY,BLOCKED,True,EXP-LOW_TRUST-25,2026-09-22T14:53:29.225292600
EXP8B-LOW_TRUST-R2-1790069006296,2,LOW_TRUST,2242,27,False,EXP-LOW_TRUST-26,DOOR-SENSOR-001,SMART_DOOR_LOCK,READ,PASS,20.0,14.0,DENY,BLOCKED,43.901,51.649,0x2d8c32bff12ec161835a95b6d9868951240552b5501e849e92dd0b62d70b5709,31863,1520,Denied by Smart Contract: Insufficient trust (20) or excessive contextual risk (14).,DENY,BLOCKED,True,EXP-LOW_TRUST-26,2026-09-22T14:53:29.277080600
EXP8B-LOW_TRUST-R2-1790069006296,2,LOW_TRUST,2242,28,False,EXP-LOW_TRUST-27,DOOR-SENSOR-001,SMART_DOOR_LOCK,READ,PASS,20.0,14.0,DENY,BLOCKED,45.43,53.447,0x690b5809e79bb447a0c3ca7eeacc00fdeff9ca088d5adb5796f3b376f4d58778,31863,1521,Denied by Smart Contract: Insufficient trust (20) or excessive contextual risk (14).,DENY,BLOCKED,True,EXP-LOW_TRUST-27,2026-09-22T14:53:29.330721700
EXP8B-LOW_TRUST-R2-1790069006296,2,LOW_TRUST,2242,29,False,EXP-LOW_TRUST-28,DOOR-SENSOR-001,SMART_DOOR_LOCK,READ,PASS,20.0,14.0,DENY,BLOCKED,42.476,49.972,0x30950aa111114bd0eca00bc5a556aad4b099b863681fa27cdcbb27fafbfd8e2a,31863,1522,Denied by Smart Contract: Insufficient trust (20) or excessive contextual risk (14).,DENY,BLOCKED,True,EXP-LOW_TRUST-28,2026-09-22T14:53:29.380947300
EXP8B-LOW_TRUST-R2-1790069006296,2,LOW_TRUST,2242,30,False,EXP-LOW_TRUST-29,DOOR-SENSOR-001,SMART_DOOR_LOCK,READ,PASS,20.0,14.0,DENY,BLOCKED,49.156,57.83,0x8e0f8a253fde64d759a882498fa3d41cd0de12f2f03fdefcb32f64659c018bc6,31863,1523,Denied by Smart Contract: Insufficient trust (20) or excessive contextual risk (14).,DENY,BLOCKED,True,EXP-LOW_TRUST-29,2026-09-22T14:53:29.438886700
EXP8B-LOW_TRUST-R3-1790069009544,3,LOW_TRUST,3242,0,True,EXP-LOW_TRUST-0,DOOR-SENSOR-001,SMART_DOOR_LOCK,READ,PASS,20.0,14.0,DENY,BLOCKED,54.085,63.63,0xacf73f30db88ce954f76f3f3acac2ad93f275ea4d2698c2f78535f4b1f0f9d28,31863,1524,Denied by Smart Contract: Insufficient trust (20) or excessive contextual risk (14).,DENY,BLOCKED,True,EXP-LOW_TRUST-0,2026-09-22T14:53:29.835564100
EXP8B-LOW_TRUST-R3-1790069009544,3,LOW_TRUST,3242,1,True,EXP-LOW_TRUST-1,DOOR-SENSOR-001,SMART_DOOR_LOCK,READ,PASS,20.0,14.0,DENY,BLOCKED,49.919,58.729,0x0b658d41e7d30185a6b7eedc3e477dc63951ccbd7ecf183e775ab9692008e44f,31863,1525,Denied by Smart Contract: Insufficient trust (20) or excessive contextual risk (14).,DENY,BLOCKED,True,EXP-LOW_TRUST-1,2026-09-22T14:53:29.894500200
EXP8B-LOW_TRUST-R3-1790069009544,3,LOW_TRUST,3242,2,True,EXP-LOW_TRUST-2,DOOR-SENSOR-001,SMART_DOOR_LOCK,READ,PASS,20.0,14.0,DENY,BLOCKED,57.468,67.609,0xeb15222a0122568aba3021ab4293691d48716d41ef1a45a8234d42a03d200d8b,31863,1526,Denied by Smart Contract: Insufficient trust (20) or excessive contextual risk (14).,DENY,BLOCKED,True,EXP-LOW_TRUST-2,2026-09-22T14:53:29.961860500
EXP8B-LOW_TRUST-R3-1790069009544,3,LOW_TRUST,3242,3,True,EXP-LOW_TRUST-3,DOOR-SENSOR-001,SMART_DOOR_LOCK,READ,PASS,20.0,14.0,DENY,BLOCKED,49.631,58.389,0x0debcbdfa0e3fb88402b91501e95722bbefd18c6b02ca22ea30286787d365e7c,31863,1527,Denied by Smart Contract: Insufficient trust (20) or excessive contextual risk (14).,DENY,BLOCKED,True,EXP-LOW_TRUST-3,2026-09-22T14:53:30.020417200
EXP8B-LOW_TRUST-R3-1790069009544,3,LOW_TRUST,3242,4,True,EXP-LOW_TRUST-4,DOOR-SENSOR-001,SMART_DOOR_LOCK,READ,PASS,20.0,14.0,DENY,BLOCKED,48.696,57.289,0xa3e8b089a88839f7f164f19543966518b86637b1781bd3384cd3b1ee19bde1c6,31863,1528,Denied by Smart Contract: Insufficient trust (20) or excessive contextual risk (14).,DENY,BLOCKED,True,EXP-LOW_TRUST-4,2026-09-22T14:53:30.077731400
EXP8B-LOW_TRUST-R3-1790069009544,3,LOW_TRUST,3242,5,True,EXP-LOW_TRUST-5,DOOR-SENSOR-001,SMART_DOOR_LOCK,READ,PASS,20.0,14.0,DENY,BLOCKED,49.326,58.03,0x4f52343d845587a4ab8cd3480171e9fd16d50ad90dcf60d3690293b8b89fd8fa,31863,1529,Denied by Smart Contract: Insufficient trust (20) or excessive contextual risk (14).,DENY,BLOCKED,True,EXP-LOW_TRUST-5,2026-09-22T14:53:30.135916800
EXP8B-LOW_TRUST-R3-1790069009544,3,LOW_TRUST,3242,6,True,EXP-LOW_TRUST-6,DOOR-SENSOR-001,SMART_DOOR_LOCK,READ,PASS,20.0,14.0,DENY,BLOCKED,45.692,53.755,0xf4b339cf786abbfa5acde32c43aa2d3c8cbd833972215a8309cfa0bd4b31231d,31863,1530,Denied by Smart Contract: Insufficient trust (20) or excessive contextual risk (14).,DENY,BLOCKED,True,EXP-LOW_TRUST-6,2026-09-22T14:53:30.189430600
EXP8B-LOW_TRUST-R3-1790069009544,3,LOW_TRUST,3242,7,True,EXP-LOW_TRUST-7,DOOR-SENSOR-001,SMART_DOOR_LOCK,READ,PASS,20.0,14.0,DENY,BLOCKED,48.009,56.482,0x8f7a3805c1211b78eca772dbd7aafd3b819b570677d31aa36e2dd24cb306088a,31863,1531,Denied by Smart Contract: Insufficient trust (20) or excessive contextual risk (14).,DENY,BLOCKED,True,EXP-LOW_TRUST-7,2026-09-22T14:53:30.246202500
EXP8B-LOW_TRUST-R3-1790069009544,3,LOW_TRUST,3242,8,True,EXP-LOW_TRUST-8,DOOR-SENSOR-001,SMART_DOOR_LOCK,READ,PASS,20.0,14.0,DENY,BLOCKED,46.201,54.354,0xf21bf3a9e3fa674fddd0ed176b521371dd503141a02ccfadedc76f7fa68499f5,31863,1532,Denied by Smart Contract: Insufficient trust (20) or excessive contextual risk (14).,DENY,BLOCKED,True,EXP-LOW_TRUST-8,2026-09-22T14:53:30.300346
EXP8B-LOW_TRUST-R3-1790069009544,3,LOW_TRUST,3242,9,True,EXP-LOW_TRUST-9,DOOR-SENSOR-001,SMART_DOOR_LOCK,READ,PASS,20.0,14.0,DENY,BLOCKED,41.143,48.404,0xc1251737bd331408329a7a49b679d9b401591c7b4f46d8c2162297a867892924,31863,1533,Denied by Smart Contract: Insufficient trust (20) or excessive contextual risk (14).,DENY,BLOCKED,True,EXP-LOW_TRUST-9,2026-09-22T14:53:30.349130300
EXP8B-LOW_TRUST-R3-1790069009544,3,LOW_TRUST,3242,1,False,EXP-LOW_TRUST-0,DOOR-SENSOR-001,SMART_DOOR_LOCK,READ,PASS,20.0,14.0,DENY,BLOCKED,39.941,46.989,0x366d55a61f81effdc26abf6553aa60158c180aefcf1a36e4a67e7addefe26f21,31863,1534,Denied by Smart Contract: Insufficient trust (20) or excessive contextual risk (14).,DENY,BLOCKED,True,EXP-LOW_TRUST-0,2026-09-22T14:53:30.395914300
EXP8B-LOW_TRUST-R3-1790069009544,3,LOW_TRUST,3242,2,False,EXP-LOW_TRUST-1,DOOR-SENSOR-001,SMART_DOOR_LOCK,READ,PASS,20.0,14.0,DENY,BLOCKED,51.755,60.889,0x059af20dc4d0c78ff4797ab465e799732592dc7eebdf960572ef04b7ba8c1d0f,31863,1535,Denied by Smart Contract: Insufficient trust (20) or excessive contextual risk (14).,DENY,BLOCKED,True,EXP-LOW_TRUST-1,2026-09-22T14:53:30.456761700
EXP8B-LOW_TRUST-R3-1790069009544,3,LOW_TRUST,3242,3,False,EXP-LOW_TRUST-2,DOOR-SENSOR-001,SMART_DOOR_LOCK,READ,PASS,20.0,14.0,DENY,BLOCKED,55.231,64.977,0xcda3527e6b4fd0489f46e8d704e1fd8d6a537c6cd8b3cb82fcade9812e105293,31863,1536,Denied by Smart Contract: Insufficient trust (20) or excessive contextual risk (14).,DENY,BLOCKED,True,EXP-LOW_TRUST-2,2026-09-22T14:53:30.521545200
EXP8B-LOW_TRUST-R3-1790069009544,3,LOW_TRUST,3242,4,False,EXP-LOW_TRUST-3,DOOR-SENSOR-001,SMART_DOOR_LOCK,READ,PASS,20.0,14.0,DENY,BLOCKED,44.86,52.776,0xfb8a57d873f5db6bcfbfc12eb11636a0f542ee68ec854fe5408aaa0d8b6b2ed5,31863,1537,Denied by Smart Contract: Insufficient trust (20) or excessive contextual risk (14).,DENY,BLOCKED,True,EXP-LOW_TRUST-3,2026-09-22T14:53:30.574799100
EXP8B-LOW_TRUST-R3-1790069009544,3,LOW_TRUST,3242,5,False,EXP-LOW_TRUST-4,DOOR-SENSOR-001,SMART_DOOR_LOCK,READ,PASS,20.0,14.0,DENY,BLOCKED,46.231,54.389,0x9e600c9b1df95c9157367460f5497f8ff1ea0ba375026b7b5cabfc87689209d6,31863,1538,Denied by Smart Contract: Insufficient trust (20) or excessive contextual risk (14).,DENY,BLOCKED,True,EXP-LOW_TRUST-4,2026-09-22T14:53:30.629438700
EXP8B-LOW_TRUST-R3-1790069009544,3,LOW_TRUST,3242,6,False,EXP-LOW_TRUST-5,DOOR-SENSOR-001,SMART_DOOR_LOCK,READ,PASS,20.0,14.0,DENY,BLOCKED,46.973,55.263,0x720a7129967146406e61077bb1ee3d83d8f8ea7325ebf792d847fb1a88548b29,31863,1539,Denied by Smart Contract: Insufficient trust (20) or excessive contextual risk (14).,DENY,BLOCKED,True,EXP-LOW_TRUST-5,2026-09-22T14:53:30.684445100
EXP8B-LOW_TRUST-R3-1790069009544,3,LOW_TRUST,3242,7,False,EXP-LOW_TRUST-6,DOOR-SENSOR-001,SMART_DOOR_LOCK,READ,PASS,20.0,14.0,DENY,BLOCKED,56.071,65.966,0x4ba03f483cc307817894a3b6e06b48571ebd36f340afed376dcbbb8488ee24d9,31863,1540,Denied by Smart Contract: Insufficient trust (20) or excessive contextual risk (14).,DENY,BLOCKED,True,EXP-LOW_TRUST-6,2026-09-22T14:53:30.750440800
EXP8B-LOW_TRUST-R3-1790069009544,3,LOW_TRUST,3242,8,False,EXP-LOW_TRUST-7,DOOR-SENSOR-001,SMART_DOOR_LOCK,READ,PASS,20.0,14.0,DENY,BLOCKED,49.783,58.569,0x40e762eab075dcb206e49ff266f70b09570fc9a0ac11a3849da3f6715f990550,31863,1541,Denied by Smart Contract: Insufficient trust (20) or excessive contextual risk (14).,DENY,BLOCKED,True,EXP-LOW_TRUST-7,2026-09-22T14:53:30.809002800
EXP8B-LOW_TRUST-R3-1790069009544,3,LOW_TRUST,3242,9,False,EXP-LOW_TRUST-8,DOOR-SENSOR-001,SMART_DOOR_LOCK,READ,PASS,20.0,14.0,DENY,BLOCKED,47.022,55.32,0x08d1575a059534181aa1b7c7eb8e011acc7fe93e22ec1d1b9a6dcb8de7081ee2,31863,1542,Denied by Smart Contract: Insufficient trust (20) or excessive contextual risk (14).,DENY,BLOCKED,True,EXP-LOW_TRUST-8,2026-09-22T14:53:30.864380200
EXP8B-LOW_TRUST-R3-1790069009544,3,LOW_TRUST,3242,10,False,EXP-LOW_TRUST-9,DOOR-SENSOR-001,SMART_DOOR_LOCK,READ,PASS,20.0,14.0,DENY,BLOCKED,47.501,55.883,0x80f53dbdafeea09e0604724184a94267163f0ad99bbb7b6c48a01fb02d38a0be,31863,1543,Denied by Smart Contract: Insufficient trust (20) or excessive contextual risk (14).,DENY,BLOCKED,True,EXP-LOW_TRUST-9,2026-09-22T14:53:30.920286100
EXP8B-LOW_TRUST-R3-1790069009544,3,LOW_TRUST,3242,11,False,EXP-LOW_TRUST-10,DOOR-SENSOR-001,SMART_DOOR_LOCK,READ,PASS,20.0,14.0,DENY,BLOCKED,50.297,59.173,0x3257dc6554ea41b02e2984bd55b712c19d2dd1662a5f2a9e1bb1cb0991315497,31863,1544,Denied by Smart Contract: Insufficient trust (20) or excessive contextual risk (14).,DENY,BLOCKED,True,EXP-LOW_TRUST-10,2026-09-22T14:53:30.979481200
EXP8B-LOW_TRUST-R3-1790069009544,3,LOW_TRUST,3242,12,False,EXP-LOW_TRUST-11,DOOR-SENSOR-001,SMART_DOOR_LOCK,READ,PASS,20.0,14.0,DENY,BLOCKED,58.454,68.77,0x584333fd532e7415200a8f8319bfd30712407ae3fc82842113140295f0c8c7e2,31863,1545,Denied by Smart Contract: Insufficient trust (20) or excessive contextual risk (14).,DENY,BLOCKED,True,EXP-LOW_TRUST-11,2026-09-22T14:53:31.048536700
EXP8B-LOW_TRUST-R3-1790069009544,3,LOW_TRUST,3242,13,False,EXP-LOW_TRUST-12,DOOR-SENSOR-001,SMART_DOOR_LOCK,READ,PASS,20.0,14.0,DENY,BLOCKED,56.939,66.987,0x3ff9328194478bab356a478aa7f615a45ddd2f5598cfb63c1d7d4006dbed3402,31863,1546,Denied by Smart Contract: Insufficient trust (20) or excessive contextual risk (14).,DENY,BLOCKED,True,EXP-LOW_TRUST-12,2026-09-22T14:53:31.115684400
EXP8B-LOW_TRUST-R3-1790069009544,3,LOW_TRUST,3242,14,False,EXP-LOW_TRUST-13,DOOR-SENSOR-001,SMART_DOOR_LOCK,READ,PASS,20.0,14.0,DENY,BLOCKED,60.214,70.84,0x0bdbd21544dca95990d31a41be93522f36eabafa90d2d5c7da99e176381a30da,31863,1547,Denied by Smart Contract: Insufficient trust (20) or excessive contextual risk (14).,DENY,BLOCKED,True,EXP-LOW_TRUST-13,2026-09-22T14:53:31.186462300
EXP8B-LOW_TRUST-R3-1790069009544,3,LOW_TRUST,3242,15,False,EXP-LOW_TRUST-14,DOOR-SENSOR-001,SMART_DOOR_LOCK,READ,PASS,20.0,14.0,DENY,BLOCKED,56.364,66.311,0x5b1e70adf495acda6c804018ade4216420ee2368b20b466b5ad9c4fb4583b626,31863,1548,Denied by Smart Contract: Insufficient trust (20) or excessive contextual risk (14).,DENY,BLOCKED,True,EXP-LOW_TRUST-14,2026-09-22T14:53:31.252543500
EXP8B-LOW_TRUST-R3-1790069009544,3,LOW_TRUST,3242,16,False,EXP-LOW_TRUST-15,DOOR-SENSOR-001,SMART_DOOR_LOCK,READ,PASS,20.0,14.0,DENY,BLOCKED,52.597,61.879,0x5fd4d1e13964005b660e57c53a6943937c09350d2ef6f8bab566418a6ff22f8a,31863,1549,Denied by Smart Contract: Insufficient trust (20) or excessive contextual risk (14).,DENY,BLOCKED,True,EXP-LOW_TRUST-15,2026-09-22T14:53:31.314920600
EXP8B-LOW_TRUST-R3-1790069009544,3,LOW_TRUST,3242,17,False,EXP-LOW_TRUST-16,DOOR-SENSOR-001,SMART_DOOR_LOCK,READ,PASS,20.0,14.0,DENY,BLOCKED,55.41,65.189,0x777800a6fbe1074b99ae0fed285af7edcb1f46474cfcf7eb0909c8346a5e7ec3,31863,1550,Denied by Smart Contract: Insufficient trust (20) or excessive contextual risk (14).,DENY,BLOCKED,True,EXP-LOW_TRUST-16,2026-09-22T14:53:31.379630700
EXP8B-LOW_TRUST-R3-1790069009544,3,LOW_TRUST,3242,18,False,EXP-LOW_TRUST-17,DOOR-SENSOR-001,SMART_DOOR_LOCK,READ,PASS,20.0,14.0,DENY,BLOCKED,49.463,58.191,0xd48f9614d6c2f03c6ba87ba5fd914450736b4717e25b097df160b814795da963,31863,1551,Denied by Smart Contract: Insufficient trust (20) or excessive contextual risk (14).,DENY,BLOCKED,True,EXP-LOW_TRUST-17,2026-09-22T14:53:31.438114500
EXP8B-LOW_TRUST-R3-1790069009544,3,LOW_TRUST,3242,19,False,EXP-LOW_TRUST-18,DOOR-SENSOR-001,SMART_DOOR_LOCK,READ,PASS,20.0,14.0,DENY,BLOCKED,48.1,56.589,0x7144945ad1141ef32131455e3345d4cf6e6b8a0caddc67a7701a669a5bfcf702,31863,1552,Denied by Smart Contract: Insufficient trust (20) or excessive contextual risk (14).,DENY,BLOCKED,True,EXP-LOW_TRUST-18,2026-09-22T14:53:31.494706400
EXP8B-LOW_TRUST-R3-1790069009544,3,LOW_TRUST,3242,20,False,EXP-LOW_TRUST-19,DOOR-SENSOR-001,SMART_DOOR_LOCK,READ,PASS,20.0,14.0,DENY,BLOCKED,47.002,55.296,0x82bc562eea2052bf947c16c927518eedc21d94185056b88ef0c4d0b030a2ea62,31863,1553,Denied by Smart Contract: Insufficient trust (20) or excessive contextual risk (14).,DENY,BLOCKED,True,EXP-LOW_TRUST-19,2026-09-22T14:53:31.549918600
EXP8B-LOW_TRUST-R3-1790069009544,3,LOW_TRUST,3242,21,False,EXP-LOW_TRUST-20,DOOR-SENSOR-001,SMART_DOOR_LOCK,READ,PASS,20.0,14.0,DENY,BLOCKED,42.096,49.524,0x65258fde1896b688127aa735247049ae0b8021b04144bb3310a47fc33e9f1f87,31863,1554,Denied by Smart Contract: Insufficient trust (20) or excessive contextual risk (14).,DENY,BLOCKED,True,EXP-LOW_TRUST-20,2026-09-22T14:53:31.599488800
EXP8B-LOW_TRUST-R3-1790069009544,3,LOW_TRUST,3242,22,False,EXP-LOW_TRUST-21,DOOR-SENSOR-001,SMART_DOOR_LOCK,READ,PASS,20.0,14.0,DENY,BLOCKED,51.9,61.059,0x21fdeac5d729199d60b5baa801d020d4c73b2d747f6485d7300e11024690a1f2,31863,1555,Denied by Smart Contract: Insufficient trust (20) or excessive contextual risk (14).,DENY,BLOCKED,True,EXP-LOW_TRUST-21,2026-09-22T14:53:31.661007300
EXP8B-LOW_TRUST-R3-1790069009544,3,LOW_TRUST,3242,23,False,EXP-LOW_TRUST-22,DOOR-SENSOR-001,SMART_DOOR_LOCK,READ,PASS,20.0,14.0,DENY,BLOCKED,60.277,70.914,0xbabbce5aab074b2485321e429551392c287c409f0a4a190efee0957fbcea62de,31863,1556,Denied by Smart Contract: Insufficient trust (20) or excessive contextual risk (14).,DENY,BLOCKED,True,EXP-LOW_TRUST-22,2026-09-22T14:53:31.731678100
EXP8B-LOW_TRUST-R3-1790069009544,3,LOW_TRUST,3242,24,False,EXP-LOW_TRUST-23,DOOR-SENSOR-001,SMART_DOOR_LOCK,READ,PASS,20.0,14.0,DENY,BLOCKED,61.297,72.115,0x24f85bf7f1d71f7aceb924a979b1c5ce95dc62c881226f9ba4fdaab0b0a0e05c,31863,1557,Denied by Smart Contract: Insufficient trust (20) or excessive contextual risk (14).,DENY,BLOCKED,True,EXP-LOW_TRUST-23,2026-09-22T14:53:31.803906900
EXP8B-LOW_TRUST-R3-1790069009544,3,LOW_TRUST,3242,25,False,EXP-LOW_TRUST-24,DOOR-SENSOR-001,SMART_DOOR_LOCK,READ,PASS,20.0,14.0,DENY,BLOCKED,64.167,75.491,0x866b24b47aaed59cdc8321c2ec25372068306047ddee2b686def35d577f2291b,31863,1558,Denied by Smart Contract: Insufficient trust (20) or excessive contextual risk (14).,DENY,BLOCKED,True,EXP-LOW_TRUST-24,2026-09-22T14:53:31.879293300
EXP8B-LOW_TRUST-R3-1790069009544,3,LOW_TRUST,3242,26,False,EXP-LOW_TRUST-25,DOOR-SENSOR-001,SMART_DOOR_LOCK,READ,PASS,20.0,14.0,DENY,BLOCKED,64.819,76.257,0x61a414472bf1470009839517fc0ffaa4c4c2707164c8e429d7b07c6f5d293130,31863,1559,Denied by Smart Contract: Insufficient trust (20) or excessive contextual risk (14).,DENY,BLOCKED,True,EXP-LOW_TRUST-25,2026-09-22T14:53:31.955585
EXP8B-LOW_TRUST-R3-1790069009544,3,LOW_TRUST,3242,27,False,EXP-LOW_TRUST-26,DOOR-SENSOR-001,SMART_DOOR_LOCK,READ,PASS,20.0,14.0,DENY,BLOCKED,58.217,68.49,0xa02769296efcb46484941a05bfaa85768915b7ac14e5ebe60aa5d386c9536943,31863,1560,Denied by Smart Contract: Insufficient trust (20) or excessive contextual risk (14).,DENY,BLOCKED,True,EXP-LOW_TRUST-26,2026-09-22T14:53:32.024559600
EXP8B-LOW_TRUST-R3-1790069009544,3,LOW_TRUST,3242,28,False,EXP-LOW_TRUST-27,DOOR-SENSOR-001,SMART_DOOR_LOCK,READ,PASS,20.0,14.0,DENY,BLOCKED,62.725,73.794,0xa935c65ac5e5dda733897eab641f52c0cc03bfb763161a9f42856d9b93f0ea84,31863,1561,Denied by Smart Contract: Insufficient trust (20) or excessive contextual risk (14).,DENY,BLOCKED,True,EXP-LOW_TRUST-27,2026-09-22T14:53:32.097967800
EXP8B-LOW_TRUST-R3-1790069009544,3,LOW_TRUST,3242,29,False,EXP-LOW_TRUST-28,DOOR-SENSOR-001,SMART_DOOR_LOCK,READ,PASS,20.0,14.0,DENY,BLOCKED,53.461,62.895,0xddb5e5a22fcb65a8923d3a00c439d7ac1a0120fdabb9847ddc4333ed489bd954,31863,1562,Denied by Smart Contract: Insufficient trust (20) or excessive contextual risk (14).,DENY,BLOCKED,True,EXP-LOW_TRUST-28,2026-09-22T14:53:32.161477800
EXP8B-LOW_TRUST-R3-1790069009544,3,LOW_TRUST,3242,30,False,EXP-LOW_TRUST-29,DOOR-SENSOR-001,SMART_DOOR_LOCK,READ,PASS,20.0,14.0,DENY,BLOCKED,55.562,65.368,0xa0ac6fa5c6eaaef5ca385c3b47b46f42ded2c3dcf928d78ad24ca99c5b2117ee,31863,1563,Denied by Smart Contract: Insufficient trust (20) or excessive contextual risk (14).,DENY,BLOCKED,True,EXP-LOW_TRUST-29,2026-09-22T14:53:32.226646
EXP8B-HIGH_RISK-R1-1790069012351,1,HIGH_RISK,1342,0,True,EXP-HIGH_RISK-0,DOOR-SENSOR-001,SMART_DOOR_LOCK,CONTROL,FAIL,,,DENY,BLOCKED,31.46,37.012,,0,,"Access Denied: ABAC eligibility failed - Policy 'Phase7A-DoorLock-CONTROL': Condition failed on 'booking.valid': expected 'true' EQUALS, actual was 'false'",DENY,BLOCKED,True,EXP-HIGH_RISK-0,2026-09-22T14:53:32.593574900
EXP8B-HIGH_RISK-R1-1790069012351,1,HIGH_RISK,1342,1,True,EXP-HIGH_RISK-1,DOOR-SENSOR-001,SMART_DOOR_LOCK,CONTROL,FAIL,,,DENY,BLOCKED,38.662,45.485,,0,,"Access Denied: ABAC eligibility failed - Policy 'Phase7A-DoorLock-CONTROL': Condition failed on 'booking.valid': expected 'true' EQUALS, actual was 'false'",DENY,BLOCKED,True,EXP-HIGH_RISK-1,2026-09-22T14:53:32.639020400
EXP8B-HIGH_RISK-R1-1790069012351,1,HIGH_RISK,1342,2,True,EXP-HIGH_RISK-2,DOOR-SENSOR-001,SMART_DOOR_LOCK,CONTROL,FAIL,,,DENY,BLOCKED,36.586,43.042,,0,,"Access Denied: ABAC eligibility failed - Policy 'Phase7A-DoorLock-CONTROL': Condition failed on 'booking.valid': expected 'true' EQUALS, actual was 'false'",DENY,BLOCKED,True,EXP-HIGH_RISK-2,2026-09-22T14:53:32.682023100
EXP8B-HIGH_RISK-R1-1790069012351,1,HIGH_RISK,1342,3,True,EXP-HIGH_RISK-3,DOOR-SENSOR-001,SMART_DOOR_LOCK,CONTROL,FAIL,,,DENY,BLOCKED,34.341,40.401,,0,,"Access Denied: ABAC eligibility failed - Policy 'Phase7A-DoorLock-CONTROL': Condition failed on 'booking.valid': expected 'true' EQUALS, actual was 'false'",DENY,BLOCKED,True,EXP-HIGH_RISK-3,2026-09-22T14:53:32.722396
EXP8B-HIGH_RISK-R1-1790069012351,1,HIGH_RISK,1342,4,True,EXP-HIGH_RISK-4,DOOR-SENSOR-001,SMART_DOOR_LOCK,CONTROL,FAIL,,,DENY,BLOCKED,32.635,38.394,,0,,"Access Denied: ABAC eligibility failed - Policy 'Phase7A-DoorLock-CONTROL': Condition failed on 'booking.valid': expected 'true' EQUALS, actual was 'false'",DENY,BLOCKED,True,EXP-HIGH_RISK-4,2026-09-22T14:53:32.760820700
EXP8B-HIGH_RISK-R1-1790069012351,1,HIGH_RISK,1342,5,True,EXP-HIGH_RISK-5,DOOR-SENSOR-001,SMART_DOOR_LOCK,CONTROL,FAIL,,,DENY,BLOCKED,33.869,39.846,,0,,"Access Denied: ABAC eligibility failed - Policy 'Phase7A-DoorLock-CONTROL': Condition failed on 'booking.valid': expected 'true' EQUALS, actual was 'false'",DENY,BLOCKED,True,EXP-HIGH_RISK-5,2026-09-22T14:53:32.801041300
EXP8B-HIGH_RISK-R1-1790069012351,1,HIGH_RISK,1342,6,True,EXP-HIGH_RISK-6,DOOR-SENSOR-001,SMART_DOOR_LOCK,CONTROL,FAIL,,,DENY,BLOCKED,34.229,40.269,,0,,"Access Denied: ABAC eligibility failed - Policy 'Phase7A-DoorLock-CONTROL': Condition failed on 'booking.valid': expected 'true' EQUALS, actual was 'false'",DENY,BLOCKED,True,EXP-HIGH_RISK-6,2026-09-22T14:53:32.840945600
EXP8B-HIGH_RISK-R1-1790069012351,1,HIGH_RISK,1342,7,True,EXP-HIGH_RISK-7,DOOR-SENSOR-001,SMART_DOOR_LOCK,CONTROL,FAIL,,,DENY,BLOCKED,33.732,39.685,,0,,"Access Denied: ABAC eligibility failed - Policy 'Phase7A-DoorLock-CONTROL': Condition failed on 'booking.valid': expected 'true' EQUALS, actual was 'false'",DENY,BLOCKED,True,EXP-HIGH_RISK-7,2026-09-22T14:53:32.880835600
EXP8B-HIGH_RISK-R1-1790069012351,1,HIGH_RISK,1342,8,True,EXP-HIGH_RISK-8,DOOR-SENSOR-001,SMART_DOOR_LOCK,CONTROL,FAIL,,,DENY,BLOCKED,83.605,98.359,,0,,"Access Denied: ABAC eligibility failed - Policy 'Phase7A-DoorLock-CONTROL': Condition failed on 'booking.valid': expected 'true' EQUALS, actual was 'false'",DENY,BLOCKED,True,EXP-HIGH_RISK-8,2026-09-22T14:53:32.979351600
EXP8B-HIGH_RISK-R1-1790069012351,1,HIGH_RISK,1342,9,True,EXP-HIGH_RISK-9,DOOR-SENSOR-001,SMART_DOOR_LOCK,CONTROL,FAIL,,,DENY,BLOCKED,44.221,52.025,,0,,"Access Denied: ABAC eligibility failed - Policy 'Phase7A-DoorLock-CONTROL': Condition failed on 'booking.valid': expected 'true' EQUALS, actual was 'false'",DENY,BLOCKED,True,EXP-HIGH_RISK-9,2026-09-22T14:53:33.031448600
EXP8B-HIGH_RISK-R1-1790069012351,1,HIGH_RISK,1342,1,False,EXP-HIGH_RISK-0,DOOR-SENSOR-001,SMART_DOOR_LOCK,CONTROL,FAIL,,,DENY,BLOCKED,45.943,54.05,,0,,"Access Denied: ABAC eligibility failed - Policy 'Phase7A-DoorLock-CONTROL': Condition failed on 'booking.valid': expected 'true' EQUALS, actual was 'false'",DENY,BLOCKED,True,EXP-HIGH_RISK-0,2026-09-22T14:53:33.085291600
EXP8B-HIGH_RISK-R1-1790069012351,1,HIGH_RISK,1342,2,False,EXP-HIGH_RISK-1,DOOR-SENSOR-001,SMART_DOOR_LOCK,CONTROL,FAIL,,,DENY,BLOCKED,64.586,75.984,,0,,"Access Denied: ABAC eligibility failed - Policy 'Phase7A-DoorLock-CONTROL': Condition failed on 'booking.valid': expected 'true' EQUALS, actual was 'false'",DENY,BLOCKED,True,EXP-HIGH_RISK-1,2026-09-22T14:53:33.161460400
EXP8B-HIGH_RISK-R1-1790069012351,1,HIGH_RISK,1342,3,False,EXP-HIGH_RISK-2,DOOR-SENSOR-001,SMART_DOOR_LOCK,CONTROL,FAIL,,,DENY,BLOCKED,51.646,60.76,,0,,"Access Denied: ABAC eligibility failed - Policy 'Phase7A-DoorLock-CONTROL': Condition failed on 'booking.valid': expected 'true' EQUALS, actual was 'false'",DENY,BLOCKED,True,EXP-HIGH_RISK-2,2026-09-22T14:53:33.222662900
EXP8B-HIGH_RISK-R1-1790069012351,1,HIGH_RISK,1342,4,False,EXP-HIGH_RISK-3,DOOR-SENSOR-001,SMART_DOOR_LOCK,CONTROL,FAIL,,,DENY,BLOCKED,49.284,57.982,,0,,"Access Denied: ABAC eligibility failed - Policy 'Phase7A-DoorLock-CONTROL': Condition failed on 'booking.valid': expected 'true' EQUALS, actual was 'false'",DENY,BLOCKED,True,EXP-HIGH_RISK-3,2026-09-22T14:53:33.280651400
EXP8B-HIGH_RISK-R1-1790069012351,1,HIGH_RISK,1342,5,False,EXP-HIGH_RISK-4,DOOR-SENSOR-001,SMART_DOOR_LOCK,CONTROL,FAIL,,,DENY,BLOCKED,40.989,48.223,,0,,"Access Denied: ABAC eligibility failed - Policy 'Phase7A-DoorLock-CONTROL': Condition failed on 'booking.valid': expected 'true' EQUALS, actual was 'false'",DENY,BLOCKED,True,EXP-HIGH_RISK-4,2026-09-22T14:53:33.328871600
EXP8B-HIGH_RISK-R1-1790069012351,1,HIGH_RISK,1342,6,False,EXP-HIGH_RISK-5,DOOR-SENSOR-001,SMART_DOOR_LOCK,CONTROL,FAIL,,,DENY,BLOCKED,38.684,45.51,,0,,"Access Denied: ABAC eligibility failed - Policy 'Phase7A-DoorLock-CONTROL': Condition failed on 'booking.valid': expected 'true' EQUALS, actual was 'false'",DENY,BLOCKED,True,EXP-HIGH_RISK-5,2026-09-22T14:53:33.374604400
EXP8B-HIGH_RISK-R1-1790069012351,1,HIGH_RISK,1342,7,False,EXP-HIGH_RISK-6,DOOR-SENSOR-001,SMART_DOOR_LOCK,CONTROL,FAIL,,,DENY,BLOCKED,38.854,45.711,,0,,"Access Denied: ABAC eligibility failed - Policy 'Phase7A-DoorLock-CONTROL': Condition failed on 'booking.valid': expected 'true' EQUALS, actual was 'false'",DENY,BLOCKED,True,EXP-HIGH_RISK-6,2026-09-22T14:53:33.419862
EXP8B-HIGH_RISK-R1-1790069012351,1,HIGH_RISK,1342,8,False,EXP-HIGH_RISK-7,DOOR-SENSOR-001,SMART_DOOR_LOCK,CONTROL,FAIL,,,DENY,BLOCKED,39.331,46.272,,0,,"Access Denied: ABAC eligibility failed - Policy 'Phase7A-DoorLock-CONTROL': Condition failed on 'booking.valid': expected 'true' EQUALS, actual was 'false'",DENY,BLOCKED,True,EXP-HIGH_RISK-7,2026-09-22T14:53:33.466277300
EXP8B-HIGH_RISK-R1-1790069012351,1,HIGH_RISK,1342,9,False,EXP-HIGH_RISK-8,DOOR-SENSOR-001,SMART_DOOR_LOCK,CONTROL,FAIL,,,DENY,BLOCKED,51.392,60.462,,0,,"Access Denied: ABAC eligibility failed - Policy 'Phase7A-DoorLock-CONTROL': Condition failed on 'booking.valid': expected 'true' EQUALS, actual was 'false'",DENY,BLOCKED,True,EXP-HIGH_RISK-8,2026-09-22T14:53:33.526953900
EXP8B-HIGH_RISK-R1-1790069012351,1,HIGH_RISK,1342,10,False,EXP-HIGH_RISK-9,DOOR-SENSOR-001,SMART_DOOR_LOCK,CONTROL,FAIL,,,DENY,BLOCKED,46.876,55.148,,0,,"Access Denied: ABAC eligibility failed - Policy 'Phase7A-DoorLock-CONTROL': Condition failed on 'booking.valid': expected 'true' EQUALS, actual was 'false'",DENY,BLOCKED,True,EXP-HIGH_RISK-9,2026-09-22T14:53:33.582024100
EXP8B-HIGH_RISK-R1-1790069012351,1,HIGH_RISK,1342,11,False,EXP-HIGH_RISK-10,DOOR-SENSOR-001,SMART_DOOR_LOCK,CONTROL,FAIL,,,DENY,BLOCKED,37.047,43.585,,0,,"Access Denied: ABAC eligibility failed - Policy 'Phase7A-DoorLock-CONTROL': Condition failed on 'booking.valid': expected 'true' EQUALS, actual was 'false'",DENY,BLOCKED,True,EXP-HIGH_RISK-10,2026-09-22T14:53:33.626006200
EXP8B-HIGH_RISK-R1-1790069012351,1,HIGH_RISK,1342,12,False,EXP-HIGH_RISK-11,DOOR-SENSOR-001,SMART_DOOR_LOCK,CONTROL,FAIL,,,DENY,BLOCKED,44.748,52.645,,0,,"Access Denied: ABAC eligibility failed - Policy 'Phase7A-DoorLock-CONTROL': Condition failed on 'booking.valid': expected 'true' EQUALS, actual was 'false'",DENY,BLOCKED,True,EXP-HIGH_RISK-11,2026-09-22T14:53:33.678358300
EXP8B-HIGH_RISK-R1-1790069012351,1,HIGH_RISK,1342,13,False,EXP-HIGH_RISK-12,DOOR-SENSOR-001,SMART_DOOR_LOCK,CONTROL,FAIL,,,DENY,BLOCKED,63.945,75.23,,0,,"Access Denied: ABAC eligibility failed - Policy 'Phase7A-DoorLock-CONTROL': Condition failed on 'booking.valid': expected 'true' EQUALS, actual was 'false'",DENY,BLOCKED,True,EXP-HIGH_RISK-12,2026-09-22T14:53:33.754038700
EXP8B-HIGH_RISK-R1-1790069012351,1,HIGH_RISK,1342,14,False,EXP-HIGH_RISK-13,DOOR-SENSOR-001,SMART_DOOR_LOCK,CONTROL,FAIL,,,DENY,BLOCKED,51.432,60.508,,0,,"Access Denied: ABAC eligibility failed - Policy 'Phase7A-DoorLock-CONTROL': Condition failed on 'booking.valid': expected 'true' EQUALS, actual was 'false'",DENY,BLOCKED,True,EXP-HIGH_RISK-13,2026-09-22T14:53:33.814682300
EXP8B-HIGH_RISK-R1-1790069012351,1,HIGH_RISK,1342,15,False,EXP-HIGH_RISK-14,DOOR-SENSOR-001,SMART_DOOR_LOCK,CONTROL,FAIL,,,DENY,BLOCKED,42.093,49.521,,0,,"Access Denied: ABAC eligibility failed - Policy 'Phase7A-DoorLock-CONTROL': Condition failed on 'booking.valid': expected 'true' EQUALS, actual was 'false'",DENY,BLOCKED,True,EXP-HIGH_RISK-14,2026-09-22T14:53:33.863954600
EXP8B-HIGH_RISK-R1-1790069012351,1,HIGH_RISK,1342,16,False,EXP-HIGH_RISK-15,DOOR-SENSOR-001,SMART_DOOR_LOCK,CONTROL,FAIL,,,DENY,BLOCKED,35.977,42.326,,0,,"Access Denied: ABAC eligibility failed - Policy 'Phase7A-DoorLock-CONTROL': Condition failed on 'booking.valid': expected 'true' EQUALS, actual was 'false'",DENY,BLOCKED,True,EXP-HIGH_RISK-15,2026-09-22T14:53:33.906526600
EXP8B-HIGH_RISK-R1-1790069012351,1,HIGH_RISK,1342,17,False,EXP-HIGH_RISK-16,DOOR-SENSOR-001,SMART_DOOR_LOCK,CONTROL,FAIL,,,DENY,BLOCKED,44.42,52.259,,0,,"Access Denied: ABAC eligibility failed - Policy 'Phase7A-DoorLock-CONTROL': Condition failed on 'booking.valid': expected 'true' EQUALS, actual was 'false'",DENY,BLOCKED,True,EXP-HIGH_RISK-16,2026-09-22T14:53:33.958666400
EXP8B-HIGH_RISK-R1-1790069012351,1,HIGH_RISK,1342,18,False,EXP-HIGH_RISK-17,DOOR-SENSOR-001,SMART_DOOR_LOCK,CONTROL,FAIL,,,DENY,BLOCKED,43.674,51.381,,0,,"Access Denied: ABAC eligibility failed - Policy 'Phase7A-DoorLock-CONTROL': Condition failed on 'booking.valid': expected 'true' EQUALS, actual was 'false'",DENY,BLOCKED,True,EXP-HIGH_RISK-17,2026-09-22T14:53:34.010212600
EXP8B-HIGH_RISK-R1-1790069012351,1,HIGH_RISK,1342,19,False,EXP-HIGH_RISK-18,DOOR-SENSOR-001,SMART_DOOR_LOCK,CONTROL,FAIL,,,DENY,BLOCKED,43.879,51.622,,0,,"Access Denied: ABAC eligibility failed - Policy 'Phase7A-DoorLock-CONTROL': Condition failed on 'booking.valid': expected 'true' EQUALS, actual was 'false'",DENY,BLOCKED,True,EXP-HIGH_RISK-18,2026-09-22T14:53:34.061977500
EXP8B-HIGH_RISK-R1-1790069012351,1,HIGH_RISK,1342,20,False,EXP-HIGH_RISK-19,DOOR-SENSOR-001,SMART_DOOR_LOCK,CONTROL,FAIL,,,DENY,BLOCKED,48.809,57.422,,0,,"Access Denied: ABAC eligibility failed - Policy 'Phase7A-DoorLock-CONTROL': Condition failed on 'booking.valid': expected 'true' EQUALS, actual was 'false'",DENY,BLOCKED,True,EXP-HIGH_RISK-19,2026-09-22T14:53:34.119598800
EXP8B-HIGH_RISK-R1-1790069012351,1,HIGH_RISK,1342,21,False,EXP-HIGH_RISK-20,DOOR-SENSOR-001,SMART_DOOR_LOCK,CONTROL,FAIL,,,DENY,BLOCKED,47.635,56.041,,0,,"Access Denied: ABAC eligibility failed - Policy 'Phase7A-DoorLock-CONTROL': Condition failed on 'booking.valid': expected 'true' EQUALS, actual was 'false'",DENY,BLOCKED,True,EXP-HIGH_RISK-20,2026-09-22T14:53:34.175307400
EXP8B-HIGH_RISK-R1-1790069012351,1,HIGH_RISK,1342,22,False,EXP-HIGH_RISK-21,DOOR-SENSOR-001,SMART_DOOR_LOCK,CONTROL,FAIL,,,DENY,BLOCKED,43.96,51.717,,0,,"Access Denied: ABAC eligibility failed - Policy 'Phase7A-DoorLock-CONTROL': Condition failed on 'booking.valid': expected 'true' EQUALS, actual was 'false'",DENY,BLOCKED,True,EXP-HIGH_RISK-21,2026-09-22T14:53:34.227120400
EXP8B-HIGH_RISK-R1-1790069012351,1,HIGH_RISK,1342,23,False,EXP-HIGH_RISK-22,DOOR-SENSOR-001,SMART_DOOR_LOCK,CONTROL,FAIL,,,DENY,BLOCKED,43.113,50.722,,0,,"Access Denied: ABAC eligibility failed - Policy 'Phase7A-DoorLock-CONTROL': Condition failed on 'booking.valid': expected 'true' EQUALS, actual was 'false'",DENY,BLOCKED,True,EXP-HIGH_RISK-22,2026-09-22T14:53:34.278341600
EXP8B-HIGH_RISK-R1-1790069012351,1,HIGH_RISK,1342,24,False,EXP-HIGH_RISK-23,DOOR-SENSOR-001,SMART_DOOR_LOCK,CONTROL,FAIL,,,DENY,BLOCKED,40.634,47.805,,0,,"Access Denied: ABAC eligibility failed - Policy 'Phase7A-DoorLock-CONTROL': Condition failed on 'booking.valid': expected 'true' EQUALS, actual was 'false'",DENY,BLOCKED,True,EXP-HIGH_RISK-23,2026-09-22T14:53:34.325917300
EXP8B-HIGH_RISK-R1-1790069012351,1,HIGH_RISK,1342,25,False,EXP-HIGH_RISK-24,DOOR-SENSOR-001,SMART_DOOR_LOCK,CONTROL,FAIL,,,DENY,BLOCKED,35.343,41.58,,0,,"Access Denied: ABAC eligibility failed - Policy 'Phase7A-DoorLock-CONTROL': Condition failed on 'booking.valid': expected 'true' EQUALS, actual was 'false'",DENY,BLOCKED,True,EXP-HIGH_RISK-24,2026-09-22T14:53:34.367520600
EXP8B-HIGH_RISK-R1-1790069012351,1,HIGH_RISK,1342,26,False,EXP-HIGH_RISK-25,DOOR-SENSOR-001,SMART_DOOR_LOCK,CONTROL,FAIL,,,DENY,BLOCKED,43.807,51.538,,0,,"Access Denied: ABAC eligibility failed - Policy 'Phase7A-DoorLock-CONTROL': Condition failed on 'booking.valid': expected 'true' EQUALS, actual was 'false'",DENY,BLOCKED,True,EXP-HIGH_RISK-25,2026-09-22T14:53:34.419407100
EXP8B-HIGH_RISK-R1-1790069012351,1,HIGH_RISK,1342,27,False,EXP-HIGH_RISK-26,DOOR-SENSOR-001,SMART_DOOR_LOCK,CONTROL,FAIL,,,DENY,BLOCKED,37.608,44.245,,0,,"Access Denied: ABAC eligibility failed - Policy 'Phase7A-DoorLock-CONTROL': Condition failed on 'booking.valid': expected 'true' EQUALS, actual was 'false'",DENY,BLOCKED,True,EXP-HIGH_RISK-26,2026-09-22T14:53:34.463607700
EXP8B-HIGH_RISK-R1-1790069012351,1,HIGH_RISK,1342,28,False,EXP-HIGH_RISK-27,DOOR-SENSOR-001,SMART_DOOR_LOCK,CONTROL,FAIL,,,DENY,BLOCKED,39.009,45.893,,0,,"Access Denied: ABAC eligibility failed - Policy 'Phase7A-DoorLock-CONTROL': Condition failed on 'booking.valid': expected 'true' EQUALS, actual was 'false'",DENY,BLOCKED,True,EXP-HIGH_RISK-27,2026-09-22T14:53:34.509365200
EXP8B-HIGH_RISK-R1-1790069012351,1,HIGH_RISK,1342,29,False,EXP-HIGH_RISK-28,DOOR-SENSOR-001,SMART_DOOR_LOCK,CONTROL,FAIL,,,DENY,BLOCKED,39.477,46.444,,0,,"Access Denied: ABAC eligibility failed - Policy 'Phase7A-DoorLock-CONTROL': Condition failed on 'booking.valid': expected 'true' EQUALS, actual was 'false'",DENY,BLOCKED,True,EXP-HIGH_RISK-28,2026-09-22T14:53:34.555881
EXP8B-HIGH_RISK-R1-1790069012351,1,HIGH_RISK,1342,30,False,EXP-HIGH_RISK-29,DOOR-SENSOR-001,SMART_DOOR_LOCK,CONTROL,FAIL,,,DENY,BLOCKED,33.515,39.43,,0,,"Access Denied: ABAC eligibility failed - Policy 'Phase7A-DoorLock-CONTROL': Condition failed on 'booking.valid': expected 'true' EQUALS, actual was 'false'",DENY,BLOCKED,True,EXP-HIGH_RISK-29,2026-09-22T14:53:34.595192900
EXP8B-HIGH_RISK-R2-1790069014711,2,HIGH_RISK,2342,0,True,EXP-HIGH_RISK-0,DOOR-SENSOR-001,SMART_DOOR_LOCK,CONTROL,FAIL,,,DENY,BLOCKED,49.702,58.473,,0,,"Access Denied: ABAC eligibility failed - Policy 'Phase7A-DoorLock-CONTROL': Condition failed on 'booking.valid': expected 'true' EQUALS, actual was 'false'",DENY,BLOCKED,True,EXP-HIGH_RISK-0,2026-09-22T14:53:35.015713400
EXP8B-HIGH_RISK-R2-1790069014711,2,HIGH_RISK,2342,1,True,EXP-HIGH_RISK-1,DOOR-SENSOR-001,SMART_DOOR_LOCK,CONTROL,FAIL,,,DENY,BLOCKED,44.863,52.78,,0,,"Access Denied: ABAC eligibility failed - Policy 'Phase7A-DoorLock-CONTROL': Condition failed on 'booking.valid': expected 'true' EQUALS, actual was 'false'",DENY,BLOCKED,True,EXP-HIGH_RISK-1,2026-09-22T14:53:35.068499100
EXP8B-HIGH_RISK-R2-1790069014711,2,HIGH_RISK,2342,2,True,EXP-HIGH_RISK-2,DOOR-SENSOR-001,SMART_DOOR_LOCK,CONTROL,FAIL,,,DENY,BLOCKED,46.98,55.27,,0,,"Access Denied: ABAC eligibility failed - Policy 'Phase7A-DoorLock-CONTROL': Condition failed on 'booking.valid': expected 'true' EQUALS, actual was 'false'",DENY,BLOCKED,True,EXP-HIGH_RISK-2,2026-09-22T14:53:35.123570400
EXP8B-HIGH_RISK-R2-1790069014711,2,HIGH_RISK,2342,3,True,EXP-HIGH_RISK-3,DOOR-SENSOR-001,SMART_DOOR_LOCK,CONTROL,FAIL,,,DENY,BLOCKED,46.331,54.507,,0,,"Access Denied: ABAC eligibility failed - Policy 'Phase7A-DoorLock-CONTROL': Condition failed on 'booking.valid': expected 'true' EQUALS, actual was 'false'",DENY,BLOCKED,True,EXP-HIGH_RISK-3,2026-09-22T14:53:35.177978200
EXP8B-HIGH_RISK-R2-1790069014711,2,HIGH_RISK,2342,4,True,EXP-HIGH_RISK-4,DOOR-SENSOR-001,SMART_DOOR_LOCK,CONTROL,FAIL,,,DENY,BLOCKED,39.309,46.245,,0,,"Access Denied: ABAC eligibility failed - Policy 'Phase7A-DoorLock-CONTROL': Condition failed on 'booking.valid': expected 'true' EQUALS, actual was 'false'",DENY,BLOCKED,True,EXP-HIGH_RISK-4,2026-09-22T14:53:35.224359300
EXP8B-HIGH_RISK-R2-1790069014711,2,HIGH_RISK,2342,5,True,EXP-HIGH_RISK-5,DOOR-SENSOR-001,SMART_DOOR_LOCK,CONTROL,FAIL,,,DENY,BLOCKED,44.6,52.47,,0,,"Access Denied: ABAC eligibility failed - Policy 'Phase7A-DoorLock-CONTROL': Condition failed on 'booking.valid': expected 'true' EQUALS, actual was 'false'",DENY,BLOCKED,True,EXP-HIGH_RISK-5,2026-09-22T14:53:35.276976600
EXP8B-HIGH_RISK-R2-1790069014711,2,HIGH_RISK,2342,6,True,EXP-HIGH_RISK-6,DOOR-SENSOR-001,SMART_DOOR_LOCK,CONTROL,FAIL,,,DENY,BLOCKED,50.662,59.603,,0,,"Access Denied: ABAC eligibility failed - Policy 'Phase7A-DoorLock-CONTROL': Condition failed on 'booking.valid': expected 'true' EQUALS, actual was 'false'",DENY,BLOCKED,True,EXP-HIGH_RISK-6,2026-09-22T14:53:35.336888200
EXP8B-HIGH_RISK-R2-1790069014711,2,HIGH_RISK,2342,7,True,EXP-HIGH_RISK-7,DOOR-SENSOR-001,SMART_DOOR_LOCK,CONTROL,FAIL,,,DENY,BLOCKED,51.922,61.085,,0,,"Access Denied: ABAC eligibility failed - Policy 'Phase7A-DoorLock-CONTROL': Condition failed on 'booking.valid': expected 'true' EQUALS, actual was 'false'",DENY,BLOCKED,True,EXP-HIGH_RISK-7,2026-09-22T14:53:35.397879800
EXP8B-HIGH_RISK-R2-1790069014711,2,HIGH_RISK,2342,8,True,EXP-HIGH_RISK-8,DOOR-SENSOR-001,SMART_DOOR_LOCK,CONTROL,FAIL,,,DENY,BLOCKED,48.549,57.116,,0,,"Access Denied: ABAC eligibility failed - Policy 'Phase7A-DoorLock-CONTROL': Condition failed on 'booking.valid': expected 'true' EQUALS, actual was 'false'",DENY,BLOCKED,True,EXP-HIGH_RISK-8,2026-09-22T14:53:35.455195700
EXP8B-HIGH_RISK-R2-1790069014711,2,HIGH_RISK,2342,9,True,EXP-HIGH_RISK-9,DOOR-SENSOR-001,SMART_DOOR_LOCK,CONTROL,FAIL,,,DENY,BLOCKED,41.244,48.522,,0,,"Access Denied: ABAC eligibility failed - Policy 'Phase7A-DoorLock-CONTROL': Condition failed on 'booking.valid': expected 'true' EQUALS, actual was 'false'",DENY,BLOCKED,True,EXP-HIGH_RISK-9,2026-09-22T14:53:35.503961100
EXP8B-HIGH_RISK-R2-1790069014711,2,HIGH_RISK,2342,1,False,EXP-HIGH_RISK-0,DOOR-SENSOR-001,SMART_DOOR_LOCK,CONTROL,FAIL,,,DENY,BLOCKED,43.998,51.763,,0,,"Access Denied: ABAC eligibility failed - Policy 'Phase7A-DoorLock-CONTROL': Condition failed on 'booking.valid': expected 'true' EQUALS, actual was 'false'",DENY,BLOCKED,True,EXP-HIGH_RISK-0,2026-09-22T14:53:35.555121300
EXP8B-HIGH_RISK-R2-1790069014711,2,HIGH_RISK,2342,2,False,EXP-HIGH_RISK-1,DOOR-SENSOR-001,SMART_DOOR_LOCK,CONTROL,FAIL,,,DENY,BLOCKED,39.784,46.805,,0,,"Access Denied: ABAC eligibility failed - Policy 'Phase7A-DoorLock-CONTROL': Condition failed on 'booking.valid': expected 'true' EQUALS, actual was 'false'",DENY,BLOCKED,True,EXP-HIGH_RISK-1,2026-09-22T14:53:35.602547500
EXP8B-HIGH_RISK-R2-1790069014711,2,HIGH_RISK,2342,3,False,EXP-HIGH_RISK-2,DOOR-SENSOR-001,SMART_DOOR_LOCK,CONTROL,FAIL,,,DENY,BLOCKED,50.123,58.969,,0,,"Access Denied: ABAC eligibility failed - Policy 'Phase7A-DoorLock-CONTROL': Condition failed on 'booking.valid': expected 'true' EQUALS, actual was 'false'",DENY,BLOCKED,True,EXP-HIGH_RISK-2,2026-09-22T14:53:35.661309100
EXP8B-HIGH_RISK-R2-1790069014711,2,HIGH_RISK,2342,4,False,EXP-HIGH_RISK-3,DOOR-SENSOR-001,SMART_DOOR_LOCK,CONTROL,FAIL,,,DENY,BLOCKED,60.32,70.964,,0,,"Access Denied: ABAC eligibility failed - Policy 'Phase7A-DoorLock-CONTROL': Condition failed on 'booking.valid': expected 'true' EQUALS, actual was 'false'",DENY,BLOCKED,True,EXP-HIGH_RISK-3,2026-09-22T14:53:35.731895
EXP8B-HIGH_RISK-R2-1790069014711,2,HIGH_RISK,2342,5,False,EXP-HIGH_RISK-4,DOOR-SENSOR-001,SMART_DOOR_LOCK,CONTROL,FAIL,,,DENY,BLOCKED,47.453,55.827,,0,,"Access Denied: ABAC eligibility failed - Policy 'Phase7A-DoorLock-CONTROL': Condition failed on 'booking.valid': expected 'true' EQUALS, actual was 'false'",DENY,BLOCKED,True,EXP-HIGH_RISK-4,2026-09-22T14:53:35.788227300
EXP8B-HIGH_RISK-R2-1790069014711,2,HIGH_RISK,2342,6,False,EXP-HIGH_RISK-5,DOOR-SENSOR-001,SMART_DOOR_LOCK,CONTROL,FAIL,,,DENY,BLOCKED,50.526,59.442,,0,,"Access Denied: ABAC eligibility failed - Policy 'Phase7A-DoorLock-CONTROL': Condition failed on 'booking.valid': expected 'true' EQUALS, actual was 'false'",DENY,BLOCKED,True,EXP-HIGH_RISK-5,2026-09-22T14:53:35.847923100
EXP8B-HIGH_RISK-R2-1790069014711,2,HIGH_RISK,2342,7,False,EXP-HIGH_RISK-6,DOOR-SENSOR-001,SMART_DOOR_LOCK,CONTROL,FAIL,,,DENY,BLOCKED,46.057,54.185,,0,,"Access Denied: ABAC eligibility failed - Policy 'Phase7A-DoorLock-CONTROL': Condition failed on 'booking.valid': expected 'true' EQUALS, actual was 'false'",DENY,BLOCKED,True,EXP-HIGH_RISK-6,2026-09-22T14:53:35.901910400
EXP8B-HIGH_RISK-R2-1790069014711,2,HIGH_RISK,2342,8,False,EXP-HIGH_RISK-7,DOOR-SENSOR-001,SMART_DOOR_LOCK,CONTROL,FAIL,,,DENY,BLOCKED,50.306,59.183,,0,,"Access Denied: ABAC eligibility failed - Policy 'Phase7A-DoorLock-CONTROL': Condition failed on 'booking.valid': expected 'true' EQUALS, actual was 'false'",DENY,BLOCKED,True,EXP-HIGH_RISK-7,2026-09-22T14:53:35.961189100
EXP8B-HIGH_RISK-R2-1790069014711,2,HIGH_RISK,2342,9,False,EXP-HIGH_RISK-8,DOOR-SENSOR-001,SMART_DOOR_LOCK,CONTROL,FAIL,,,DENY,BLOCKED,40.75,47.941,,0,,"Access Denied: ABAC eligibility failed - Policy 'Phase7A-DoorLock-CONTROL': Condition failed on 'booking.valid': expected 'true' EQUALS, actual was 'false'",DENY,BLOCKED,True,EXP-HIGH_RISK-8,2026-09-22T14:53:36.009713400
EXP8B-HIGH_RISK-R2-1790069014711,2,HIGH_RISK,2342,10,False,EXP-HIGH_RISK-9,DOOR-SENSOR-001,SMART_DOOR_LOCK,CONTROL,FAIL,,,DENY,BLOCKED,37.332,43.921,,0,,"Access Denied: ABAC eligibility failed - Policy 'Phase7A-DoorLock-CONTROL': Condition failed on 'booking.valid': expected 'true' EQUALS, actual was 'false'",DENY,BLOCKED,True,EXP-HIGH_RISK-9,2026-09-22T14:53:36.053417800
EXP8B-HIGH_RISK-R2-1790069014711,2,HIGH_RISK,2342,11,False,EXP-HIGH_RISK-10,DOOR-SENSOR-001,SMART_DOOR_LOCK,CONTROL,FAIL,,,DENY,BLOCKED,39.834,46.863,,0,,"Access Denied: ABAC eligibility failed - Policy 'Phase7A-DoorLock-CONTROL': Condition failed on 'booking.valid': expected 'true' EQUALS, actual was 'false'",DENY,BLOCKED,True,EXP-HIGH_RISK-10,2026-09-22T14:53:36.100562800
EXP8B-HIGH_RISK-R2-1790069014711,2,HIGH_RISK,2342,12,False,EXP-HIGH_RISK-11,DOOR-SENSOR-001,SMART_DOOR_LOCK,CONTROL,FAIL,,,DENY,BLOCKED,52.704,62.004,,0,,"Access Denied: ABAC eligibility failed - Policy 'Phase7A-DoorLock-CONTROL': Condition failed on 'booking.valid': expected 'true' EQUALS, actual was 'false'",DENY,BLOCKED,True,EXP-HIGH_RISK-11,2026-09-22T14:53:36.162608600
EXP8B-HIGH_RISK-R2-1790069014711,2,HIGH_RISK,2342,13,False,EXP-HIGH_RISK-12,DOOR-SENSOR-001,SMART_DOOR_LOCK,CONTROL,FAIL,,,DENY,BLOCKED,47.812,56.249,,0,,"Access Denied: ABAC eligibility failed - Policy 'Phase7A-DoorLock-CONTROL': Condition failed on 'booking.valid': expected 'true' EQUALS, actual was 'false'",DENY,BLOCKED,True,EXP-HIGH_RISK-12,2026-09-22T14:53:36.218919400
EXP8B-HIGH_RISK-R2-1790069014711,2,HIGH_RISK,2342,14,False,EXP-HIGH_RISK-13,DOOR-SENSOR-001,SMART_DOOR_LOCK,CONTROL,FAIL,,,DENY,BLOCKED,51.212,60.25,,0,,"Access Denied: ABAC eligibility failed - Policy 'Phase7A-DoorLock-CONTROL': Condition failed on 'booking.valid': expected 'true' EQUALS, actual was 'false'",DENY,BLOCKED,True,EXP-HIGH_RISK-13,2026-09-22T14:53:36.279221500
EXP8B-HIGH_RISK-R2-1790069014711,2,HIGH_RISK,2342,15,False,EXP-HIGH_RISK-14,DOOR-SENSOR-001,SMART_DOOR_LOCK,CONTROL,FAIL,,,DENY,BLOCKED,47.051,55.354,,0,,"Access Denied: ABAC eligibility failed - Policy 'Phase7A-DoorLock-CONTROL': Condition failed on 'booking.valid': expected 'true' EQUALS, actual was 'false'",DENY,BLOCKED,True,EXP-HIGH_RISK-14,2026-09-22T14:53:36.334618
EXP8B-HIGH_RISK-R2-1790069014711,2,HIGH_RISK,2342,16,False,EXP-HIGH_RISK-15,DOOR-SENSOR-001,SMART_DOOR_LOCK,CONTROL,FAIL,,,DENY,BLOCKED,50.542,59.462,,0,,"Access Denied: ABAC eligibility failed - Policy 'Phase7A-DoorLock-CONTROL': Condition failed on 'booking.valid': expected 'true' EQUALS, actual was 'false'",DENY,BLOCKED,True,EXP-HIGH_RISK-15,2026-09-22T14:53:36.394293700
EXP8B-HIGH_RISK-R2-1790069014711,2,HIGH_RISK,2342,17,False,EXP-HIGH_RISK-16,DOOR-SENSOR-001,SMART_DOOR_LOCK,CONTROL,FAIL,,,DENY,BLOCKED,48.236,56.748,,0,,"Access Denied: ABAC eligibility failed - Policy 'Phase7A-DoorLock-CONTROL': Condition failed on 'booking.valid': expected 'true' EQUALS, actual was 'false'",DENY,BLOCKED,True,EXP-HIGH_RISK-16,2026-09-22T14:53:36.451214200
EXP8B-HIGH_RISK-R2-1790069014711,2,HIGH_RISK,2342,18,False,EXP-HIGH_RISK-17,DOOR-SENSOR-001,SMART_DOOR_LOCK,CONTROL,FAIL,,,DENY,BLOCKED,43.31,50.954,,0,,"Access Denied: ABAC eligibility failed - Policy 'Phase7A-DoorLock-CONTROL': Condition failed on 'booking.valid': expected 'true' EQUALS, actual was 'false'",DENY,BLOCKED,True,EXP-HIGH_RISK-17,2026-09-22T14:53:36.501940
EXP8B-HIGH_RISK-R2-1790069014711,2,HIGH_RISK,2342,19,False,EXP-HIGH_RISK-18,DOOR-SENSOR-001,SMART_DOOR_LOCK,CONTROL,FAIL,,,DENY,BLOCKED,40.392,47.52,,0,,"Access Denied: ABAC eligibility failed - Policy 'Phase7A-DoorLock-CONTROL': Condition failed on 'booking.valid': expected 'true' EQUALS, actual was 'false'",DENY,BLOCKED,True,EXP-HIGH_RISK-18,2026-09-22T14:53:36.549545400
EXP8B-HIGH_RISK-R2-1790069014711,2,HIGH_RISK,2342,20,False,EXP-HIGH_RISK-19,DOOR-SENSOR-001,SMART_DOOR_LOCK,CONTROL,FAIL,,,DENY,BLOCKED,36.234,42.629,,0,,"Access Denied: ABAC eligibility failed - Policy 'Phase7A-DoorLock-CONTROL': Condition failed on 'booking.valid': expected 'true' EQUALS, actual was 'false'",DENY,BLOCKED,True,EXP-HIGH_RISK-19,2026-09-22T14:53:36.591797200
EXP8B-HIGH_RISK-R2-1790069014711,2,HIGH_RISK,2342,21,False,EXP-HIGH_RISK-20,DOOR-SENSOR-001,SMART_DOOR_LOCK,CONTROL,FAIL,,,DENY,BLOCKED,41.315,48.606,,0,,"Access Denied: ABAC eligibility failed - Policy 'Phase7A-DoorLock-CONTROL': Condition failed on 'booking.valid': expected 'true' EQUALS, actual was 'false'",DENY,BLOCKED,True,EXP-HIGH_RISK-20,2026-09-22T14:53:36.640578700
EXP8B-HIGH_RISK-R2-1790069014711,2,HIGH_RISK,2342,22,False,EXP-HIGH_RISK-21,DOOR-SENSOR-001,SMART_DOOR_LOCK,CONTROL,FAIL,,,DENY,BLOCKED,49.467,58.197,,0,,"Access Denied: ABAC eligibility failed - Policy 'Phase7A-DoorLock-CONTROL': Condition failed on 'booking.valid': expected 'true' EQUALS, actual was 'false'",DENY,BLOCKED,True,EXP-HIGH_RISK-21,2026-09-22T14:53:36.699232600
EXP8B-HIGH_RISK-R2-1790069014711,2,HIGH_RISK,2342,23,False,EXP-HIGH_RISK-22,DOOR-SENSOR-001,SMART_DOOR_LOCK,CONTROL,FAIL,,,DENY,BLOCKED,55.659,65.481,,0,,"Access Denied: ABAC eligibility failed - Policy 'Phase7A-DoorLock-CONTROL': Condition failed on 'booking.valid': expected 'true' EQUALS, actual was 'false'",DENY,BLOCKED,True,EXP-HIGH_RISK-22,2026-09-22T14:53:36.764683400
EXP8B-HIGH_RISK-R2-1790069014711,2,HIGH_RISK,2342,24,False,EXP-HIGH_RISK-23,DOOR-SENSOR-001,SMART_DOOR_LOCK,CONTROL,FAIL,,,DENY,BLOCKED,50.252,59.12,,0,,"Access Denied: ABAC eligibility failed - Policy 'Phase7A-DoorLock-CONTROL': Condition failed on 'booking.valid': expected 'true' EQUALS, actual was 'false'",DENY,BLOCKED,True,EXP-HIGH_RISK-23,2026-09-22T14:53:36.823761300
EXP8B-HIGH_RISK-R2-1790069014711,2,HIGH_RISK,2342,25,False,EXP-HIGH_RISK-24,DOOR-SENSOR-001,SMART_DOOR_LOCK,CONTROL,FAIL,,,DENY,BLOCKED,49.453,58.181,,0,,"Access Denied: ABAC eligibility failed - Policy 'Phase7A-DoorLock-CONTROL': Condition failed on 'booking.valid': expected 'true' EQUALS, actual was 'false'",DENY,BLOCKED,True,EXP-HIGH_RISK-24,2026-09-22T14:53:36.882363400
EXP8B-HIGH_RISK-R2-1790069014711,2,HIGH_RISK,2342,26,False,EXP-HIGH_RISK-25,DOOR-SENSOR-001,SMART_DOOR_LOCK,CONTROL,FAIL,,,DENY,BLOCKED,49.531,58.272,,0,,"Access Denied: ABAC eligibility failed - Policy 'Phase7A-DoorLock-CONTROL': Condition failed on 'booking.valid': expected 'true' EQUALS, actual was 'false'",DENY,BLOCKED,True,EXP-HIGH_RISK-25,2026-09-22T14:53:36.940122600
EXP8B-HIGH_RISK-R2-1790069014711,2,HIGH_RISK,2342,27,False,EXP-HIGH_RISK-26,DOOR-SENSOR-001,SMART_DOOR_LOCK,CONTROL,FAIL,,,DENY,BLOCKED,46.09,54.223,,0,,"Access Denied: ABAC eligibility failed - Policy 'Phase7A-DoorLock-CONTROL': Condition failed on 'booking.valid': expected 'true' EQUALS, actual was 'false'",DENY,BLOCKED,True,EXP-HIGH_RISK-26,2026-09-22T14:53:36.995116800
EXP8B-HIGH_RISK-R2-1790069014711,2,HIGH_RISK,2342,28,False,EXP-HIGH_RISK-27,DOOR-SENSOR-001,SMART_DOOR_LOCK,CONTROL,FAIL,,,DENY,BLOCKED,47.053,55.356,,0,,"Access Denied: ABAC eligibility failed - Policy 'Phase7A-DoorLock-CONTROL': Condition failed on 'booking.valid': expected 'true' EQUALS, actual was 'false'",DENY,BLOCKED,True,EXP-HIGH_RISK-27,2026-09-22T14:53:37.049840400
EXP8B-HIGH_RISK-R2-1790069014711,2,HIGH_RISK,2342,29,False,EXP-HIGH_RISK-28,DOOR-SENSOR-001,SMART_DOOR_LOCK,CONTROL,FAIL,,,DENY,BLOCKED,43.809,51.54,,0,,"Access Denied: ABAC eligibility failed - Policy 'Phase7A-DoorLock-CONTROL': Condition failed on 'booking.valid': expected 'true' EQUALS, actual was 'false'",DENY,BLOCKED,True,EXP-HIGH_RISK-28,2026-09-22T14:53:37.101556400
EXP8B-HIGH_RISK-R2-1790069014711,2,HIGH_RISK,2342,30,False,EXP-HIGH_RISK-29,DOOR-SENSOR-001,SMART_DOOR_LOCK,CONTROL,FAIL,,,DENY,BLOCKED,39.386,46.337,,0,,"Access Denied: ABAC eligibility failed - Policy 'Phase7A-DoorLock-CONTROL': Condition failed on 'booking.valid': expected 'true' EQUALS, actual was 'false'",DENY,BLOCKED,True,EXP-HIGH_RISK-29,2026-09-22T14:53:37.148423600
EXP8B-HIGH_RISK-R3-1790069017261,3,HIGH_RISK,3342,0,True,EXP-HIGH_RISK-0,DOOR-SENSOR-001,SMART_DOOR_LOCK,CONTROL,FAIL,,,DENY,BLOCKED,44.654,52.535,,0,,"Access Denied: ABAC eligibility failed - Policy 'Phase7A-DoorLock-CONTROL': Condition failed on 'booking.valid': expected 'true' EQUALS, actual was 'false'",DENY,BLOCKED,True,EXP-HIGH_RISK-0,2026-09-22T14:53:37.553948300
EXP8B-HIGH_RISK-R3-1790069017261,3,HIGH_RISK,3342,1,True,EXP-HIGH_RISK-1,DOOR-SENSOR-001,SMART_DOOR_LOCK,CONTROL,FAIL,,,DENY,BLOCKED,39.919,46.964,,0,,"Access Denied: ABAC eligibility failed - Policy 'Phase7A-DoorLock-CONTROL': Condition failed on 'booking.valid': expected 'true' EQUALS, actual was 'false'",DENY,BLOCKED,True,EXP-HIGH_RISK-1,2026-09-22T14:53:37.601176600
EXP8B-HIGH_RISK-R3-1790069017261,3,HIGH_RISK,3342,2,True,EXP-HIGH_RISK-2,DOOR-SENSOR-001,SMART_DOOR_LOCK,CONTROL,FAIL,,,DENY,BLOCKED,43.979,51.74,,0,,"Access Denied: ABAC eligibility failed - Policy 'Phase7A-DoorLock-CONTROL': Condition failed on 'booking.valid': expected 'true' EQUALS, actual was 'false'",DENY,BLOCKED,True,EXP-HIGH_RISK-2,2026-09-22T14:53:37.653151600
EXP8B-HIGH_RISK-R3-1790069017261,3,HIGH_RISK,3342,3,True,EXP-HIGH_RISK-3,DOOR-SENSOR-001,SMART_DOOR_LOCK,CONTROL,FAIL,,,DENY,BLOCKED,43.628,51.328,,0,,"Access Denied: ABAC eligibility failed - Policy 'Phase7A-DoorLock-CONTROL': Condition failed on 'booking.valid': expected 'true' EQUALS, actual was 'false'",DENY,BLOCKED,True,EXP-HIGH_RISK-3,2026-09-22T14:53:37.704630100
EXP8B-HIGH_RISK-R3-1790069017261,3,HIGH_RISK,3342,4,True,EXP-HIGH_RISK-4,DOOR-SENSOR-001,SMART_DOOR_LOCK,CONTROL,FAIL,,,DENY,BLOCKED,37.213,43.78,,0,,"Access Denied: ABAC eligibility failed - Policy 'Phase7A-DoorLock-CONTROL': Condition failed on 'booking.valid': expected 'true' EQUALS, actual was 'false'",DENY,BLOCKED,True,EXP-HIGH_RISK-4,2026-09-22T14:53:37.748505400
EXP8B-HIGH_RISK-R3-1790069017261,3,HIGH_RISK,3342,5,True,EXP-HIGH_RISK-5,DOOR-SENSOR-001,SMART_DOOR_LOCK,CONTROL,FAIL,,,DENY,BLOCKED,36.671,43.142,,0,,"Access Denied: ABAC eligibility failed - Policy 'Phase7A-DoorLock-CONTROL': Condition failed on 'booking.valid': expected 'true' EQUALS, actual was 'false'",DENY,BLOCKED,True,EXP-HIGH_RISK-5,2026-09-22T14:53:37.791529
EXP8B-HIGH_RISK-R3-1790069017261,3,HIGH_RISK,3342,6,True,EXP-HIGH_RISK-6,DOOR-SENSOR-001,SMART_DOOR_LOCK,CONTROL,FAIL,,,DENY,BLOCKED,47.289,55.635,,0,,"Access Denied: ABAC eligibility failed - Policy 'Phase7A-DoorLock-CONTROL': Condition failed on 'booking.valid': expected 'true' EQUALS, actual was 'false'",DENY,BLOCKED,True,EXP-HIGH_RISK-6,2026-09-22T14:53:37.847309900
EXP8B-HIGH_RISK-R3-1790069017261,3,HIGH_RISK,3342,7,True,EXP-HIGH_RISK-7,DOOR-SENSOR-001,SMART_DOOR_LOCK,CONTROL,FAIL,,,DENY,BLOCKED,38.733,45.569,,0,,"Access Denied: ABAC eligibility failed - Policy 'Phase7A-DoorLock-CONTROL': Condition failed on 'booking.valid': expected 'true' EQUALS, actual was 'false'",DENY,BLOCKED,True,EXP-HIGH_RISK-7,2026-09-22T14:53:37.892819700
EXP8B-HIGH_RISK-R3-1790069017261,3,HIGH_RISK,3342,8,True,EXP-HIGH_RISK-8,DOOR-SENSOR-001,SMART_DOOR_LOCK,CONTROL,FAIL,,,DENY,BLOCKED,39.136,46.043,,0,,"Access Denied: ABAC eligibility failed - Policy 'Phase7A-DoorLock-CONTROL': Condition failed on 'booking.valid': expected 'true' EQUALS, actual was 'false'",DENY,BLOCKED,True,EXP-HIGH_RISK-8,2026-09-22T14:53:37.939152700
EXP8B-HIGH_RISK-R3-1790069017261,3,HIGH_RISK,3342,9,True,EXP-HIGH_RISK-9,DOOR-SENSOR-001,SMART_DOOR_LOCK,CONTROL,FAIL,,,DENY,BLOCKED,48.402,56.943,,0,,"Access Denied: ABAC eligibility failed - Policy 'Phase7A-DoorLock-CONTROL': Condition failed on 'booking.valid': expected 'true' EQUALS, actual was 'false'",DENY,BLOCKED,True,EXP-HIGH_RISK-9,2026-09-22T14:53:37.995878900
EXP8B-HIGH_RISK-R3-1790069017261,3,HIGH_RISK,3342,1,False,EXP-HIGH_RISK-0,DOOR-SENSOR-001,SMART_DOOR_LOCK,CONTROL,FAIL,,,DENY,BLOCKED,40.784,47.981,,0,,"Access Denied: ABAC eligibility failed - Policy 'Phase7A-DoorLock-CONTROL': Condition failed on 'booking.valid': expected 'true' EQUALS, actual was 'false'",DENY,BLOCKED,True,EXP-HIGH_RISK-0,2026-09-22T14:53:38.043828600
EXP8B-HIGH_RISK-R3-1790069017261,3,HIGH_RISK,3342,2,False,EXP-HIGH_RISK-1,DOOR-SENSOR-001,SMART_DOOR_LOCK,CONTROL,FAIL,,,DENY,BLOCKED,38.762,45.603,,0,,"Access Denied: ABAC eligibility failed - Policy 'Phase7A-DoorLock-CONTROL': Condition failed on 'booking.valid': expected 'true' EQUALS, actual was 'false'",DENY,BLOCKED,True,EXP-HIGH_RISK-1,2026-09-22T14:53:38.089923
EXP8B-HIGH_RISK-R3-1790069017261,3,HIGH_RISK,3342,3,False,EXP-HIGH_RISK-2,DOOR-SENSOR-001,SMART_DOOR_LOCK,CONTROL,FAIL,,,DENY,BLOCKED,37.874,44.558,,0,,"Access Denied: ABAC eligibility failed - Policy 'Phase7A-DoorLock-CONTROL': Condition failed on 'booking.valid': expected 'true' EQUALS, actual was 'false'",DENY,BLOCKED,True,EXP-HIGH_RISK-2,2026-09-22T14:53:38.134559400
EXP8B-HIGH_RISK-R3-1790069017261,3,HIGH_RISK,3342,4,False,EXP-HIGH_RISK-3,DOOR-SENSOR-001,SMART_DOOR_LOCK,CONTROL,FAIL,,,DENY,BLOCKED,36.93,43.448,,0,,"Access Denied: ABAC eligibility failed - Policy 'Phase7A-DoorLock-CONTROL': Condition failed on 'booking.valid': expected 'true' EQUALS, actual was 'false'",DENY,BLOCKED,True,EXP-HIGH_RISK-3,2026-09-22T14:53:38.177556200
EXP8B-HIGH_RISK-R3-1790069017261,3,HIGH_RISK,3342,5,False,EXP-HIGH_RISK-4,DOOR-SENSOR-001,SMART_DOOR_LOCK,CONTROL,FAIL,,,DENY,BLOCKED,35.967,42.314,,0,,"Access Denied: ABAC eligibility failed - Policy 'Phase7A-DoorLock-CONTROL': Condition failed on 'booking.valid': expected 'true' EQUALS, actual was 'false'",DENY,BLOCKED,True,EXP-HIGH_RISK-4,2026-09-22T14:53:38.220358600
EXP8B-HIGH_RISK-R3-1790069017261,3,HIGH_RISK,3342,6,False,EXP-HIGH_RISK-5,DOOR-SENSOR-001,SMART_DOOR_LOCK,CONTROL,FAIL,,,DENY,BLOCKED,41.129,48.387,,0,,"Access Denied: ABAC eligibility failed - Policy 'Phase7A-DoorLock-CONTROL': Condition failed on 'booking.valid': expected 'true' EQUALS, actual was 'false'",DENY,BLOCKED,True,EXP-HIGH_RISK-5,2026-09-22T14:53:38.268542
EXP8B-HIGH_RISK-R3-1790069017261,3,HIGH_RISK,3342,7,False,EXP-HIGH_RISK-6,DOOR-SENSOR-001,SMART_DOOR_LOCK,CONTROL,FAIL,,,DENY,BLOCKED,88.591,104.225,,0,,"Access Denied: ABAC eligibility failed - Policy 'Phase7A-DoorLock-CONTROL': Condition failed on 'booking.valid': expected 'true' EQUALS, actual was 'false'",DENY,BLOCKED,True,EXP-HIGH_RISK-6,2026-09-22T14:53:38.373153800
EXP8B-HIGH_RISK-R3-1790069017261,3,HIGH_RISK,3342,8,False,EXP-HIGH_RISK-7,DOOR-SENSOR-001,SMART_DOOR_LOCK,CONTROL,FAIL,,,DENY,BLOCKED,37.599,44.235,,0,,"Access Denied: ABAC eligibility failed - Policy 'Phase7A-DoorLock-CONTROL': Condition failed on 'booking.valid': expected 'true' EQUALS, actual was 'false'",DENY,BLOCKED,True,EXP-HIGH_RISK-7,2026-09-22T14:53:38.417254300
EXP8B-HIGH_RISK-R3-1790069017261,3,HIGH_RISK,3342,9,False,EXP-HIGH_RISK-8,DOOR-SENSOR-001,SMART_DOOR_LOCK,CONTROL,FAIL,,,DENY,BLOCKED,39.522,46.496,,0,,"Access Denied: ABAC eligibility failed - Policy 'Phase7A-DoorLock-CONTROL': Condition failed on 'booking.valid': expected 'true' EQUALS, actual was 'false'",DENY,BLOCKED,True,EXP-HIGH_RISK-8,2026-09-22T14:53:38.463845300
EXP8B-HIGH_RISK-R3-1790069017261,3,HIGH_RISK,3342,10,False,EXP-HIGH_RISK-9,DOOR-SENSOR-001,SMART_DOOR_LOCK,CONTROL,FAIL,,,DENY,BLOCKED,42.943,50.522,,0,,"Access Denied: ABAC eligibility failed - Policy 'Phase7A-DoorLock-CONTROL': Condition failed on 'booking.valid': expected 'true' EQUALS, actual was 'false'",DENY,BLOCKED,True,EXP-HIGH_RISK-9,2026-09-22T14:53:38.514634300
EXP8B-HIGH_RISK-R3-1790069017261,3,HIGH_RISK,3342,11,False,EXP-HIGH_RISK-10,DOOR-SENSOR-001,SMART_DOOR_LOCK,CONTROL,FAIL,,,DENY,BLOCKED,42.988,50.575,,0,,"Access Denied: ABAC eligibility failed - Policy 'Phase7A-DoorLock-CONTROL': Condition failed on 'booking.valid': expected 'true' EQUALS, actual was 'false'",DENY,BLOCKED,True,EXP-HIGH_RISK-10,2026-09-22T14:53:38.564926100
EXP8B-HIGH_RISK-R3-1790069017261,3,HIGH_RISK,3342,12,False,EXP-HIGH_RISK-11,DOOR-SENSOR-001,SMART_DOOR_LOCK,CONTROL,FAIL,,,DENY,BLOCKED,38.817,45.667,,0,,"Access Denied: ABAC eligibility failed - Policy 'Phase7A-DoorLock-CONTROL': Condition failed on 'booking.valid': expected 'true' EQUALS, actual was 'false'",DENY,BLOCKED,True,EXP-HIGH_RISK-11,2026-09-22T14:53:38.611025400
EXP8B-HIGH_RISK-R3-1790069017261,3,HIGH_RISK,3342,13,False,EXP-HIGH_RISK-12,DOOR-SENSOR-001,SMART_DOOR_LOCK,CONTROL,FAIL,,,DENY,BLOCKED,34.79,40.93,,0,,"Access Denied: ABAC eligibility failed - Policy 'Phase7A-DoorLock-CONTROL': Condition failed on 'booking.valid': expected 'true' EQUALS, actual was 'false'",DENY,BLOCKED,True,EXP-HIGH_RISK-12,2026-09-22T14:53:38.651530700
EXP8B-HIGH_RISK-R3-1790069017261,3,HIGH_RISK,3342,14,False,EXP-HIGH_RISK-13,DOOR-SENSOR-001,SMART_DOOR_LOCK,CONTROL,FAIL,,,DENY,BLOCKED,45.444,53.463,,0,,"Access Denied: ABAC eligibility failed - Policy 'Phase7A-DoorLock-CONTROL': Condition failed on 'booking.valid': expected 'true' EQUALS, actual was 'false'",DENY,BLOCKED,True,EXP-HIGH_RISK-13,2026-09-22T14:53:38.705508800
EXP8B-HIGH_RISK-R3-1790069017261,3,HIGH_RISK,3342,15,False,EXP-HIGH_RISK-14,DOOR-SENSOR-001,SMART_DOOR_LOCK,CONTROL,FAIL,,,DENY,BLOCKED,40.771,47.966,,0,,"Access Denied: ABAC eligibility failed - Policy 'Phase7A-DoorLock-CONTROL': Condition failed on 'booking.valid': expected 'true' EQUALS, actual was 'false'",DENY,BLOCKED,True,EXP-HIGH_RISK-14,2026-09-22T14:53:38.753085300
EXP8B-HIGH_RISK-R3-1790069017261,3,HIGH_RISK,3342,16,False,EXP-HIGH_RISK-15,DOOR-SENSOR-001,SMART_DOOR_LOCK,CONTROL,FAIL,,,DENY,BLOCKED,37.5,44.117,,0,,"Access Denied: ABAC eligibility failed - Policy 'Phase7A-DoorLock-CONTROL': Condition failed on 'booking.valid': expected 'true' EQUALS, actual was 'false'",DENY,BLOCKED,True,EXP-HIGH_RISK-15,2026-09-22T14:53:38.797675200
EXP8B-HIGH_RISK-R3-1790069017261,3,HIGH_RISK,3342,17,False,EXP-HIGH_RISK-16,DOOR-SENSOR-001,SMART_DOOR_LOCK,CONTROL,FAIL,,,DENY,BLOCKED,44.534,52.393,,0,,"Access Denied: ABAC eligibility failed - Policy 'Phase7A-DoorLock-CONTROL': Condition failed on 'booking.valid': expected 'true' EQUALS, actual was 'false'",DENY,BLOCKED,True,EXP-HIGH_RISK-16,2026-09-22T14:53:38.850159400
EXP8B-HIGH_RISK-R3-1790069017261,3,HIGH_RISK,3342,18,False,EXP-HIGH_RISK-17,DOOR-SENSOR-001,SMART_DOOR_LOCK,CONTROL,FAIL,,,DENY,BLOCKED,38.097,44.82,,0,,"Access Denied: ABAC eligibility failed - Policy 'Phase7A-DoorLock-CONTROL': Condition failed on 'booking.valid': expected 'true' EQUALS, actual was 'false'",DENY,BLOCKED,True,EXP-HIGH_RISK-17,2026-09-22T14:53:38.894338900
EXP8B-HIGH_RISK-R3-1790069017261,3,HIGH_RISK,3342,19,False,EXP-HIGH_RISK-18,DOOR-SENSOR-001,SMART_DOOR_LOCK,CONTROL,FAIL,,,DENY,BLOCKED,41.16,48.423,,0,,"Access Denied: ABAC eligibility failed - Policy 'Phase7A-DoorLock-CONTROL': Condition failed on 'booking.valid': expected 'true' EQUALS, actual was 'false'",DENY,BLOCKED,True,EXP-HIGH_RISK-18,2026-09-22T14:53:38.943443100
EXP8B-HIGH_RISK-R3-1790069017261,3,HIGH_RISK,3342,20,False,EXP-HIGH_RISK-19,DOOR-SENSOR-001,SMART_DOOR_LOCK,CONTROL,FAIL,,,DENY,BLOCKED,39.72,46.729,,0,,"Access Denied: ABAC eligibility failed - Policy 'Phase7A-DoorLock-CONTROL': Condition failed on 'booking.valid': expected 'true' EQUALS, actual was 'false'",DENY,BLOCKED,True,EXP-HIGH_RISK-19,2026-09-22T14:53:38.990012900
EXP8B-HIGH_RISK-R3-1790069017261,3,HIGH_RISK,3342,21,False,EXP-HIGH_RISK-20,DOOR-SENSOR-001,SMART_DOOR_LOCK,CONTROL,FAIL,,,DENY,BLOCKED,41.275,48.559,,0,,"Access Denied: ABAC eligibility failed - Policy 'Phase7A-DoorLock-CONTROL': Condition failed on 'booking.valid': expected 'true' EQUALS, actual was 'false'",DENY,BLOCKED,True,EXP-HIGH_RISK-20,2026-09-22T14:53:39.038563900
EXP8B-HIGH_RISK-R3-1790069017261,3,HIGH_RISK,3342,22,False,EXP-HIGH_RISK-21,DOOR-SENSOR-001,SMART_DOOR_LOCK,CONTROL,FAIL,,,DENY,BLOCKED,33.278,39.151,,0,,"Access Denied: ABAC eligibility failed - Policy 'Phase7A-DoorLock-CONTROL': Condition failed on 'booking.valid': expected 'true' EQUALS, actual was 'false'",DENY,BLOCKED,True,EXP-HIGH_RISK-21,2026-09-22T14:53:39.078003800
EXP8B-HIGH_RISK-R3-1790069017261,3,HIGH_RISK,3342,23,False,EXP-HIGH_RISK-22,DOOR-SENSOR-001,SMART_DOOR_LOCK,CONTROL,FAIL,,,DENY,BLOCKED,33.095,38.935,,0,,"Access Denied: ABAC eligibility failed - Policy 'Phase7A-DoorLock-CONTROL': Condition failed on 'booking.valid': expected 'true' EQUALS, actual was 'false'",DENY,BLOCKED,True,EXP-HIGH_RISK-22,2026-09-22T14:53:39.117108800
EXP8B-HIGH_RISK-R3-1790069017261,3,HIGH_RISK,3342,24,False,EXP-HIGH_RISK-23,DOOR-SENSOR-001,SMART_DOOR_LOCK,CONTROL,FAIL,,,DENY,BLOCKED,38.641,45.46,,0,,"Access Denied: ABAC eligibility failed - Policy 'Phase7A-DoorLock-CONTROL': Condition failed on 'booking.valid': expected 'true' EQUALS, actual was 'false'",DENY,BLOCKED,True,EXP-HIGH_RISK-23,2026-09-22T14:53:39.162285200
EXP8B-HIGH_RISK-R3-1790069017261,3,HIGH_RISK,3342,25,False,EXP-HIGH_RISK-24,DOOR-SENSOR-001,SMART_DOOR_LOCK,CONTROL,FAIL,,,DENY,BLOCKED,39.351,46.295,,0,,"Access Denied: ABAC eligibility failed - Policy 'Phase7A-DoorLock-CONTROL': Condition failed on 'booking.valid': expected 'true' EQUALS, actual was 'false'",DENY,BLOCKED,True,EXP-HIGH_RISK-24,2026-09-22T14:53:39.208553100
EXP8B-HIGH_RISK-R3-1790069017261,3,HIGH_RISK,3342,26,False,EXP-HIGH_RISK-25,DOOR-SENSOR-001,SMART_DOOR_LOCK,CONTROL,FAIL,,,DENY,BLOCKED,36.413,42.839,,0,,"Access Denied: ABAC eligibility failed - Policy 'Phase7A-DoorLock-CONTROL': Condition failed on 'booking.valid': expected 'true' EQUALS, actual was 'false'",DENY,BLOCKED,True,EXP-HIGH_RISK-25,2026-09-22T14:53:39.251522600
EXP8B-HIGH_RISK-R3-1790069017261,3,HIGH_RISK,3342,27,False,EXP-HIGH_RISK-26,DOOR-SENSOR-001,SMART_DOOR_LOCK,CONTROL,FAIL,,,DENY,BLOCKED,37.583,44.216,,0,,"Access Denied: ABAC eligibility failed - Policy 'Phase7A-DoorLock-CONTROL': Condition failed on 'booking.valid': expected 'true' EQUALS, actual was 'false'",DENY,BLOCKED,True,EXP-HIGH_RISK-26,2026-09-22T14:53:39.295794400
EXP8B-HIGH_RISK-R3-1790069017261,3,HIGH_RISK,3342,28,False,EXP-HIGH_RISK-27,DOOR-SENSOR-001,SMART_DOOR_LOCK,CONTROL,FAIL,,,DENY,BLOCKED,46.798,55.056,,0,,"Access Denied: ABAC eligibility failed - Policy 'Phase7A-DoorLock-CONTROL': Condition failed on 'booking.valid': expected 'true' EQUALS, actual was 'false'",DENY,BLOCKED,True,EXP-HIGH_RISK-27,2026-09-22T14:53:39.351178100
EXP8B-HIGH_RISK-R3-1790069017261,3,HIGH_RISK,3342,29,False,EXP-HIGH_RISK-28,DOOR-SENSOR-001,SMART_DOOR_LOCK,CONTROL,FAIL,,,DENY,BLOCKED,40.107,47.184,,0,,"Access Denied: ABAC eligibility failed - Policy 'Phase7A-DoorLock-CONTROL': Condition failed on 'booking.valid': expected 'true' EQUALS, actual was 'false'",DENY,BLOCKED,True,EXP-HIGH_RISK-28,2026-09-22T14:53:39.398486
EXP8B-HIGH_RISK-R3-1790069017261,3,HIGH_RISK,3342,30,False,EXP-HIGH_RISK-29,DOOR-SENSOR-001,SMART_DOOR_LOCK,CONTROL,FAIL,,,DENY,BLOCKED,41.568,48.904,,0,,"Access Denied: ABAC eligibility failed - Policy 'Phase7A-DoorLock-CONTROL': Condition failed on 'booking.valid': expected 'true' EQUALS, actual was 'false'",DENY,BLOCKED,True,EXP-HIGH_RISK-29,2026-09-22T14:53:39.447350900
EXP8B-ABAC_FAILURE-R1-1790069019583,1,ABAC_FAILURE,1442,0,True,EXP-ABAC_FAILURE-0,CAM-001,SECURITY_CAMERA,CONTROL,FAIL,,,DENY,BLOCKED,38.265,45.018,,0,,Access Denied: ABAC eligibility failed - No active policy applies to resource 'SECURITY_CAMERA' and operation 'CONTROL',DENY,BLOCKED,True,EXP-ABAC_FAILURE-0,2026-09-22T14:53:39.852681500
EXP8B-ABAC_FAILURE-R1-1790069019583,1,ABAC_FAILURE,1442,1,True,EXP-ABAC_FAILURE-1,CAM-001,SECURITY_CAMERA,CONTROL,FAIL,,,DENY,BLOCKED,37.9,44.589,,0,,Access Denied: ABAC eligibility failed - No active policy applies to resource 'SECURITY_CAMERA' and operation 'CONTROL',DENY,BLOCKED,True,EXP-ABAC_FAILURE-1,2026-09-22T14:53:39.897072500
EXP8B-ABAC_FAILURE-R1-1790069019583,1,ABAC_FAILURE,1442,2,True,EXP-ABAC_FAILURE-2,CAM-001,SECURITY_CAMERA,CONTROL,FAIL,,,DENY,BLOCKED,35.173,41.38,,0,,Access Denied: ABAC eligibility failed - No active policy applies to resource 'SECURITY_CAMERA' and operation 'CONTROL',DENY,BLOCKED,True,EXP-ABAC_FAILURE-2,2026-09-22T14:53:39.938913900
EXP8B-ABAC_FAILURE-R1-1790069019583,1,ABAC_FAILURE,1442,3,True,EXP-ABAC_FAILURE-3,CAM-001,SECURITY_CAMERA,CONTROL,FAIL,,,DENY,BLOCKED,52.658,61.951,,0,,Access Denied: ABAC eligibility failed - No active policy applies to resource 'SECURITY_CAMERA' and operation 'CONTROL',DENY,BLOCKED,True,EXP-ABAC_FAILURE-3,2026-09-22T14:53:40.000594900
EXP8B-ABAC_FAILURE-R1-1790069019583,1,ABAC_FAILURE,1442,4,True,EXP-ABAC_FAILURE-4,CAM-001,SECURITY_CAMERA,CONTROL,FAIL,,,DENY,BLOCKED,47.615,56.017,,0,,Access Denied: ABAC eligibility failed - No active policy applies to resource 'SECURITY_CAMERA' and operation 'CONTROL',DENY,BLOCKED,True,EXP-ABAC_FAILURE-4,2026-09-22T14:53:40.056944900
EXP8B-ABAC_FAILURE-R1-1790069019583,1,ABAC_FAILURE,1442,5,True,EXP-ABAC_FAILURE-5,CAM-001,SECURITY_CAMERA,CONTROL,FAIL,,,DENY,BLOCKED,44.87,52.788,,0,,Access Denied: ABAC eligibility failed - No active policy applies to resource 'SECURITY_CAMERA' and operation 'CONTROL',DENY,BLOCKED,True,EXP-ABAC_FAILURE-5,2026-09-22T14:53:40.109317700
EXP8B-ABAC_FAILURE-R1-1790069019583,1,ABAC_FAILURE,1442,6,True,EXP-ABAC_FAILURE-6,CAM-001,SECURITY_CAMERA,CONTROL,FAIL,,,DENY,BLOCKED,44.289,52.105,,0,,Access Denied: ABAC eligibility failed - No active policy applies to resource 'SECURITY_CAMERA' and operation 'CONTROL',DENY,BLOCKED,True,EXP-ABAC_FAILURE-6,2026-09-22T14:53:40.161467
EXP8B-ABAC_FAILURE-R1-1790069019583,1,ABAC_FAILURE,1442,7,True,EXP-ABAC_FAILURE-7,CAM-001,SECURITY_CAMERA,CONTROL,FAIL,,,DENY,BLOCKED,44.27,52.083,,0,,Access Denied: ABAC eligibility failed - No active policy applies to resource 'SECURITY_CAMERA' and operation 'CONTROL',DENY,BLOCKED,True,EXP-ABAC_FAILURE-7,2026-09-22T14:53:40.213662100
EXP8B-ABAC_FAILURE-R1-1790069019583,1,ABAC_FAILURE,1442,8,True,EXP-ABAC_FAILURE-8,CAM-001,SECURITY_CAMERA,CONTROL,FAIL,,,DENY,BLOCKED,42.008,49.421,,0,,Access Denied: ABAC eligibility failed - No active policy applies to resource 'SECURITY_CAMERA' and operation 'CONTROL',DENY,BLOCKED,True,EXP-ABAC_FAILURE-8,2026-09-22T14:53:40.263161900
EXP8B-ABAC_FAILURE-R1-1790069019583,1,ABAC_FAILURE,1442,9,True,EXP-ABAC_FAILURE-9,CAM-001,SECURITY_CAMERA,CONTROL,FAIL,,,DENY,BLOCKED,42.019,49.434,,0,,Access Denied: ABAC eligibility failed - No active policy applies to resource 'SECURITY_CAMERA' and operation 'CONTROL',DENY,BLOCKED,True,EXP-ABAC_FAILURE-9,2026-09-22T14:53:40.312883500
EXP8B-ABAC_FAILURE-R1-1790069019583,1,ABAC_FAILURE,1442,1,False,EXP-ABAC_FAILURE-0,CAM-001,SECURITY_CAMERA,CONTROL,FAIL,,,DENY,BLOCKED,38.302,45.061,,0,,Access Denied: ABAC eligibility failed - No active policy applies to resource 'SECURITY_CAMERA' and operation 'CONTROL',DENY,BLOCKED,True,EXP-ABAC_FAILURE-0,2026-09-22T14:53:40.357710700
EXP8B-ABAC_FAILURE-R1-1790069019583,1,ABAC_FAILURE,1442,2,False,EXP-ABAC_FAILURE-1,CAM-001,SECURITY_CAMERA,CONTROL,FAIL,,,DENY,BLOCKED,35.616,41.902,,0,,Access Denied: ABAC eligibility failed - No active policy applies to resource 'SECURITY_CAMERA' and operation 'CONTROL',DENY,BLOCKED,True,EXP-ABAC_FAILURE-1,2026-09-22T14:53:40.399901
EXP8B-ABAC_FAILURE-R1-1790069019583,1,ABAC_FAILURE,1442,3,False,EXP-ABAC_FAILURE-2,CAM-001,SECURITY_CAMERA,CONTROL,FAIL,,,DENY,BLOCKED,36.598,43.056,,0,,Access Denied: ABAC eligibility failed - No active policy applies to resource 'SECURITY_CAMERA' and operation 'CONTROL',DENY,BLOCKED,True,EXP-ABAC_FAILURE-2,2026-09-22T14:53:40.442894200
EXP8B-ABAC_FAILURE-R1-1790069019583,1,ABAC_FAILURE,1442,4,False,EXP-ABAC_FAILURE-3,CAM-001,SECURITY_CAMERA,CONTROL,FAIL,,,DENY,BLOCKED,34.274,40.322,,0,,Access Denied: ABAC eligibility failed - No active policy applies to resource 'SECURITY_CAMERA' and operation 'CONTROL',DENY,BLOCKED,True,EXP-ABAC_FAILURE-3,2026-09-22T14:53:40.483103100
EXP8B-ABAC_FAILURE-R1-1790069019583,1,ABAC_FAILURE,1442,5,False,EXP-ABAC_FAILURE-4,CAM-001,SECURITY_CAMERA,CONTROL,FAIL,,,DENY,BLOCKED,37.203,43.769,,0,,Access Denied: ABAC eligibility failed - No active policy applies to resource 'SECURITY_CAMERA' and operation 'CONTROL',DENY,BLOCKED,True,EXP-ABAC_FAILURE-4,2026-09-22T14:53:40.526976700
EXP8B-ABAC_FAILURE-R1-1790069019583,1,ABAC_FAILURE,1442,6,False,EXP-ABAC_FAILURE-5,CAM-001,SECURITY_CAMERA,CONTROL,FAIL,,,DENY,BLOCKED,36.687,43.161,,0,,Access Denied: ABAC eligibility failed - No active policy applies to resource 'SECURITY_CAMERA' and operation 'CONTROL',DENY,BLOCKED,True,EXP-ABAC_FAILURE-5,2026-09-22T14:53:40.570440600
EXP8B-ABAC_FAILURE-R1-1790069019583,1,ABAC_FAILURE,1442,7,False,EXP-ABAC_FAILURE-6,CAM-001,SECURITY_CAMERA,CONTROL,FAIL,,,DENY,BLOCKED,39.66,46.659,,0,,Access Denied: ABAC eligibility failed - No active policy applies to resource 'SECURITY_CAMERA' and operation 'CONTROL',DENY,BLOCKED,True,EXP-ABAC_FAILURE-6,2026-09-22T14:53:40.617130700
EXP8B-ABAC_FAILURE-R1-1790069019583,1,ABAC_FAILURE,1442,8,False,EXP-ABAC_FAILURE-7,CAM-001,SECURITY_CAMERA,CONTROL,FAIL,,,DENY,BLOCKED,35.912,42.25,,0,,Access Denied: ABAC eligibility failed - No active policy applies to resource 'SECURITY_CAMERA' and operation 'CONTROL',DENY,BLOCKED,True,EXP-ABAC_FAILURE-7,2026-09-22T14:53:40.659202900
EXP8B-ABAC_FAILURE-R1-1790069019583,1,ABAC_FAILURE,1442,9,False,EXP-ABAC_FAILURE-8,CAM-001,SECURITY_CAMERA,CONTROL,FAIL,,,DENY,BLOCKED,29.873,35.145,,0,,Access Denied: ABAC eligibility failed - No active policy applies to resource 'SECURITY_CAMERA' and operation 'CONTROL',DENY,BLOCKED,True,EXP-ABAC_FAILURE-8,2026-09-22T14:53:40.694690300
EXP8B-ABAC_FAILURE-R1-1790069019583,1,ABAC_FAILURE,1442,10,False,EXP-ABAC_FAILURE-9,CAM-001,SECURITY_CAMERA,CONTROL,FAIL,,,DENY,BLOCKED,27.923,32.85,,0,,Access Denied: ABAC eligibility failed - No active policy applies to resource 'SECURITY_CAMERA' and operation 'CONTROL',DENY,BLOCKED,True,EXP-ABAC_FAILURE-9,2026-09-22T14:53:40.727634300
EXP8B-ABAC_FAILURE-R1-1790069019583,1,ABAC_FAILURE,1442,11,False,EXP-ABAC_FAILURE-10,CAM-001,SECURITY_CAMERA,CONTROL,FAIL,,,DENY,BLOCKED,27.659,32.54,,0,,Access Denied: ABAC eligibility failed - No active policy applies to resource 'SECURITY_CAMERA' and operation 'CONTROL',DENY,BLOCKED,True,EXP-ABAC_FAILURE-10,2026-09-22T14:53:40.759982500
EXP8B-ABAC_FAILURE-R1-1790069019583,1,ABAC_FAILURE,1442,12,False,EXP-ABAC_FAILURE-11,CAM-001,SECURITY_CAMERA,CONTROL,FAIL,,,DENY,BLOCKED,27.658,32.539,,0,,Access Denied: ABAC eligibility failed - No active policy applies to resource 'SECURITY_CAMERA' and operation 'CONTROL',DENY,BLOCKED,True,EXP-ABAC_FAILURE-11,2026-09-22T14:53:40.792345200
EXP8B-ABAC_FAILURE-R1-1790069019583,1,ABAC_FAILURE,1442,13,False,EXP-ABAC_FAILURE-12,CAM-001,SECURITY_CAMERA,CONTROL,FAIL,,,DENY,BLOCKED,26.876,31.619,,0,,Access Denied: ABAC eligibility failed - No active policy applies to resource 'SECURITY_CAMERA' and operation 'CONTROL',DENY,BLOCKED,True,EXP-ABAC_FAILURE-12,2026-09-22T14:53:40.824392100
EXP8B-ABAC_FAILURE-R1-1790069019583,1,ABAC_FAILURE,1442,14,False,EXP-ABAC_FAILURE-13,CAM-001,SECURITY_CAMERA,CONTROL,FAIL,,,DENY,BLOCKED,26.987,31.75,,0,,Access Denied: ABAC eligibility failed - No active policy applies to resource 'SECURITY_CAMERA' and operation 'CONTROL',DENY,BLOCKED,True,EXP-ABAC_FAILURE-13,2026-09-22T14:53:40.855910
EXP8B-ABAC_FAILURE-R1-1790069019583,1,ABAC_FAILURE,1442,15,False,EXP-ABAC_FAILURE-14,CAM-001,SECURITY_CAMERA,CONTROL,FAIL,,,DENY,BLOCKED,28.776,33.854,,0,,Access Denied: ABAC eligibility failed - No active policy applies to resource 'SECURITY_CAMERA' and operation 'CONTROL',DENY,BLOCKED,True,EXP-ABAC_FAILURE-14,2026-09-22T14:53:40.890243800
EXP8B-ABAC_FAILURE-R1-1790069019583,1,ABAC_FAILURE,1442,16,False,EXP-ABAC_FAILURE-15,CAM-001,SECURITY_CAMERA,CONTROL,FAIL,,,DENY,BLOCKED,27.043,31.815,,0,,Access Denied: ABAC eligibility failed - No active policy applies to resource 'SECURITY_CAMERA' and operation 'CONTROL',DENY,BLOCKED,True,EXP-ABAC_FAILURE-15,2026-09-22T14:53:40.921946600
EXP8B-ABAC_FAILURE-R1-1790069019583,1,ABAC_FAILURE,1442,17,False,EXP-ABAC_FAILURE-16,CAM-001,SECURITY_CAMERA,CONTROL,FAIL,,,DENY,BLOCKED,29.817,35.079,,0,,Access Denied: ABAC eligibility failed - No active policy applies to resource 'SECURITY_CAMERA' and operation 'CONTROL',DENY,BLOCKED,True,EXP-ABAC_FAILURE-16,2026-09-22T14:53:40.957047400
EXP8B-ABAC_FAILURE-R1-1790069019583,1,ABAC_FAILURE,1442,18,False,EXP-ABAC_FAILURE-17,CAM-001,SECURITY_CAMERA,CONTROL,FAIL,,,DENY,BLOCKED,24.11,28.365,,0,,Access Denied: ABAC eligibility failed - No active policy applies to resource 'SECURITY_CAMERA' and operation 'CONTROL',DENY,BLOCKED,True,EXP-ABAC_FAILURE-17,2026-09-22T14:53:40.985348500
EXP8B-ABAC_FAILURE-R1-1790069019583,1,ABAC_FAILURE,1442,19,False,EXP-ABAC_FAILURE-18,CAM-001,SECURITY_CAMERA,CONTROL,FAIL,,,DENY,BLOCKED,28.951,34.06,,0,,Access Denied: ABAC eligibility failed - No active policy applies to resource 'SECURITY_CAMERA' and operation 'CONTROL',DENY,BLOCKED,True,EXP-ABAC_FAILURE-18,2026-09-22T14:53:41.019591500
EXP8B-ABAC_FAILURE-R1-1790069019583,1,ABAC_FAILURE,1442,20,False,EXP-ABAC_FAILURE-19,CAM-001,SECURITY_CAMERA,CONTROL,FAIL,,,DENY,BLOCKED,29.195,34.347,,0,,Access Denied: ABAC eligibility failed - No active policy applies to resource 'SECURITY_CAMERA' and operation 'CONTROL',DENY,BLOCKED,True,EXP-ABAC_FAILURE-19,2026-09-22T14:53:41.054175300
EXP8B-ABAC_FAILURE-R1-1790069019583,1,ABAC_FAILURE,1442,21,False,EXP-ABAC_FAILURE-20,CAM-001,SECURITY_CAMERA,CONTROL,FAIL,,,DENY,BLOCKED,24.919,29.316,,0,,Access Denied: ABAC eligibility failed - No active policy applies to resource 'SECURITY_CAMERA' and operation 'CONTROL',DENY,BLOCKED,True,EXP-ABAC_FAILURE-20,2026-09-22T14:53:41.083237300
EXP8B-ABAC_FAILURE-R1-1790069019583,1,ABAC_FAILURE,1442,22,False,EXP-ABAC_FAILURE-21,CAM-001,SECURITY_CAMERA,CONTROL,FAIL,,,DENY,BLOCKED,23.521,27.672,,0,,Access Denied: ABAC eligibility failed - No active policy applies to resource 'SECURITY_CAMERA' and operation 'CONTROL',DENY,BLOCKED,True,EXP-ABAC_FAILURE-21,2026-09-22T14:53:41.111281200
EXP8B-ABAC_FAILURE-R1-1790069019583,1,ABAC_FAILURE,1442,23,False,EXP-ABAC_FAILURE-22,CAM-001,SECURITY_CAMERA,CONTROL,FAIL,,,DENY,BLOCKED,26.72,31.436,,0,,Access Denied: ABAC eligibility failed - No active policy applies to resource 'SECURITY_CAMERA' and operation 'CONTROL',DENY,BLOCKED,True,EXP-ABAC_FAILURE-22,2026-09-22T14:53:41.142544700
EXP8B-ABAC_FAILURE-R1-1790069019583,1,ABAC_FAILURE,1442,24,False,EXP-ABAC_FAILURE-23,CAM-001,SECURITY_CAMERA,CONTROL,FAIL,,,DENY,BLOCKED,26.228,30.857,,0,,Access Denied: ABAC eligibility failed - No active policy applies to resource 'SECURITY_CAMERA' and operation 'CONTROL',DENY,BLOCKED,True,EXP-ABAC_FAILURE-23,2026-09-22T14:53:41.173445700
EXP8B-ABAC_FAILURE-R1-1790069019583,1,ABAC_FAILURE,1442,25,False,EXP-ABAC_FAILURE-24,CAM-001,SECURITY_CAMERA,CONTROL,FAIL,,,DENY,BLOCKED,27.27,32.082,,0,,Access Denied: ABAC eligibility failed - No active policy applies to resource 'SECURITY_CAMERA' and operation 'CONTROL',DENY,BLOCKED,True,EXP-ABAC_FAILURE-24,2026-09-22T14:53:41.205339
EXP8B-ABAC_FAILURE-R1-1790069019583,1,ABAC_FAILURE,1442,26,False,EXP-ABAC_FAILURE-25,CAM-001,SECURITY_CAMERA,CONTROL,FAIL,,,DENY,BLOCKED,25.181,29.624,,0,,Access Denied: ABAC eligibility failed - No active policy applies to resource 'SECURITY_CAMERA' and operation 'CONTROL',DENY,BLOCKED,True,EXP-ABAC_FAILURE-25,2026-09-22T14:53:41.235000100
EXP8B-ABAC_FAILURE-R1-1790069019583,1,ABAC_FAILURE,1442,27,False,EXP-ABAC_FAILURE-26,CAM-001,SECURITY_CAMERA,CONTROL,FAIL,,,DENY,BLOCKED,27.801,32.708,,0,,Access Denied: ABAC eligibility failed - No active policy applies to resource 'SECURITY_CAMERA' and operation 'CONTROL',DENY,BLOCKED,True,EXP-ABAC_FAILURE-26,2026-09-22T14:53:41.268151600
EXP8B-ABAC_FAILURE-R1-1790069019583,1,ABAC_FAILURE,1442,28,False,EXP-ABAC_FAILURE-27,CAM-001,SECURITY_CAMERA,CONTROL,FAIL,,,DENY,BLOCKED,52.088,61.28,,0,,Access Denied: ABAC eligibility failed - No active policy applies to resource 'SECURITY_CAMERA' and operation 'CONTROL',DENY,BLOCKED,True,EXP-ABAC_FAILURE-27,2026-09-22T14:53:41.329324500
EXP8B-ABAC_FAILURE-R1-1790069019583,1,ABAC_FAILURE,1442,29,False,EXP-ABAC_FAILURE-28,CAM-001,SECURITY_CAMERA,CONTROL,FAIL,,,DENY,BLOCKED,44.002,51.767,,0,,Access Denied: ABAC eligibility failed - No active policy applies to resource 'SECURITY_CAMERA' and operation 'CONTROL',DENY,BLOCKED,True,EXP-ABAC_FAILURE-28,2026-09-22T14:53:41.381325600
EXP8B-ABAC_FAILURE-R1-1790069019583,1,ABAC_FAILURE,1442,30,False,EXP-ABAC_FAILURE-29,CAM-001,SECURITY_CAMERA,CONTROL,FAIL,,,DENY,BLOCKED,36.75,43.235,,0,,Access Denied: ABAC eligibility failed - No active policy applies to resource 'SECURITY_CAMERA' and operation 'CONTROL',DENY,BLOCKED,True,EXP-ABAC_FAILURE-29,2026-09-22T14:53:41.424381800
EXP8B-ABAC_FAILURE-R2-1790069021559,2,ABAC_FAILURE,2442,0,True,EXP-ABAC_FAILURE-0,CAM-001,SECURITY_CAMERA,CONTROL,FAIL,,,DENY,BLOCKED,80.931,95.213,,0,,Access Denied: ABAC eligibility failed - No active policy applies to resource 'SECURITY_CAMERA' and operation 'CONTROL',DENY,BLOCKED,True,EXP-ABAC_FAILURE-0,2026-09-22T14:53:42.014796200
EXP8B-ABAC_FAILURE-R2-1790069021559,2,ABAC_FAILURE,2442,1,True,EXP-ABAC_FAILURE-1,CAM-001,SECURITY_CAMERA,CONTROL,FAIL,,,DENY,BLOCKED,100.306,118.007,,0,,Access Denied: ABAC eligibility failed - No active policy applies to resource 'SECURITY_CAMERA' and operation 'CONTROL',DENY,BLOCKED,True,EXP-ABAC_FAILURE-1,2026-09-22T14:53:42.132804500
EXP8B-ABAC_FAILURE-R2-1790069021559,2,ABAC_FAILURE,2442,2,True,EXP-ABAC_FAILURE-2,CAM-001,SECURITY_CAMERA,CONTROL,FAIL,,,DENY,BLOCKED,38.636,45.454,,0,,Access Denied: ABAC eligibility failed - No active policy applies to resource 'SECURITY_CAMERA' and operation 'CONTROL',DENY,BLOCKED,True,EXP-ABAC_FAILURE-2,2026-09-22T14:53:42.178200700
EXP8B-ABAC_FAILURE-R2-1790069021559,2,ABAC_FAILURE,2442,3,True,EXP-ABAC_FAILURE-3,CAM-001,SECURITY_CAMERA,CONTROL,FAIL,,,DENY,BLOCKED,39.273,46.204,,0,,Access Denied: ABAC eligibility failed - No active policy applies to resource 'SECURITY_CAMERA' and operation 'CONTROL',DENY,BLOCKED,True,EXP-ABAC_FAILURE-3,2026-09-22T14:53:42.224183100
EXP8B-ABAC_FAILURE-R2-1790069021559,2,ABAC_FAILURE,2442,4,True,EXP-ABAC_FAILURE-4,CAM-001,SECURITY_CAMERA,CONTROL,FAIL,,,DENY,BLOCKED,41.294,48.581,,0,,Access Denied: ABAC eligibility failed - No active policy applies to resource 'SECURITY_CAMERA' and operation 'CONTROL',DENY,BLOCKED,True,EXP-ABAC_FAILURE-4,2026-09-22T14:53:42.273374500
EXP8B-ABAC_FAILURE-R2-1790069021559,2,ABAC_FAILURE,2442,5,True,EXP-ABAC_FAILURE-5,CAM-001,SECURITY_CAMERA,CONTROL,FAIL,,,DENY,BLOCKED,34.234,40.275,,0,,Access Denied: ABAC eligibility failed - No active policy applies to resource 'SECURITY_CAMERA' and operation 'CONTROL',DENY,BLOCKED,True,EXP-ABAC_FAILURE-5,2026-09-22T14:53:42.313684700
EXP8B-ABAC_FAILURE-R2-1790069021559,2,ABAC_FAILURE,2442,6,True,EXP-ABAC_FAILURE-6,CAM-001,SECURITY_CAMERA,CONTROL,FAIL,,,DENY,BLOCKED,41.892,49.285,,0,,Access Denied: ABAC eligibility failed - No active policy applies to resource 'SECURITY_CAMERA' and operation 'CONTROL',DENY,BLOCKED,True,EXP-ABAC_FAILURE-6,2026-09-22T14:53:42.362902100
EXP8B-ABAC_FAILURE-R2-1790069021559,2,ABAC_FAILURE,2442,7,True,EXP-ABAC_FAILURE-7,CAM-001,SECURITY_CAMERA,CONTROL,FAIL,,,DENY,BLOCKED,42.989,50.575,,0,,Access Denied: ABAC eligibility failed - No active policy applies to resource 'SECURITY_CAMERA' and operation 'CONTROL',DENY,BLOCKED,True,EXP-ABAC_FAILURE-7,2026-09-22T14:53:42.413281400
EXP8B-ABAC_FAILURE-R2-1790069021559,2,ABAC_FAILURE,2442,8,True,EXP-ABAC_FAILURE-8,CAM-001,SECURITY_CAMERA,CONTROL,FAIL,,,DENY,BLOCKED,46.111,54.248,,0,,Access Denied: ABAC eligibility failed - No active policy applies to resource 'SECURITY_CAMERA' and operation 'CONTROL',DENY,BLOCKED,True,EXP-ABAC_FAILURE-8,2026-09-22T14:53:42.467750900
EXP8B-ABAC_FAILURE-R2-1790069021559,2,ABAC_FAILURE,2442,9,True,EXP-ABAC_FAILURE-9,CAM-001,SECURITY_CAMERA,CONTROL,FAIL,,,DENY,BLOCKED,41.646,48.995,,0,,Access Denied: ABAC eligibility failed - No active policy applies to resource 'SECURITY_CAMERA' and operation 'CONTROL',DENY,BLOCKED,True,EXP-ABAC_FAILURE-9,2026-09-22T14:53:42.516627900
EXP8B-ABAC_FAILURE-R2-1790069021559,2,ABAC_FAILURE,2442,1,False,EXP-ABAC_FAILURE-0,CAM-001,SECURITY_CAMERA,CONTROL,FAIL,,,DENY,BLOCKED,39.254,46.182,,0,,Access Denied: ABAC eligibility failed - No active policy applies to resource 'SECURITY_CAMERA' and operation 'CONTROL',DENY,BLOCKED,True,EXP-ABAC_FAILURE-0,2026-09-22T14:53:42.563276400
EXP8B-ABAC_FAILURE-R2-1790069021559,2,ABAC_FAILURE,2442,2,False,EXP-ABAC_FAILURE-1,CAM-001,SECURITY_CAMERA,CONTROL,FAIL,,,DENY,BLOCKED,39.892,46.932,,0,,Access Denied: ABAC eligibility failed - No active policy applies to resource 'SECURITY_CAMERA' and operation 'CONTROL',DENY,BLOCKED,True,EXP-ABAC_FAILURE-1,2026-09-22T14:53:42.609994800
EXP8B-ABAC_FAILURE-R2-1790069021559,2,ABAC_FAILURE,2442,3,False,EXP-ABAC_FAILURE-2,CAM-001,SECURITY_CAMERA,CONTROL,FAIL,,,DENY,BLOCKED,31.41,36.953,,0,,Access Denied: ABAC eligibility failed - No active policy applies to resource 'SECURITY_CAMERA' and operation 'CONTROL',DENY,BLOCKED,True,EXP-ABAC_FAILURE-2,2026-09-22T14:53:42.646998400
EXP8B-ABAC_FAILURE-R2-1790069021559,2,ABAC_FAILURE,2442,4,False,EXP-ABAC_FAILURE-3,CAM-001,SECURITY_CAMERA,CONTROL,FAIL,,,DENY,BLOCKED,35.477,41.738,,0,,Access Denied: ABAC eligibility failed - No active policy applies to resource 'SECURITY_CAMERA' and operation 'CONTROL',DENY,BLOCKED,True,EXP-ABAC_FAILURE-3,2026-09-22T14:53:42.689068200
EXP8B-ABAC_FAILURE-R2-1790069021559,2,ABAC_FAILURE,2442,5,False,EXP-ABAC_FAILURE-4,CAM-001,SECURITY_CAMERA,CONTROL,FAIL,,,DENY,BLOCKED,33.544,39.464,,0,,Access Denied: ABAC eligibility failed - No active policy applies to resource 'SECURITY_CAMERA' and operation 'CONTROL',DENY,BLOCKED,True,EXP-ABAC_FAILURE-4,2026-09-22T14:53:42.728372300
EXP8B-ABAC_FAILURE-R2-1790069021559,2,ABAC_FAILURE,2442,6,False,EXP-ABAC_FAILURE-5,CAM-001,SECURITY_CAMERA,CONTROL,FAIL,,,DENY,BLOCKED,38.779,45.622,,0,,Access Denied: ABAC eligibility failed - No active policy applies to resource 'SECURITY_CAMERA' and operation 'CONTROL',DENY,BLOCKED,True,EXP-ABAC_FAILURE-5,2026-09-22T14:53:42.774106400
EXP8B-ABAC_FAILURE-R2-1790069021559,2,ABAC_FAILURE,2442,7,False,EXP-ABAC_FAILURE-6,CAM-001,SECURITY_CAMERA,CONTROL,FAIL,,,DENY,BLOCKED,33.487,39.396,,0,,Access Denied: ABAC eligibility failed - No active policy applies to resource 'SECURITY_CAMERA' and operation 'CONTROL',DENY,BLOCKED,True,EXP-ABAC_FAILURE-6,2026-09-22T14:53:42.813608900
EXP8B-ABAC_FAILURE-R2-1790069021559,2,ABAC_FAILURE,2442,8,False,EXP-ABAC_FAILURE-7,CAM-001,SECURITY_CAMERA,CONTROL,FAIL,,,DENY,BLOCKED,37.095,43.641,,0,,Access Denied: ABAC eligibility failed - No active policy applies to resource 'SECURITY_CAMERA' and operation 'CONTROL',DENY,BLOCKED,True,EXP-ABAC_FAILURE-7,2026-09-22T14:53:42.857126100
EXP8B-ABAC_FAILURE-R2-1790069021559,2,ABAC_FAILURE,2442,9,False,EXP-ABAC_FAILURE-8,CAM-001,SECURITY_CAMERA,CONTROL,FAIL,,,DENY,BLOCKED,39.754,46.769,,0,,Access Denied: ABAC eligibility failed - No active policy applies to resource 'SECURITY_CAMERA' and operation 'CONTROL',DENY,BLOCKED,True,EXP-ABAC_FAILURE-8,2026-09-22T14:53:42.903781500
EXP8B-ABAC_FAILURE-R2-1790069021559,2,ABAC_FAILURE,2442,10,False,EXP-ABAC_FAILURE-9,CAM-001,SECURITY_CAMERA,CONTROL,FAIL,,,DENY,BLOCKED,36.926,43.443,,0,,Access Denied: ABAC eligibility failed - No active policy applies to resource 'SECURITY_CAMERA' and operation 'CONTROL',DENY,BLOCKED,True,EXP-ABAC_FAILURE-9,2026-09-22T14:53:42.947489
EXP8B-ABAC_FAILURE-R2-1790069021559,2,ABAC_FAILURE,2442,11,False,EXP-ABAC_FAILURE-10,CAM-001,SECURITY_CAMERA,CONTROL,FAIL,,,DENY,BLOCKED,55.863,65.722,,0,,Access Denied: ABAC eligibility failed - No active policy applies to resource 'SECURITY_CAMERA' and operation 'CONTROL',DENY,BLOCKED,True,EXP-ABAC_FAILURE-10,2026-09-22T14:53:43.012743700
EXP8B-ABAC_FAILURE-R2-1790069021559,2,ABAC_FAILURE,2442,12,False,EXP-ABAC_FAILURE-11,CAM-001,SECURITY_CAMERA,CONTROL,FAIL,,,DENY,BLOCKED,42.23,49.683,,0,,Access Denied: ABAC eligibility failed - No active policy applies to resource 'SECURITY_CAMERA' and operation 'CONTROL',DENY,BLOCKED,True,EXP-ABAC_FAILURE-11,2026-09-22T14:53:43.062991100
EXP8B-ABAC_FAILURE-R2-1790069021559,2,ABAC_FAILURE,2442,13,False,EXP-ABAC_FAILURE-12,CAM-001,SECURITY_CAMERA,CONTROL,FAIL,,,DENY,BLOCKED,40.703,47.885,,0,,Access Denied: ABAC eligibility failed - No active policy applies to resource 'SECURITY_CAMERA' and operation 'CONTROL',DENY,BLOCKED,True,EXP-ABAC_FAILURE-12,2026-09-22T14:53:43.110890700
EXP8B-ABAC_FAILURE-R2-1790069021559,2,ABAC_FAILURE,2442,14,False,EXP-ABAC_FAILURE-13,CAM-001,SECURITY_CAMERA,CONTROL,FAIL,,,DENY,BLOCKED,48.537,57.103,,0,,Access Denied: ABAC eligibility failed - No active policy applies to resource 'SECURITY_CAMERA' and operation 'CONTROL',DENY,BLOCKED,True,EXP-ABAC_FAILURE-13,2026-09-22T14:53:43.168346500
EXP8B-ABAC_FAILURE-R2-1790069021559,2,ABAC_FAILURE,2442,15,False,EXP-ABAC_FAILURE-14,CAM-001,SECURITY_CAMERA,CONTROL,FAIL,,,DENY,BLOCKED,46.6,54.824,,0,,Access Denied: ABAC eligibility failed - No active policy applies to resource 'SECURITY_CAMERA' and operation 'CONTROL',DENY,BLOCKED,True,EXP-ABAC_FAILURE-14,2026-09-22T14:53:43.223004700
EXP8B-ABAC_FAILURE-R2-1790069021559,2,ABAC_FAILURE,2442,16,False,EXP-ABAC_FAILURE-15,CAM-001,SECURITY_CAMERA,CONTROL,FAIL,,,DENY,BLOCKED,33.266,39.137,,0,,Access Denied: ABAC eligibility failed - No active policy applies to resource 'SECURITY_CAMERA' and operation 'CONTROL',DENY,BLOCKED,True,EXP-ABAC_FAILURE-15,2026-09-22T14:53:43.261999100
EXP8B-ABAC_FAILURE-R2-1790069021559,2,ABAC_FAILURE,2442,17,False,EXP-ABAC_FAILURE-16,CAM-001,SECURITY_CAMERA,CONTROL,FAIL,,,DENY,BLOCKED,35.476,41.736,,0,,Access Denied: ABAC eligibility failed - No active policy applies to resource 'SECURITY_CAMERA' and operation 'CONTROL',DENY,BLOCKED,True,EXP-ABAC_FAILURE-16,2026-09-22T14:53:43.304366800
EXP8B-ABAC_FAILURE-R2-1790069021559,2,ABAC_FAILURE,2442,18,False,EXP-ABAC_FAILURE-17,CAM-001,SECURITY_CAMERA,CONTROL,FAIL,,,DENY,BLOCKED,39.632,46.625,,0,,Access Denied: ABAC eligibility failed - No active policy applies to resource 'SECURITY_CAMERA' and operation 'CONTROL',DENY,BLOCKED,True,EXP-ABAC_FAILURE-17,2026-09-22T14:53:43.350886600
EXP8B-ABAC_FAILURE-R2-1790069021559,2,ABAC_FAILURE,2442,19,False,EXP-ABAC_FAILURE-18,CAM-001,SECURITY_CAMERA,CONTROL,FAIL,,,DENY,BLOCKED,40.538,47.691,,0,,Access Denied: ABAC eligibility failed - No active policy applies to resource 'SECURITY_CAMERA' and operation 'CONTROL',DENY,BLOCKED,True,EXP-ABAC_FAILURE-18,2026-09-22T14:53:43.398605400
EXP8B-ABAC_FAILURE-R2-1790069021559,2,ABAC_FAILURE,2442,20,False,EXP-ABAC_FAILURE-19,CAM-001,SECURITY_CAMERA,CONTROL,FAIL,,,DENY,BLOCKED,42.332,49.803,,0,,Access Denied: ABAC eligibility failed - No active policy applies to resource 'SECURITY_CAMERA' and operation 'CONTROL',DENY,BLOCKED,True,EXP-ABAC_FAILURE-19,2026-09-22T14:53:43.448220600
EXP8B-ABAC_FAILURE-R2-1790069021559,2,ABAC_FAILURE,2442,21,False,EXP-ABAC_FAILURE-20,CAM-001,SECURITY_CAMERA,CONTROL,FAIL,,,DENY,BLOCKED,38.076,44.796,,0,,Access Denied: ABAC eligibility failed - No active policy applies to resource 'SECURITY_CAMERA' and operation 'CONTROL',DENY,BLOCKED,True,EXP-ABAC_FAILURE-20,2026-09-22T14:53:43.493505400
EXP8B-ABAC_FAILURE-R2-1790069021559,2,ABAC_FAILURE,2442,22,False,EXP-ABAC_FAILURE-21,CAM-001,SECURITY_CAMERA,CONTROL,FAIL,,,DENY,BLOCKED,30.478,35.856,,0,,Access Denied: ABAC eligibility failed - No active policy applies to resource 'SECURITY_CAMERA' and operation 'CONTROL',DENY,BLOCKED,True,EXP-ABAC_FAILURE-21,2026-09-22T14:53:43.529149900
EXP8B-ABAC_FAILURE-R2-1790069021559,2,ABAC_FAILURE,2442,23,False,EXP-ABAC_FAILURE-22,CAM-001,SECURITY_CAMERA,CONTROL,FAIL,,,DENY,BLOCKED,27.506,32.36,,0,,Access Denied: ABAC eligibility failed - No active policy applies to resource 'SECURITY_CAMERA' and operation 'CONTROL',DENY,BLOCKED,True,EXP-ABAC_FAILURE-22,2026-09-22T14:53:43.561457300
EXP8B-ABAC_FAILURE-R2-1790069021559,2,ABAC_FAILURE,2442,24,False,EXP-ABAC_FAILURE-23,CAM-001,SECURITY_CAMERA,CONTROL,FAIL,,,DENY,BLOCKED,29.77,35.024,,0,,Access Denied: ABAC eligibility failed - No active policy applies to resource 'SECURITY_CAMERA' and operation 'CONTROL',DENY,BLOCKED,True,EXP-ABAC_FAILURE-23,2026-09-22T14:53:43.596905600
EXP8B-ABAC_FAILURE-R2-1790069021559,2,ABAC_FAILURE,2442,25,False,EXP-ABAC_FAILURE-24,CAM-001,SECURITY_CAMERA,CONTROL,FAIL,,,DENY,BLOCKED,28.596,33.642,,0,,Access Denied: ABAC eligibility failed - No active policy applies to resource 'SECURITY_CAMERA' and operation 'CONTROL',DENY,BLOCKED,True,EXP-ABAC_FAILURE-24,2026-09-22T14:53:43.630282800
EXP8B-ABAC_FAILURE-R2-1790069021559,2,ABAC_FAILURE,2442,26,False,EXP-ABAC_FAILURE-25,CAM-001,SECURITY_CAMERA,CONTROL,FAIL,,,DENY,BLOCKED,32.177,37.855,,0,,Access Denied: ABAC eligibility failed - No active policy applies to resource 'SECURITY_CAMERA' and operation 'CONTROL',DENY,BLOCKED,True,EXP-ABAC_FAILURE-25,2026-09-22T14:53:43.668329700
EXP8B-ABAC_FAILURE-R2-1790069021559,2,ABAC_FAILURE,2442,27,False,EXP-ABAC_FAILURE-26,CAM-001,SECURITY_CAMERA,CONTROL,FAIL,,,DENY,BLOCKED,44.21,52.012,,0,,Access Denied: ABAC eligibility failed - No active policy applies to resource 'SECURITY_CAMERA' and operation 'CONTROL',DENY,BLOCKED,True,EXP-ABAC_FAILURE-26,2026-09-22T14:53:43.720384800
EXP8B-ABAC_FAILURE-R2-1790069021559,2,ABAC_FAILURE,2442,28,False,EXP-ABAC_FAILURE-27,CAM-001,SECURITY_CAMERA,CONTROL,FAIL,,,DENY,BLOCKED,42.585,50.1,,0,,Access Denied: ABAC eligibility failed - No active policy applies to resource 'SECURITY_CAMERA' and operation 'CONTROL',DENY,BLOCKED,True,EXP-ABAC_FAILURE-27,2026-09-22T14:53:43.770391600
EXP8B-ABAC_FAILURE-R2-1790069021559,2,ABAC_FAILURE,2442,29,False,EXP-ABAC_FAILURE-28,CAM-001,SECURITY_CAMERA,CONTROL,FAIL,,,DENY,BLOCKED,37.858,44.539,,0,,Access Denied: ABAC eligibility failed - No active policy applies to resource 'SECURITY_CAMERA' and operation 'CONTROL',DENY,BLOCKED,True,EXP-ABAC_FAILURE-28,2026-09-22T14:53:43.815213900
EXP8B-ABAC_FAILURE-R2-1790069021559,2,ABAC_FAILURE,2442,30,False,EXP-ABAC_FAILURE-29,CAM-001,SECURITY_CAMERA,CONTROL,FAIL,,,DENY,BLOCKED,39.76,46.777,,0,,Access Denied: ABAC eligibility failed - No active policy applies to resource 'SECURITY_CAMERA' and operation 'CONTROL',DENY,BLOCKED,True,EXP-ABAC_FAILURE-29,2026-09-22T14:53:43.862254
EXP8B-ABAC_FAILURE-R3-1790069024010,3,ABAC_FAILURE,3442,0,True,EXP-ABAC_FAILURE-0,CAM-001,SECURITY_CAMERA,CONTROL,FAIL,,,DENY,BLOCKED,45.913,54.015,,0,,Access Denied: ABAC eligibility failed - No active policy applies to resource 'SECURITY_CAMERA' and operation 'CONTROL',DENY,BLOCKED,True,EXP-ABAC_FAILURE-0,2026-09-22T14:53:44.295710800
EXP8B-ABAC_FAILURE-R3-1790069024010,3,ABAC_FAILURE,3442,1,True,EXP-ABAC_FAILURE-1,CAM-001,SECURITY_CAMERA,CONTROL,FAIL,,,DENY,BLOCKED,44.673,52.556,,0,,Access Denied: ABAC eligibility failed - No active policy applies to resource 'SECURITY_CAMERA' and operation 'CONTROL',DENY,BLOCKED,True,EXP-ABAC_FAILURE-1,2026-09-22T14:53:44.348466800
EXP8B-ABAC_FAILURE-R3-1790069024010,3,ABAC_FAILURE,3442,2,True,EXP-ABAC_FAILURE-2,CAM-001,SECURITY_CAMERA,CONTROL,FAIL,,,DENY,BLOCKED,45.586,53.63,,0,,Access Denied: ABAC eligibility failed - No active policy applies to resource 'SECURITY_CAMERA' and operation 'CONTROL',DENY,BLOCKED,True,EXP-ABAC_FAILURE-2,2026-09-22T14:53:44.401771800
EXP8B-ABAC_FAILURE-R3-1790069024010,3,ABAC_FAILURE,3442,3,True,EXP-ABAC_FAILURE-3,CAM-001,SECURITY_CAMERA,CONTROL,FAIL,,,DENY,BLOCKED,43.386,51.043,,0,,Access Denied: ABAC eligibility failed - No active policy applies to resource 'SECURITY_CAMERA' and operation 'CONTROL',DENY,BLOCKED,True,EXP-ABAC_FAILURE-3,2026-09-22T14:53:44.453171800
EXP8B-ABAC_FAILURE-R3-1790069024010,3,ABAC_FAILURE,3442,4,True,EXP-ABAC_FAILURE-4,CAM-001,SECURITY_CAMERA,CONTROL,FAIL,,,DENY,BLOCKED,43.252,50.884,,0,,Access Denied: ABAC eligibility failed - No active policy applies to resource 'SECURITY_CAMERA' and operation 'CONTROL',DENY,BLOCKED,True,EXP-ABAC_FAILURE-4,2026-09-22T14:53:44.503888500
EXP8B-ABAC_FAILURE-R3-1790069024010,3,ABAC_FAILURE,3442,5,True,EXP-ABAC_FAILURE-5,CAM-001,SECURITY_CAMERA,CONTROL,FAIL,,,DENY,BLOCKED,45.447,53.468,,0,,Access Denied: ABAC eligibility failed - No active policy applies to resource 'SECURITY_CAMERA' and operation 'CONTROL',DENY,BLOCKED,True,EXP-ABAC_FAILURE-5,2026-09-22T14:53:44.557490400
EXP8B-ABAC_FAILURE-R3-1790069024010,3,ABAC_FAILURE,3442,6,True,EXP-ABAC_FAILURE-6,CAM-001,SECURITY_CAMERA,CONTROL,FAIL,,,DENY,BLOCKED,48.591,57.165,,0,,Access Denied: ABAC eligibility failed - No active policy applies to resource 'SECURITY_CAMERA' and operation 'CONTROL',DENY,BLOCKED,True,EXP-ABAC_FAILURE-6,2026-09-22T14:53:44.614973800
EXP8B-ABAC_FAILURE-R3-1790069024010,3,ABAC_FAILURE,3442,7,True,EXP-ABAC_FAILURE-7,CAM-001,SECURITY_CAMERA,CONTROL,FAIL,,,DENY,BLOCKED,56.29,66.223,,0,,Access Denied: ABAC eligibility failed - No active policy applies to resource 'SECURITY_CAMERA' and operation 'CONTROL',DENY,BLOCKED,True,EXP-ABAC_FAILURE-7,2026-09-22T14:53:44.681143
EXP8B-ABAC_FAILURE-R3-1790069024010,3,ABAC_FAILURE,3442,8,True,EXP-ABAC_FAILURE-8,CAM-001,SECURITY_CAMERA,CONTROL,FAIL,,,DENY,BLOCKED,40.027,47.091,,0,,Access Denied: ABAC eligibility failed - No active policy applies to resource 'SECURITY_CAMERA' and operation 'CONTROL',DENY,BLOCKED,True,EXP-ABAC_FAILURE-8,2026-09-22T14:53:44.728426600
EXP8B-ABAC_FAILURE-R3-1790069024010,3,ABAC_FAILURE,3442,9,True,EXP-ABAC_FAILURE-9,CAM-001,SECURITY_CAMERA,CONTROL,FAIL,,,DENY,BLOCKED,34.333,40.392,,0,,Access Denied: ABAC eligibility failed - No active policy applies to resource 'SECURITY_CAMERA' and operation 'CONTROL',DENY,BLOCKED,True,EXP-ABAC_FAILURE-9,2026-09-22T14:53:44.768801500
EXP8B-ABAC_FAILURE-R3-1790069024010,3,ABAC_FAILURE,3442,1,False,EXP-ABAC_FAILURE-0,CAM-001,SECURITY_CAMERA,CONTROL,FAIL,,,DENY,BLOCKED,36.846,43.348,,0,,Access Denied: ABAC eligibility failed - No active policy applies to resource 'SECURITY_CAMERA' and operation 'CONTROL',DENY,BLOCKED,True,EXP-ABAC_FAILURE-0,2026-09-22T14:53:44.812063400
EXP8B-ABAC_FAILURE-R3-1790069024010,3,ABAC_FAILURE,3442,2,False,EXP-ABAC_FAILURE-1,CAM-001,SECURITY_CAMERA,CONTROL,FAIL,,,DENY,BLOCKED,33.907,39.891,,0,,Access Denied: ABAC eligibility failed - No active policy applies to resource 'SECURITY_CAMERA' and operation 'CONTROL',DENY,BLOCKED,True,EXP-ABAC_FAILURE-1,2026-09-22T14:53:44.851870100
EXP8B-ABAC_FAILURE-R3-1790069024010,3,ABAC_FAILURE,3442,3,False,EXP-ABAC_FAILURE-2,CAM-001,SECURITY_CAMERA,CONTROL,FAIL,,,DENY,BLOCKED,32.093,37.757,,0,,Access Denied: ABAC eligibility failed - No active policy applies to resource 'SECURITY_CAMERA' and operation 'CONTROL',DENY,BLOCKED,True,EXP-ABAC_FAILURE-2,2026-09-22T14:53:44.889688800
EXP8B-ABAC_FAILURE-R3-1790069024010,3,ABAC_FAILURE,3442,4,False,EXP-ABAC_FAILURE-3,CAM-001,SECURITY_CAMERA,CONTROL,FAIL,,,DENY,BLOCKED,34.885,41.041,,0,,Access Denied: ABAC eligibility failed - No active policy applies to resource 'SECURITY_CAMERA' and operation 'CONTROL',DENY,BLOCKED,True,EXP-ABAC_FAILURE-3,2026-09-22T14:53:44.931010900
EXP8B-ABAC_FAILURE-R3-1790069024010,3,ABAC_FAILURE,3442,5,False,EXP-ABAC_FAILURE-4,CAM-001,SECURITY_CAMERA,CONTROL,FAIL,,,DENY,BLOCKED,36.581,43.037,,0,,Access Denied: ABAC eligibility failed - No active policy applies to resource 'SECURITY_CAMERA' and operation 'CONTROL',DENY,BLOCKED,True,EXP-ABAC_FAILURE-4,2026-09-22T14:53:44.973727200
EXP8B-ABAC_FAILURE-R3-1790069024010,3,ABAC_FAILURE,3442,6,False,EXP-ABAC_FAILURE-5,CAM-001,SECURITY_CAMERA,CONTROL,FAIL,,,DENY,BLOCKED,42.9,50.47,,0,,Access Denied: ABAC eligibility failed - No active policy applies to resource 'SECURITY_CAMERA' and operation 'CONTROL',DENY,BLOCKED,True,EXP-ABAC_FAILURE-5,2026-09-22T14:53:45.024809900
EXP8B-ABAC_FAILURE-R3-1790069024010,3,ABAC_FAILURE,3442,7,False,EXP-ABAC_FAILURE-6,CAM-001,SECURITY_CAMERA,CONTROL,FAIL,,,DENY,BLOCKED,44.882,52.802,,0,,Access Denied: ABAC eligibility failed - No active policy applies to resource 'SECURITY_CAMERA' and operation 'CONTROL',DENY,BLOCKED,True,EXP-ABAC_FAILURE-6,2026-09-22T14:53:45.077322100
EXP8B-ABAC_FAILURE-R3-1790069024010,3,ABAC_FAILURE,3442,8,False,EXP-ABAC_FAILURE-7,CAM-001,SECURITY_CAMERA,CONTROL,FAIL,,,DENY,BLOCKED,27.478,32.327,,0,,Access Denied: ABAC eligibility failed - No active policy applies to resource 'SECURITY_CAMERA' and operation 'CONTROL',DENY,BLOCKED,True,EXP-ABAC_FAILURE-7,2026-09-22T14:53:45.109918900
EXP8B-ABAC_FAILURE-R3-1790069024010,3,ABAC_FAILURE,3442,9,False,EXP-ABAC_FAILURE-8,CAM-001,SECURITY_CAMERA,CONTROL,FAIL,,,DENY,BLOCKED,27.723,32.615,,0,,Access Denied: ABAC eligibility failed - No active policy applies to resource 'SECURITY_CAMERA' and operation 'CONTROL',DENY,BLOCKED,True,EXP-ABAC_FAILURE-8,2026-09-22T14:53:45.142089100
EXP8B-ABAC_FAILURE-R3-1790069024010,3,ABAC_FAILURE,3442,10,False,EXP-ABAC_FAILURE-9,CAM-001,SECURITY_CAMERA,CONTROL,FAIL,,,DENY,BLOCKED,39.552,46.532,,0,,Access Denied: ABAC eligibility failed - No active policy applies to resource 'SECURITY_CAMERA' and operation 'CONTROL',DENY,BLOCKED,True,EXP-ABAC_FAILURE-9,2026-09-22T14:53:45.189018700
EXP8B-ABAC_FAILURE-R3-1790069024010,3,ABAC_FAILURE,3442,11,False,EXP-ABAC_FAILURE-10,CAM-001,SECURITY_CAMERA,CONTROL,FAIL,,,DENY,BLOCKED,30.212,35.543,,0,,Access Denied: ABAC eligibility failed - No active policy applies to resource 'SECURITY_CAMERA' and operation 'CONTROL',DENY,BLOCKED,True,EXP-ABAC_FAILURE-10,2026-09-22T14:53:45.224666800
EXP8B-ABAC_FAILURE-R3-1790069024010,3,ABAC_FAILURE,3442,12,False,EXP-ABAC_FAILURE-11,CAM-001,SECURITY_CAMERA,CONTROL,FAIL,,,DENY,BLOCKED,32.119,37.787,,0,,Access Denied: ABAC eligibility failed - No active policy applies to resource 'SECURITY_CAMERA' and operation 'CONTROL',DENY,BLOCKED,True,EXP-ABAC_FAILURE-11,2026-09-22T14:53:45.262740100
EXP8B-ABAC_FAILURE-R3-1790069024010,3,ABAC_FAILURE,3442,13,False,EXP-ABAC_FAILURE-12,CAM-001,SECURITY_CAMERA,CONTROL,FAIL,,,DENY,BLOCKED,34.066,40.077,,0,,Access Denied: ABAC eligibility failed - No active policy applies to resource 'SECURITY_CAMERA' and operation 'CONTROL',DENY,BLOCKED,True,EXP-ABAC_FAILURE-12,2026-09-22T14:53:45.302495700
EXP8B-ABAC_FAILURE-R3-1790069024010,3,ABAC_FAILURE,3442,14,False,EXP-ABAC_FAILURE-13,CAM-001,SECURITY_CAMERA,CONTROL,FAIL,,,DENY,BLOCKED,32.523,38.262,,0,,Access Denied: ABAC eligibility failed - No active policy applies to resource 'SECURITY_CAMERA' and operation 'CONTROL',DENY,BLOCKED,True,EXP-ABAC_FAILURE-13,2026-09-22T14:53:45.340966800
EXP8B-ABAC_FAILURE-R3-1790069024010,3,ABAC_FAILURE,3442,15,False,EXP-ABAC_FAILURE-14,CAM-001,SECURITY_CAMERA,CONTROL,FAIL,,,DENY,BLOCKED,46.761,55.013,,0,,Access Denied: ABAC eligibility failed - No active policy applies to resource 'SECURITY_CAMERA' and operation 'CONTROL',DENY,BLOCKED,True,EXP-ABAC_FAILURE-14,2026-09-22T14:53:45.395776600
EXP8B-ABAC_FAILURE-R3-1790069024010,3,ABAC_FAILURE,3442,16,False,EXP-ABAC_FAILURE-15,CAM-001,SECURITY_CAMERA,CONTROL,FAIL,,,DENY,BLOCKED,29.22,34.376,,0,,Access Denied: ABAC eligibility failed - No active policy applies to resource 'SECURITY_CAMERA' and operation 'CONTROL',DENY,BLOCKED,True,EXP-ABAC_FAILURE-15,2026-09-22T14:53:45.430671300
EXP8B-ABAC_FAILURE-R3-1790069024010,3,ABAC_FAILURE,3442,17,False,EXP-ABAC_FAILURE-16,CAM-001,SECURITY_CAMERA,CONTROL,FAIL,,,DENY,BLOCKED,31.482,37.037,,0,,Access Denied: ABAC eligibility failed - No active policy applies to resource 'SECURITY_CAMERA' and operation 'CONTROL',DENY,BLOCKED,True,EXP-ABAC_FAILURE-16,2026-09-22T14:53:45.467395
EXP8B-ABAC_FAILURE-R3-1790069024010,3,ABAC_FAILURE,3442,18,False,EXP-ABAC_FAILURE-17,CAM-001,SECURITY_CAMERA,CONTROL,FAIL,,,DENY,BLOCKED,31.192,36.696,,0,,Access Denied: ABAC eligibility failed - No active policy applies to resource 'SECURITY_CAMERA' and operation 'CONTROL',DENY,BLOCKED,True,EXP-ABAC_FAILURE-17,2026-09-22T14:53:45.504322500
EXP8B-ABAC_FAILURE-R3-1790069024010,3,ABAC_FAILURE,3442,19,False,EXP-ABAC_FAILURE-18,CAM-001,SECURITY_CAMERA,CONTROL,FAIL,,,DENY,BLOCKED,30.065,35.371,,0,,Access Denied: ABAC eligibility failed - No active policy applies to resource 'SECURITY_CAMERA' and operation 'CONTROL',DENY,BLOCKED,True,EXP-ABAC_FAILURE-18,2026-09-22T14:53:45.539563500
EXP8B-ABAC_FAILURE-R3-1790069024010,3,ABAC_FAILURE,3442,20,False,EXP-ABAC_FAILURE-19,CAM-001,SECURITY_CAMERA,CONTROL,FAIL,,,DENY,BLOCKED,29.799,35.058,,0,,Access Denied: ABAC eligibility failed - No active policy applies to resource 'SECURITY_CAMERA' and operation 'CONTROL',DENY,BLOCKED,True,EXP-ABAC_FAILURE-19,2026-09-22T14:53:45.574982100
EXP8B-ABAC_FAILURE-R3-1790069024010,3,ABAC_FAILURE,3442,21,False,EXP-ABAC_FAILURE-20,CAM-001,SECURITY_CAMERA,CONTROL,FAIL,,,DENY,BLOCKED,30.08,35.388,,0,,Access Denied: ABAC eligibility failed - No active policy applies to resource 'SECURITY_CAMERA' and operation 'CONTROL',DENY,BLOCKED,True,EXP-ABAC_FAILURE-20,2026-09-22T14:53:45.609838200
EXP8B-ABAC_FAILURE-R3-1790069024010,3,ABAC_FAILURE,3442,22,False,EXP-ABAC_FAILURE-21,CAM-001,SECURITY_CAMERA,CONTROL,FAIL,,,DENY,BLOCKED,36.346,42.761,,0,,Access Denied: ABAC eligibility failed - No active policy applies to resource 'SECURITY_CAMERA' and operation 'CONTROL',DENY,BLOCKED,True,EXP-ABAC_FAILURE-21,2026-09-22T14:53:45.653072100
EXP8B-ABAC_FAILURE-R3-1790069024010,3,ABAC_FAILURE,3442,23,False,EXP-ABAC_FAILURE-22,CAM-001,SECURITY_CAMERA,CONTROL,FAIL,,,DENY,BLOCKED,35.619,41.905,,0,,Access Denied: ABAC eligibility failed - No active policy applies to resource 'SECURITY_CAMERA' and operation 'CONTROL',DENY,BLOCKED,True,EXP-ABAC_FAILURE-22,2026-09-22T14:53:45.695121100
EXP8B-ABAC_FAILURE-R3-1790069024010,3,ABAC_FAILURE,3442,24,False,EXP-ABAC_FAILURE-23,CAM-001,SECURITY_CAMERA,CONTROL,FAIL,,,DENY,BLOCKED,30.78,36.211,,0,,Access Denied: ABAC eligibility failed - No active policy applies to resource 'SECURITY_CAMERA' and operation 'CONTROL',DENY,BLOCKED,True,EXP-ABAC_FAILURE-23,2026-09-22T14:53:45.730902900
EXP8B-ABAC_FAILURE-R3-1790069024010,3,ABAC_FAILURE,3442,25,False,EXP-ABAC_FAILURE-24,CAM-001,SECURITY_CAMERA,CONTROL,FAIL,,,DENY,BLOCKED,32.932,38.743,,0,,Access Denied: ABAC eligibility failed - No active policy applies to resource 'SECURITY_CAMERA' and operation 'CONTROL',DENY,BLOCKED,True,EXP-ABAC_FAILURE-24,2026-09-22T14:53:45.770099500
EXP8B-ABAC_FAILURE-R3-1790069024010,3,ABAC_FAILURE,3442,26,False,EXP-ABAC_FAILURE-25,CAM-001,SECURITY_CAMERA,CONTROL,FAIL,,,DENY,BLOCKED,49.616,58.372,,0,,Access Denied: ABAC eligibility failed - No active policy applies to resource 'SECURITY_CAMERA' and operation 'CONTROL',DENY,BLOCKED,True,EXP-ABAC_FAILURE-25,2026-09-22T14:53:45.828162900
EXP8B-ABAC_FAILURE-R3-1790069024010,3,ABAC_FAILURE,3442,27,False,EXP-ABAC_FAILURE-26,CAM-001,SECURITY_CAMERA,CONTROL,FAIL,,,DENY,BLOCKED,39.427,46.385,,0,,Access Denied: ABAC eligibility failed - No active policy applies to resource 'SECURITY_CAMERA' and operation 'CONTROL',DENY,BLOCKED,True,EXP-ABAC_FAILURE-26,2026-09-22T14:53:45.874878400
EXP8B-ABAC_FAILURE-R3-1790069024010,3,ABAC_FAILURE,3442,28,False,EXP-ABAC_FAILURE-27,CAM-001,SECURITY_CAMERA,CONTROL,FAIL,,,DENY,BLOCKED,38.918,45.786,,0,,Access Denied: ABAC eligibility failed - No active policy applies to resource 'SECURITY_CAMERA' and operation 'CONTROL',DENY,BLOCKED,True,EXP-ABAC_FAILURE-27,2026-09-22T14:53:45.920609
EXP8B-ABAC_FAILURE-R3-1790069024010,3,ABAC_FAILURE,3442,29,False,EXP-ABAC_FAILURE-28,CAM-001,SECURITY_CAMERA,CONTROL,FAIL,,,DENY,BLOCKED,36.279,42.682,,0,,Access Denied: ABAC eligibility failed - No active policy applies to resource 'SECURITY_CAMERA' and operation 'CONTROL',DENY,BLOCKED,True,EXP-ABAC_FAILURE-28,2026-09-22T14:53:45.963556500
EXP8B-ABAC_FAILURE-R3-1790069024010,3,ABAC_FAILURE,3442,30,False,EXP-ABAC_FAILURE-29,CAM-001,SECURITY_CAMERA,CONTROL,FAIL,,,DENY,BLOCKED,33.587,39.515,,0,,Access Denied: ABAC eligibility failed - No active policy applies to resource 'SECURITY_CAMERA' and operation 'CONTROL',DENY,BLOCKED,True,EXP-ABAC_FAILURE-29,2026-09-22T14:53:46.003041300
EXP8B-MIXED_SECURITY_WORKLOAD-R1-1790069026116,1,MIXED_SECURITY_WORKLOAD,1542,0,True,EXP-RESTRICT_ACCESS-0,DOOR-SENSOR-001,SMART_DOOR_LOCK,CONTROL,PASS,80.0,36.3,RESTRICT,DOWNGRADED,68.148,80.174,0x7c35aa4f13542f767408f2d2c1a06023dffb56860527c3a625eadd3cd6f6cd12,31863,1564,Restricted by Smart Contract: Adaptive authorization enforced for intermediate trust (80) or moderate risk (36).,MIXED,MIXED,True,EXP-RESTRICT_ACCESS-0,2026-09-22T14:53:46.431820400
EXP8B-MIXED_SECURITY_WORKLOAD-R1-1790069026116,1,MIXED_SECURITY_WORKLOAD,1542,1,True,EXP-ABAC_FAILURE-1,CAM-001,SECURITY_CAMERA,CONTROL,FAIL,,,DENY,BLOCKED,73.428,86.386,,0,,Access Denied: ABAC eligibility failed - No active policy applies to resource 'SECURITY_CAMERA' and operation 'CONTROL',MIXED,MIXED,True,EXP-ABAC_FAILURE-1,2026-09-22T14:53:46.518706700
EXP8B-MIXED_SECURITY_WORKLOAD-R1-1790069026116,1,MIXED_SECURITY_WORKLOAD,1542,2,True,EXP-NORMAL_ACCESS-2,TV-001,SMART_TV,CONTROL,PASS,80.0,7.0,ALLOW,EXECUTED,68.216,80.254,0x45455b030837519804ac1d432f7a45b1953d569b6083d307cc7b3661cebb7e6a,31863,1565,Allowed by Smart Contract: High behavioral trust (80) and low contextual risk (7).,MIXED,MIXED,True,EXP-NORMAL_ACCESS-2,2026-09-22T14:53:46.598590800
EXP8B-MIXED_SECURITY_WORKLOAD-R1-1790069026116,1,MIXED_SECURITY_WORKLOAD,1542,3,True,EXP-NORMAL_ACCESS-3,AC-001,AIR_CONDITIONER,CONTROL,PASS,80.0,0.0,ALLOW,EXECUTED,59.549,70.058,0x5424ba454cc4e19963b1ae009d75008be32de3f781de0c2726403039e485d184,31863,1566,Allowed by Smart Contract: High behavioral trust (80) and low contextual risk (0).,MIXED,MIXED,True,EXP-NORMAL_ACCESS-3,2026-09-22T14:53:46.668969100
EXP8B-MIXED_SECURITY_WORKLOAD-R1-1790069026116,1,MIXED_SECURITY_WORKLOAD,1542,4,True,EXP-NORMAL_ACCESS-4,TV-001,SMART_TV,CONTROL,PASS,80.0,7.0,ALLOW,EXECUTED,53.35,62.765,0x301a8701cddd7247bb541afd1be0340baa2c8f14cc9e78fcc21c404147fc3a81,31863,1567,Allowed by Smart Contract: High behavioral trust (80) and low contextual risk (7).,MIXED,MIXED,True,EXP-NORMAL_ACCESS-4,2026-09-22T14:53:46.731519600
EXP8B-MIXED_SECURITY_WORKLOAD-R1-1790069026116,1,MIXED_SECURITY_WORKLOAD,1542,5,True,EXP-NORMAL_ACCESS-5,THERMOSTAT-001,SMART_THERMOSTAT,CONTROL,PASS,80.0,0.0,ALLOW,EXECUTED,53.459,62.893,0x676e4b89a0deda84652ac4c842567ec8a222788d1ee68dc0859e33108008cdaa,31863,1568,Allowed by Smart Contract: High behavioral trust (80) and low contextual risk (0).,MIXED,MIXED,True,EXP-NORMAL_ACCESS-5,2026-09-22T14:53:46.794643300
EXP8B-MIXED_SECURITY_WORKLOAD-R1-1790069026116,1,MIXED_SECURITY_WORKLOAD,1542,6,True,EXP-ABAC_FAILURE-6,CAM-001,SECURITY_CAMERA,CONTROL,FAIL,,,DENY,BLOCKED,35.191,41.401,,0,,Access Denied: ABAC eligibility failed - No active policy applies to resource 'SECURITY_CAMERA' and operation 'CONTROL',MIXED,MIXED,True,EXP-ABAC_FAILURE-6,2026-09-22T14:53:46.835890200
EXP8B-MIXED_SECURITY_WORKLOAD-R1-1790069026116,1,MIXED_SECURITY_WORKLOAD,1542,7,True,EXP-RESTRICT_ACCESS-7,DOOR-SENSOR-001,SMART_DOOR_LOCK,CONTROL,PASS,80.0,36.3,RESTRICT,DOWNGRADED,52.011,61.189,0x3aae9e7fc55b3623075f99f881b654b57148db69370a2763f2782e21506acdc9,31863,1569,Restricted by Smart Contract: Adaptive authorization enforced for intermediate trust (80) or moderate risk (36).,MIXED,MIXED,True,EXP-RESTRICT_ACCESS-7,2026-09-22T14:53:46.897441300
EXP8B-MIXED_SECURITY_WORKLOAD-R1-1790069026116,1,MIXED_SECURITY_WORKLOAD,1542,8,True,EXP-ABAC_FAILURE-8,CAM-001,SECURITY_CAMERA,CONTROL,FAIL,,,DENY,BLOCKED,33.023,38.85,,0,,Access Denied: ABAC eligibility failed - No active policy applies to resource 'SECURITY_CAMERA' and operation 'CONTROL',MIXED,MIXED,True,EXP-ABAC_FAILURE-8,2026-09-22T14:53:46.936213600
EXP8B-MIXED_SECURITY_WORKLOAD-R1-1790069026116,1,MIXED_SECURITY_WORKLOAD,1542,9,True,EXP-RESTRICT_ACCESS-9,DOOR-SENSOR-001,SMART_DOOR_LOCK,CONTROL,PASS,80.0,36.3,RESTRICT,DOWNGRADED,50.367,59.255,0x11b72c1c3ca18494f76ece8f37c0d3261294c497844b8534bedaa2d7d087b1ba,31863,1570,Restricted by Smart Contract: Adaptive authorization enforced for intermediate trust (80) or moderate risk (36).,MIXED,MIXED,True,EXP-RESTRICT_ACCESS-9,2026-09-22T14:53:46.995814800
EXP8B-MIXED_SECURITY_WORKLOAD-R1-1790069026116,1,MIXED_SECURITY_WORKLOAD,1542,1,False,EXP-NORMAL_ACCESS-0,DOOR-SENSOR-001,SMART_DOOR_LOCK,READ,PASS,80.0,14.0,ALLOW,EXECUTED,49.955,58.771,0x4270e992961406d7643c6d280de2cf94d1a8026449f242a38f06b557077c2811,31863,1571,Allowed by Smart Contract: High behavioral trust (80) and low contextual risk (14).,MIXED,MIXED,True,EXP-NORMAL_ACCESS-0,2026-09-22T14:53:47.054566200
EXP8B-MIXED_SECURITY_WORKLOAD-R1-1790069026116,1,MIXED_SECURITY_WORKLOAD,1542,2,False,EXP-NORMAL_ACCESS-1,TV-001,SMART_TV,CONTROL,PASS,80.0,7.0,ALLOW,EXECUTED,50.374,59.264,0x13c6443177c705b480eaf4681969557048d4f2b58f3224e4c093831c9c76cdd0,31863,1572,Allowed by Smart Contract: High behavioral trust (80) and low contextual risk (7).,MIXED,MIXED,True,EXP-NORMAL_ACCESS-1,2026-09-22T14:53:47.114057800
EXP8B-MIXED_SECURITY_WORKLOAD-R1-1790069026116,1,MIXED_SECURITY_WORKLOAD,1542,3,False,EXP-RESTRICT_ACCESS-2,DOOR-SENSOR-001,SMART_DOOR_LOCK,CONTROL,PASS,80.0,36.3,RESTRICT,DOWNGRADED,46.904,55.182,0xb51294f3dbda8e34f4d818e8c36e0465cd9f9dfb0b07ec652e1e9db206b4d8c4,31863,1573,Restricted by Smart Contract: Adaptive authorization enforced for intermediate trust (80) or moderate risk (36).,MIXED,MIXED,True,EXP-RESTRICT_ACCESS-2,2026-09-22T14:53:47.169264700
EXP8B-MIXED_SECURITY_WORKLOAD-R1-1790069026116,1,MIXED_SECURITY_WORKLOAD,1542,4,False,EXP-NORMAL_ACCESS-3,AC-001,AIR_CONDITIONER,CONTROL,PASS,80.0,0.0,ALLOW,EXECUTED,58.591,68.93,0xa4479e501c73e3d908ae6ae9f616eac5b67f7847de8576ad240a3482ff0001fb,31863,1574,Allowed by Smart Contract: High behavioral trust (80) and low contextual risk (0).,MIXED,MIXED,True,EXP-NORMAL_ACCESS-3,2026-09-22T14:53:47.237984200
EXP8B-MIXED_SECURITY_WORKLOAD-R1-1790069026116,1,MIXED_SECURITY_WORKLOAD,1542,5,False,EXP-HIGH_RISK-4,DOOR-SENSOR-001,SMART_DOOR_LOCK,CONTROL,FAIL,,,DENY,BLOCKED,30.423,35.792,,0,,"Access Denied: ABAC eligibility failed - Policy 'Phase7A-DoorLock-CONTROL': Condition failed on 'booking.valid': expected 'true' EQUALS, actual was 'false'",MIXED,MIXED,True,EXP-HIGH_RISK-4,2026-09-22T14:53:47.273885200
EXP8B-MIXED_SECURITY_WORKLOAD-R1-1790069026116,1,MIXED_SECURITY_WORKLOAD,1542,6,False,EXP-LOW_TRUST-5,DOOR-SENSOR-001,SMART_DOOR_LOCK,READ,PASS,80.0,14.0,ALLOW,EXECUTED,50.843,59.816,0x0af8bdd0a615086681f6d44e6f2b8f42f4a81ff96f371c6d47c0892d39979cb3,31863,1575,Allowed by Smart Contract: High behavioral trust (80) and low contextual risk (14).,MIXED,MIXED,True,EXP-LOW_TRUST-5,2026-09-22T14:53:47.333748800
EXP8B-MIXED_SECURITY_WORKLOAD-R1-1790069026116,1,MIXED_SECURITY_WORKLOAD,1542,7,False,EXP-RESTRICT_ACCESS-6,DOOR-SENSOR-001,SMART_DOOR_LOCK,CONTROL,PASS,80.0,36.3,RESTRICT,DOWNGRADED,52.396,61.643,0xa7289e2196b74f65c86e6522bcee4c0b2da8a992c7b55c08c0f5e1dd1990a68d,31863,1576,Restricted by Smart Contract: Adaptive authorization enforced for intermediate trust (80) or moderate risk (36).,MIXED,MIXED,True,EXP-RESTRICT_ACCESS-6,2026-09-22T14:53:47.395425900
EXP8B-MIXED_SECURITY_WORKLOAD-R1-1790069026116,1,MIXED_SECURITY_WORKLOAD,1542,8,False,EXP-RESTRICT_ACCESS-7,DOOR-SENSOR-001,SMART_DOOR_LOCK,CONTROL,PASS,80.0,36.3,RESTRICT,DOWNGRADED,49.436,58.16,0x6712965b8300d3e411ed8899962326680168e3ea634fe602ac8117ff3677c8f3,31863,1577,Restricted by Smart Contract: Adaptive authorization enforced for intermediate trust (80) or moderate risk (36).,MIXED,MIXED,True,EXP-RESTRICT_ACCESS-7,2026-09-22T14:53:47.453655300
EXP8B-MIXED_SECURITY_WORKLOAD-R1-1790069026116,1,MIXED_SECURITY_WORKLOAD,1542,9,False,EXP-LOW_TRUST-8,DOOR-SENSOR-001,SMART_DOOR_LOCK,READ,PASS,80.0,14.0,ALLOW,EXECUTED,55.724,65.558,0x6c86dc903f36d0e605b64a97f210e99d36fda0f279d70e76437b2df2355dca6d,31863,1578,Allowed by Smart Contract: High behavioral trust (80) and low contextual risk (14).,MIXED,MIXED,True,EXP-LOW_TRUST-8,2026-09-22T14:53:47.519134800
EXP8B-MIXED_SECURITY_WORKLOAD-R1-1790069026116,1,MIXED_SECURITY_WORKLOAD,1542,10,False,EXP-LOW_TRUST-9,DOOR-SENSOR-001,SMART_DOOR_LOCK,READ,PASS,80.0,14.0,ALLOW,EXECUTED,55.025,64.736,0xb025818acb046f1e6e7fc0baca03914a26069da9b75ff0fc1ef72b9a21790ec1,31863,1579,Allowed by Smart Contract: High behavioral trust (80) and low contextual risk (14).,MIXED,MIXED,True,EXP-LOW_TRUST-9,2026-09-22T14:53:47.584121200
EXP8B-MIXED_SECURITY_WORKLOAD-R1-1790069026116,1,MIXED_SECURITY_WORKLOAD,1542,11,False,EXP-HIGH_RISK-10,DOOR-SENSOR-001,SMART_DOOR_LOCK,CONTROL,FAIL,,,DENY,BLOCKED,34.231,40.271,,0,,"Access Denied: ABAC eligibility failed - Policy 'Phase7A-DoorLock-CONTROL': Condition failed on 'booking.valid': expected 'true' EQUALS, actual was 'false'",MIXED,MIXED,True,EXP-HIGH_RISK-10,2026-09-22T14:53:47.624201
EXP8B-MIXED_SECURITY_WORKLOAD-R1-1790069026116,1,MIXED_SECURITY_WORKLOAD,1542,12,False,EXP-NORMAL_ACCESS-11,DOOR-SENSOR-001,SMART_DOOR_LOCK,READ,PASS,80.0,14.0,ALLOW,EXECUTED,60.634,71.335,0x1afbbb79b4e623e221c5c2e4eac7e3d47ebd04167a934273b32413ee99c806d7,31863,1580,Allowed by Smart Contract: High behavioral trust (80) and low contextual risk (14).,MIXED,MIXED,True,EXP-NORMAL_ACCESS-11,2026-09-22T14:53:47.695595700
EXP8B-MIXED_SECURITY_WORKLOAD-R1-1790069026116,1,MIXED_SECURITY_WORKLOAD,1542,13,False,EXP-LOW_TRUST-12,DOOR-SENSOR-001,SMART_DOOR_LOCK,READ,PASS,80.0,14.0,ALLOW,EXECUTED,56.507,66.479,0x8bbd1508e56d1618c3cba4cc0bd642bc2163fc8c2dc59b8c7f2c6404b807daa1,31863,1581,Allowed by Smart Contract: High behavioral trust (80) and low contextual risk (14).,MIXED,MIXED,True,EXP-LOW_TRUST-12,2026-09-22T14:53:47.762360600
EXP8B-MIXED_SECURITY_WORKLOAD-R1-1790069026116,1,MIXED_SECURITY_WORKLOAD,1542,14,False,EXP-RESTRICT_ACCESS-13,DOOR-SENSOR-001,SMART_DOOR_LOCK,CONTROL,PASS,80.0,36.3,RESTRICT,DOWNGRADED,54.882,64.568,0x0a1d0073301ee87dbda08d310423170e44af0d6e845ade9f463de1cfb77ea5cc,31863,1582,Restricted by Smart Contract: Adaptive authorization enforced for intermediate trust (80) or moderate risk (36).,MIXED,MIXED,True,EXP-RESTRICT_ACCESS-13,2026-09-22T14:53:47.826408500
EXP8B-MIXED_SECURITY_WORKLOAD-R1-1790069026116,1,MIXED_SECURITY_WORKLOAD,1542,15,False,EXP-LOW_TRUST-14,DOOR-SENSOR-001,SMART_DOOR_LOCK,READ,PASS,80.0,14.0,ALLOW,EXECUTED,58.758,69.128,0xc11978b4c62ae0b23d1f8d6f77a3dfc6250aa1f3acbfdda7b8c942b2c4af42d0,31863,1583,Allowed by Smart Contract: High behavioral trust (80) and low contextual risk (14).,MIXED,MIXED,True,EXP-LOW_TRUST-14,2026-09-22T14:53:47.895967900
EXP8B-MIXED_SECURITY_WORKLOAD-R1-1790069026116,1,MIXED_SECURITY_WORKLOAD,1542,16,False,EXP-NORMAL_ACCESS-15,AC-001,AIR_CONDITIONER,CONTROL,PASS,80.0,0.0,ALLOW,EXECUTED,51.545,60.641,0x665210a46b2b2ad362a5c549c58ff7d696d75f665c66cc801a64759617a29a68,31863,1584,Allowed by Smart Contract: High behavioral trust (80) and low contextual risk (0).,MIXED,MIXED,True,EXP-NORMAL_ACCESS-15,2026-09-22T14:53:47.956811300
EXP8B-MIXED_SECURITY_WORKLOAD-R1-1790069026116,1,MIXED_SECURITY_WORKLOAD,1542,17,False,EXP-NORMAL_ACCESS-16,DOOR-SENSOR-001,SMART_DOOR_LOCK,READ,PASS,80.0,14.0,ALLOW,EXECUTED,68.389,80.458,0x75b92d2f342b42ee176c8e5d0b7ffb3802937e4edddd8ddedd2fc9c9f1a8cb3b,31863,1585,Allowed by Smart Contract: High behavioral trust (80) and low contextual risk (14).,MIXED,MIXED,True,EXP-NORMAL_ACCESS-16,2026-09-22T14:53:48.037417400
EXP8B-MIXED_SECURITY_WORKLOAD-R1-1790069026116,1,MIXED_SECURITY_WORKLOAD,1542,18,False,EXP-RESTRICT_ACCESS-17,DOOR-SENSOR-001,SMART_DOOR_LOCK,CONTROL,PASS,80.0,36.3,RESTRICT,DOWNGRADED,70.457,82.891,0xae262c9f7eacaddbc872054d372cc0af484978ec5970e9d1922a2849cb4d52da,31863,1586,Restricted by Smart Contract: Adaptive authorization enforced for intermediate trust (80) or moderate risk (36).,MIXED,MIXED,True,EXP-RESTRICT_ACCESS-17,2026-09-22T14:53:48.120235300
EXP8B-MIXED_SECURITY_WORKLOAD-R1-1790069026116,1,MIXED_SECURITY_WORKLOAD,1542,19,False,EXP-NORMAL_ACCESS-18,TV-001,SMART_TV,CONTROL,PASS,80.0,7.0,ALLOW,EXECUTED,64.382,75.744,0xb1d04efd29a8fc2f64e0c0e010b6ea862f74f07d3f5010831b89769f3b335f51,31863,1587,Allowed by Smart Contract: High behavioral trust (80) and low contextual risk (7).,MIXED,MIXED,True,EXP-NORMAL_ACCESS-18,2026-09-22T14:53:48.195616700
EXP8B-MIXED_SECURITY_WORKLOAD-R1-1790069026116,1,MIXED_SECURITY_WORKLOAD,1542,20,False,EXP-ABAC_FAILURE-19,CAM-001,SECURITY_CAMERA,CONTROL,FAIL,,,DENY,BLOCKED,45.197,53.174,,0,,Access Denied: ABAC eligibility failed - No active policy applies to resource 'SECURITY_CAMERA' and operation 'CONTROL',MIXED,MIXED,True,EXP-ABAC_FAILURE-19,2026-09-22T14:53:48.248976900
EXP8B-MIXED_SECURITY_WORKLOAD-R1-1790069026116,1,MIXED_SECURITY_WORKLOAD,1542,21,False,EXP-NORMAL_ACCESS-20,TV-001,SMART_TV,CONTROL,PASS,80.0,7.0,ALLOW,EXECUTED,78.528,92.386,0x79ef798d7832d3f163c39e36e4499bb270905bae9b06353e44594b0c24a8c3e0,31863,1588,Allowed by Smart Contract: High behavioral trust (80) and low contextual risk (7).,MIXED,MIXED,True,EXP-NORMAL_ACCESS-20,2026-09-22T14:53:48.341844
EXP8B-MIXED_SECURITY_WORKLOAD-R1-1790069026116,1,MIXED_SECURITY_WORKLOAD,1542,22,False,EXP-LOW_TRUST-21,DOOR-SENSOR-001,SMART_DOOR_LOCK,READ,PASS,80.0,14.0,ALLOW,EXECUTED,63.574,74.793,0xb723921b3d6c4fb3ca60a103169214beddea4fc0f3edd89650fa15ebfb6ce6c4,31863,1589,Allowed by Smart Contract: High behavioral trust (80) and low contextual risk (14).,MIXED,MIXED,True,EXP-LOW_TRUST-21,2026-09-22T14:53:48.416461800
EXP8B-MIXED_SECURITY_WORKLOAD-R1-1790069026116,1,MIXED_SECURITY_WORKLOAD,1542,23,False,EXP-NORMAL_ACCESS-22,THERMOSTAT-001,SMART_THERMOSTAT,CONTROL,PASS,80.0,0.0,ALLOW,EXECUTED,51.508,60.597,0x376def5480c7f4f4cfe1ca7f77d5b11a29f0da82753feacf6ec0ed1556976d55,31863,1590,Allowed by Smart Contract: High behavioral trust (80) and low contextual risk (0).,MIXED,MIXED,True,EXP-NORMAL_ACCESS-22,2026-09-22T14:53:48.477161800
EXP8B-MIXED_SECURITY_WORKLOAD-R1-1790069026116,1,MIXED_SECURITY_WORKLOAD,1542,24,False,EXP-NORMAL_ACCESS-23,THERMOSTAT-001,SMART_THERMOSTAT,CONTROL,PASS,80.0,0.0,ALLOW,EXECUTED,44.576,52.442,0xf1bb5433842b640b18dd187b4dbed78f800dc624c9cc1049f0dbe59c3a5e0043,31863,1591,Allowed by Smart Contract: High behavioral trust (80) and low contextual risk (0).,MIXED,MIXED,True,EXP-NORMAL_ACCESS-23,2026-09-22T14:53:48.529581
EXP8B-MIXED_SECURITY_WORKLOAD-R1-1790069026116,1,MIXED_SECURITY_WORKLOAD,1542,25,False,EXP-RESTRICT_ACCESS-24,DOOR-SENSOR-001,SMART_DOOR_LOCK,CONTROL,PASS,80.0,36.3,RESTRICT,DOWNGRADED,42.794,50.345,0x438672a3f588c7fc68f6cb51843367baa7be66107f25c8e6adc5fe458168e865,31863,1592,Restricted by Smart Contract: Adaptive authorization enforced for intermediate trust (80) or moderate risk (36).,MIXED,MIXED,True,EXP-RESTRICT_ACCESS-24,2026-09-22T14:53:48.580306200
EXP8B-MIXED_SECURITY_WORKLOAD-R1-1790069026116,1,MIXED_SECURITY_WORKLOAD,1542,26,False,EXP-RESTRICT_ACCESS-25,DOOR-SENSOR-001,SMART_DOOR_LOCK,CONTROL,PASS,80.0,36.3,RESTRICT,DOWNGRADED,52.8,62.118,0xdf9eb8125b7d2d053dc065629c823e0ec4d06b2a22919974abf6c2bd5b282427,31863,1593,Restricted by Smart Contract: Adaptive authorization enforced for intermediate trust (80) or moderate risk (36).,MIXED,MIXED,True,EXP-RESTRICT_ACCESS-25,2026-09-22T14:53:48.642382100
EXP8B-MIXED_SECURITY_WORKLOAD-R1-1790069026116,1,MIXED_SECURITY_WORKLOAD,1542,27,False,EXP-LOW_TRUST-26,DOOR-SENSOR-001,SMART_DOOR_LOCK,READ,PASS,80.0,14.0,ALLOW,EXECUTED,48.99,57.636,0xd4c5c6955176fe22b8a124b2e72eefac057121c4ef11ed94b7fd2acce38e2068,31863,1594,Allowed by Smart Contract: High behavioral trust (80) and low contextual risk (14).,MIXED,MIXED,True,EXP-LOW_TRUST-26,2026-09-22T14:53:48.700012300
EXP8B-MIXED_SECURITY_WORKLOAD-R1-1790069026116,1,MIXED_SECURITY_WORKLOAD,1542,28,False,EXP-LOW_TRUST-27,DOOR-SENSOR-001,SMART_DOOR_LOCK,READ,PASS,80.0,14.0,ALLOW,EXECUTED,51.968,61.139,0x6977981c41692f6c8859568b65ca392481b94d1c572c52fd272ce08cb665c807,31863,1595,Allowed by Smart Contract: High behavioral trust (80) and low contextual risk (14).,MIXED,MIXED,True,EXP-LOW_TRUST-27,2026-09-22T14:53:48.761322900
EXP8B-MIXED_SECURITY_WORKLOAD-R1-1790069026116,1,MIXED_SECURITY_WORKLOAD,1542,29,False,EXP-ABAC_FAILURE-28,CAM-001,SECURITY_CAMERA,CONTROL,FAIL,,,DENY,BLOCKED,34.19,40.224,,0,,Access Denied: ABAC eligibility failed - No active policy applies to resource 'SECURITY_CAMERA' and operation 'CONTROL',MIXED,MIXED,True,EXP-ABAC_FAILURE-28,2026-09-22T14:53:48.801524300
EXP8B-MIXED_SECURITY_WORKLOAD-R1-1790069026116,1,MIXED_SECURITY_WORKLOAD,1542,30,False,EXP-ABAC_FAILURE-29,CAM-001,SECURITY_CAMERA,CONTROL,FAIL,,,DENY,BLOCKED,31.217,36.726,,0,,Access Denied: ABAC eligibility failed - No active policy applies to resource 'SECURITY_CAMERA' and operation 'CONTROL',MIXED,MIXED,True,EXP-ABAC_FAILURE-29,2026-09-22T14:53:48.838007500
EXP8B-MIXED_SECURITY_WORKLOAD-R2-1790069028955,2,MIXED_SECURITY_WORKLOAD,2542,0,True,EXP-LOW_TRUST-0,DOOR-SENSOR-001,SMART_DOOR_LOCK,READ,PASS,80.0,14.0,ALLOW,EXECUTED,40.583,47.745,0x878491b1cb8741af45ea7e7d2b728b62b55d8b6bde15506989362b52a9a0406e,31863,1596,Allowed by Smart Contract: High behavioral trust (80) and low contextual risk (14).,MIXED,MIXED,True,EXP-LOW_TRUST-0,2026-09-22T14:53:49.212630400
EXP8B-MIXED_SECURITY_WORKLOAD-R2-1790069028955,2,MIXED_SECURITY_WORKLOAD,2542,1,True,EXP-RESTRICT_ACCESS-1,DOOR-SENSOR-001,SMART_DOOR_LOCK,CONTROL,PASS,80.0,36.3,RESTRICT,DOWNGRADED,42.788,50.339,0xbc0e3689a6f36d70a737d42515ad8628cbca9f68cffa94ba566a61c57b665e5d,31863,1597,Restricted by Smart Contract: Adaptive authorization enforced for intermediate trust (80) or moderate risk (36).,MIXED,MIXED,True,EXP-RESTRICT_ACCESS-1,2026-09-22T14:53:49.262462700
EXP8B-MIXED_SECURITY_WORKLOAD-R2-1790069028955,2,MIXED_SECURITY_WORKLOAD,2542,2,True,EXP-RESTRICT_ACCESS-2,DOOR-SENSOR-001,SMART_DOOR_LOCK,CONTROL,PASS,80.0,36.3,RESTRICT,DOWNGRADED,43.553,51.239,0xda5476447fd1f00130099ae39016815ded6579ca1471cb34d612ce7aab8c57b3,31863,1598,Restricted by Smart Contract: Adaptive authorization enforced for intermediate trust (80) or moderate risk (36).,MIXED,MIXED,True,EXP-RESTRICT_ACCESS-2,2026-09-22T14:53:49.313935700
EXP8B-MIXED_SECURITY_WORKLOAD-R2-1790069028955,2,MIXED_SECURITY_WORKLOAD,2542,3,True,EXP-RESTRICT_ACCESS-3,DOOR-SENSOR-001,SMART_DOOR_LOCK,CONTROL,PASS,80.0,36.3,RESTRICT,DOWNGRADED,48.257,56.773,0xcd20fe1e4f0a2aaed3a0f85cfc72aebc3b3ec73b71d20eb00ffaa2659085f7a7,31863,1599,Restricted by Smart Contract: Adaptive authorization enforced for intermediate trust (80) or moderate risk (36).,MIXED,MIXED,True,EXP-RESTRICT_ACCESS-3,2026-09-22T14:53:49.371171700
EXP8B-MIXED_SECURITY_WORKLOAD-R2-1790069028955,2,MIXED_SECURITY_WORKLOAD,2542,4,True,EXP-NORMAL_ACCESS-4,AC-001,AIR_CONDITIONER,CONTROL,PASS,80.0,0.0,ALLOW,EXECUTED,49.443,58.169,0x884a0c2207d8db102649738f605c4a49af92f38b17c42cedb61a04e1f6c9612c,31863,1600,Allowed by Smart Contract: High behavioral trust (80) and low contextual risk (0).,MIXED,MIXED,True,EXP-NORMAL_ACCESS-4,2026-09-22T14:53:49.429196
EXP8B-MIXED_SECURITY_WORKLOAD-R2-1790069028955,2,MIXED_SECURITY_WORKLOAD,2542,5,True,EXP-LOW_TRUST-5,DOOR-SENSOR-001,SMART_DOOR_LOCK,READ,PASS,80.0,14.0,ALLOW,EXECUTED,53.33,62.741,0x8f805f89fd9467dbcd1fe21de08478a502b70880a31da6bcb54b4d51a8a11cb1,31863,1601,Allowed by Smart Contract: High behavioral trust (80) and low contextual risk (14).,MIXED,MIXED,True,EXP-LOW_TRUST-5,2026-09-22T14:53:49.492030900
EXP8B-MIXED_SECURITY_WORKLOAD-R2-1790069028955,2,MIXED_SECURITY_WORKLOAD,2542,6,True,EXP-RESTRICT_ACCESS-6,DOOR-SENSOR-001,SMART_DOOR_LOCK,CONTROL,PASS,80.0,36.3,RESTRICT,DOWNGRADED,50.865,59.841,0xf954565c69b12a5455c732e35e85b4d428d94e22b00e9b9ff9a05b0aaa025ea8,31863,1602,Restricted by Smart Contract: Adaptive authorization enforced for intermediate trust (80) or moderate risk (36).,MIXED,MIXED,True,EXP-RESTRICT_ACCESS-6,2026-09-22T14:53:49.551910200
EXP8B-MIXED_SECURITY_WORKLOAD-R2-1790069028955,2,MIXED_SECURITY_WORKLOAD,2542,7,True,EXP-RESTRICT_ACCESS-7,DOOR-SENSOR-001,SMART_DOOR_LOCK,CONTROL,PASS,80.0,36.3,RESTRICT,DOWNGRADED,51.594,60.699,0x85c76cb8c22389f4910ea58f9a1bc2a218d80be0319443685ec8038c3579ab05,31863,1603,Restricted by Smart Contract: Adaptive authorization enforced for intermediate trust (80) or moderate risk (36).,MIXED,MIXED,True,EXP-RESTRICT_ACCESS-7,2026-09-22T14:53:49.612310500
EXP8B-MIXED_SECURITY_WORKLOAD-R2-1790069028955,2,MIXED_SECURITY_WORKLOAD,2542,8,True,EXP-LOW_TRUST-8,DOOR-SENSOR-001,SMART_DOOR_LOCK,READ,PASS,80.0,14.0,ALLOW,EXECUTED,44.0,51.765,0x36a89046db1d8ab2cb3b0b93d249a2431fb3771590797303903c875715afb534,31863,1604,Allowed by Smart Contract: High behavioral trust (80) and low contextual risk (14).,MIXED,MIXED,True,EXP-LOW_TRUST-8,2026-09-22T14:53:49.664485900
EXP8B-MIXED_SECURITY_WORKLOAD-R2-1790069028955,2,MIXED_SECURITY_WORKLOAD,2542,9,True,EXP-NORMAL_ACCESS-9,AC-001,AIR_CONDITIONER,CONTROL,PASS,80.0,0.0,ALLOW,EXECUTED,45.841,53.931,0xc5b54b6c3582a96227da2bb3201c3b6f0b3f96ca332e9b0fc47e6dd7a6d574f6,31863,1605,Allowed by Smart Contract: High behavioral trust (80) and low contextual risk (0).,MIXED,MIXED,True,EXP-NORMAL_ACCESS-9,2026-09-22T14:53:49.718445200
EXP8B-MIXED_SECURITY_WORKLOAD-R2-1790069028955,2,MIXED_SECURITY_WORKLOAD,2542,1,False,EXP-NORMAL_ACCESS-0,TV-001,SMART_TV,CONTROL,PASS,80.0,7.0,ALLOW,EXECUTED,46.535,54.747,0xb5cece349653423f165589c521ada1c6e6fe25ea0728094f74600c6fb05901c9,31863,1606,Allowed by Smart Contract: High behavioral trust (80) and low contextual risk (7).,MIXED,MIXED,True,EXP-NORMAL_ACCESS-0,2026-09-22T14:53:49.773319100
EXP8B-MIXED_SECURITY_WORKLOAD-R2-1790069028955,2,MIXED_SECURITY_WORKLOAD,2542,2,False,EXP-HIGH_RISK-1,DOOR-SENSOR-001,SMART_DOOR_LOCK,CONTROL,FAIL,,,DENY,BLOCKED,27.435,32.276,,0,,"Access Denied: ABAC eligibility failed - Policy 'Phase7A-DoorLock-CONTROL': Condition failed on 'booking.valid': expected 'true' EQUALS, actual was 'false'",MIXED,MIXED,True,EXP-HIGH_RISK-1,2026-09-22T14:53:49.805271700
EXP8B-MIXED_SECURITY_WORKLOAD-R2-1790069028955,2,MIXED_SECURITY_WORKLOAD,2542,3,False,EXP-ABAC_FAILURE-2,CAM-001,SECURITY_CAMERA,CONTROL,FAIL,,,DENY,BLOCKED,27.409,32.246,,0,,Access Denied: ABAC eligibility failed - No active policy applies to resource 'SECURITY_CAMERA' and operation 'CONTROL',MIXED,MIXED,True,EXP-ABAC_FAILURE-2,2026-09-22T14:53:49.837898
EXP8B-MIXED_SECURITY_WORKLOAD-R2-1790069028955,2,MIXED_SECURITY_WORKLOAD,2542,4,False,EXP-RESTRICT_ACCESS-3,DOOR-SENSOR-001,SMART_DOOR_LOCK,CONTROL,PASS,80.0,36.3,RESTRICT,DOWNGRADED,46.688,54.927,0x2e83737209962fa952258917147fc709a916689b6a7a7a9ade24bc433abe8930,31863,1607,Restricted by Smart Contract: Adaptive authorization enforced for intermediate trust (80) or moderate risk (36).,MIXED,MIXED,True,EXP-RESTRICT_ACCESS-3,2026-09-22T14:53:49.892663100
EXP8B-MIXED_SECURITY_WORKLOAD-R2-1790069028955,2,MIXED_SECURITY_WORKLOAD,2542,5,False,EXP-NORMAL_ACCESS-4,DOOR-SENSOR-001,SMART_DOOR_LOCK,READ,PASS,80.0,14.0,ALLOW,EXECUTED,47.998,56.469,0x913a62a8564b1befbbb46e0ed1eca27ba5d717a85f5a3a35152f45ab2fb3bace,31863,1608,Allowed by Smart Contract: High behavioral trust (80) and low contextual risk (14).,MIXED,MIXED,True,EXP-NORMAL_ACCESS-4,2026-09-22T14:53:49.949374
EXP8B-MIXED_SECURITY_WORKLOAD-R2-1790069028955,2,MIXED_SECURITY_WORKLOAD,2542,6,False,EXP-ABAC_FAILURE-5,CAM-001,SECURITY_CAMERA,CONTROL,FAIL,,,DENY,BLOCKED,38.277,45.032,,0,,Access Denied: ABAC eligibility failed - No active policy applies to resource 'SECURITY_CAMERA' and operation 'CONTROL',MIXED,MIXED,True,EXP-ABAC_FAILURE-5,2026-09-22T14:53:49.994461
EXP8B-MIXED_SECURITY_WORKLOAD-R2-1790069028955,2,MIXED_SECURITY_WORKLOAD,2542,7,False,EXP-NORMAL_ACCESS-6,THERMOSTAT-001,SMART_THERMOSTAT,CONTROL,PASS,80.0,0.0,ALLOW,EXECUTED,51.226,60.266,0xfd79bcb59c853bc921f816dde874733d4d4b726199da788a3deddd14cb107277,31863,1609,Allowed by Smart Contract: High behavioral trust (80) and low contextual risk (0).,MIXED,MIXED,True,EXP-NORMAL_ACCESS-6,2026-09-22T14:53:50.054647
EXP8B-MIXED_SECURITY_WORKLOAD-R2-1790069028955,2,MIXED_SECURITY_WORKLOAD,2542,8,False,EXP-HIGH_RISK-7,DOOR-SENSOR-001,SMART_DOOR_LOCK,CONTROL,FAIL,,,DENY,BLOCKED,30.823,36.263,,0,,"Access Denied: ABAC eligibility failed - Policy 'Phase7A-DoorLock-CONTROL': Condition failed on 'booking.valid': expected 'true' EQUALS, actual was 'false'",MIXED,MIXED,True,EXP-HIGH_RISK-7,2026-09-22T14:53:50.091174400
EXP8B-MIXED_SECURITY_WORKLOAD-R2-1790069028955,2,MIXED_SECURITY_WORKLOAD,2542,9,False,EXP-RESTRICT_ACCESS-8,DOOR-SENSOR-001,SMART_DOOR_LOCK,CONTROL,PASS,80.0,36.3,RESTRICT,DOWNGRADED,44.183,51.98,0xb2d7685511aedab591cd6f22e52db2c5260209c31ed36d792394d61284360b3a,31863,1610,Restricted by Smart Contract: Adaptive authorization enforced for intermediate trust (80) or moderate risk (36).,MIXED,MIXED,True,EXP-RESTRICT_ACCESS-8,2026-09-22T14:53:50.143092900
EXP8B-MIXED_SECURITY_WORKLOAD-R2-1790069028955,2,MIXED_SECURITY_WORKLOAD,2542,10,False,EXP-HIGH_RISK-9,DOOR-SENSOR-001,SMART_DOOR_LOCK,CONTROL,FAIL,,,DENY,BLOCKED,31.514,37.076,,0,,"Access Denied: ABAC eligibility failed - Policy 'Phase7A-DoorLock-CONTROL': Condition failed on 'booking.valid': expected 'true' EQUALS, actual was 'false'",MIXED,MIXED,True,EXP-HIGH_RISK-9,2026-09-22T14:53:50.180247300
EXP8B-MIXED_SECURITY_WORKLOAD-R2-1790069028955,2,MIXED_SECURITY_WORKLOAD,2542,11,False,EXP-ABAC_FAILURE-10,CAM-001,SECURITY_CAMERA,CONTROL,FAIL,,,DENY,BLOCKED,30.557,35.95,,0,,Access Denied: ABAC eligibility failed - No active policy applies to resource 'SECURITY_CAMERA' and operation 'CONTROL',MIXED,MIXED,True,EXP-ABAC_FAILURE-10,2026-09-22T14:53:50.216023900
EXP8B-MIXED_SECURITY_WORKLOAD-R2-1790069028955,2,MIXED_SECURITY_WORKLOAD,2542,12,False,EXP-HIGH_RISK-11,DOOR-SENSOR-001,SMART_DOOR_LOCK,CONTROL,FAIL,,,DENY,BLOCKED,25.874,30.44,,0,,"Access Denied: ABAC eligibility failed - Policy 'Phase7A-DoorLock-CONTROL': Condition failed on 'booking.valid': expected 'true' EQUALS, actual was 'false'",MIXED,MIXED,True,EXP-HIGH_RISK-11,2026-09-22T14:53:50.246560400
EXP8B-MIXED_SECURITY_WORKLOAD-R2-1790069028955,2,MIXED_SECURITY_WORKLOAD,2542,13,False,EXP-NORMAL_ACCESS-12,AC-001,AIR_CONDITIONER,CONTROL,PASS,80.0,0.0,ALLOW,EXECUTED,45.396,53.408,0x8a6928b4aaeddac8bed8d8ed0e863ed6ce0b8dfa8f5d39d280cc166480a1182c,31863,1611,Allowed by Smart Contract: High behavioral trust (80) and low contextual risk (0).,MIXED,MIXED,True,EXP-NORMAL_ACCESS-12,2026-09-22T14:53:50.300268100
EXP8B-MIXED_SECURITY_WORKLOAD-R2-1790069028955,2,MIXED_SECURITY_WORKLOAD,2542,14,False,EXP-HIGH_RISK-13,DOOR-SENSOR-001,SMART_DOOR_LOCK,CONTROL,FAIL,,,DENY,BLOCKED,28.676,33.737,,0,,"Access Denied: ABAC eligibility failed - Policy 'Phase7A-DoorLock-CONTROL': Condition failed on 'booking.valid': expected 'true' EQUALS, actual was 'false'",MIXED,MIXED,True,EXP-HIGH_RISK-13,2026-09-22T14:53:50.333854100
EXP8B-MIXED_SECURITY_WORKLOAD-R2-1790069028955,2,MIXED_SECURITY_WORKLOAD,2542,15,False,EXP-RESTRICT_ACCESS-14,DOOR-SENSOR-001,SMART_DOOR_LOCK,CONTROL,PASS,80.0,36.3,RESTRICT,DOWNGRADED,48.434,56.981,0x4a921639e16879e42cb553de8f4dcc2f76c6dc4ec16501663580982d4899f88e,31863,1612,Restricted by Smart Contract: Adaptive authorization enforced for intermediate trust (80) or moderate risk (36).,MIXED,MIXED,True,EXP-RESTRICT_ACCESS-14,2026-09-22T14:53:50.391017500
EXP8B-MIXED_SECURITY_WORKLOAD-R2-1790069028955,2,MIXED_SECURITY_WORKLOAD,2542,16,False,EXP-HIGH_RISK-15,DOOR-SENSOR-001,SMART_DOOR_LOCK,CONTROL,FAIL,,,DENY,BLOCKED,30.129,35.446,,0,,"Access Denied: ABAC eligibility failed - Policy 'Phase7A-DoorLock-CONTROL': Condition failed on 'booking.valid': expected 'true' EQUALS, actual was 'false'",MIXED,MIXED,True,EXP-HIGH_RISK-15,2026-09-22T14:53:50.426601400
EXP8B-MIXED_SECURITY_WORKLOAD-R2-1790069028955,2,MIXED_SECURITY_WORKLOAD,2542,17,False,EXP-ABAC_FAILURE-16,CAM-001,SECURITY_CAMERA,CONTROL,FAIL,,,DENY,BLOCKED,32.72,38.495,,0,,Access Denied: ABAC eligibility failed - No active policy applies to resource 'SECURITY_CAMERA' and operation 'CONTROL',MIXED,MIXED,True,EXP-ABAC_FAILURE-16,2026-09-22T14:53:50.464858
EXP8B-MIXED_SECURITY_WORKLOAD-R2-1790069028955,2,MIXED_SECURITY_WORKLOAD,2542,18,False,EXP-RESTRICT_ACCESS-17,DOOR-SENSOR-001,SMART_DOOR_LOCK,CONTROL,PASS,80.0,36.3,RESTRICT,DOWNGRADED,50.498,59.41,0x6891caaf63a19e76d2b18634b246654e04eaefe68024dc2d9ce76276c394e8b9,31863,1613,Restricted by Smart Contract: Adaptive authorization enforced for intermediate trust (80) or moderate risk (36).,MIXED,MIXED,True,EXP-RESTRICT_ACCESS-17,2026-09-22T14:53:50.524256700
EXP8B-MIXED_SECURITY_WORKLOAD-R2-1790069028955,2,MIXED_SECURITY_WORKLOAD,2542,19,False,EXP-NORMAL_ACCESS-18,THERMOSTAT-001,SMART_THERMOSTAT,CONTROL,PASS,80.0,0.0,ALLOW,EXECUTED,58.434,68.746,0xf9e0e9a1858492ccfd4384fff242b52cbb27ef5f72a6a0b129d1d361075177a6,31863,1614,Allowed by Smart Contract: High behavioral trust (80) and low contextual risk (0).,MIXED,MIXED,True,EXP-NORMAL_ACCESS-18,2026-09-22T14:53:50.592984900
EXP8B-MIXED_SECURITY_WORKLOAD-R2-1790069028955,2,MIXED_SECURITY_WORKLOAD,2542,20,False,EXP-ABAC_FAILURE-19,CAM-001,SECURITY_CAMERA,CONTROL,FAIL,,,DENY,BLOCKED,201.038,236.516,,0,,Access Denied: ABAC eligibility failed - No active policy applies to resource 'SECURITY_CAMERA' and operation 'CONTROL',MIXED,MIXED,True,EXP-ABAC_FAILURE-19,2026-09-22T14:53:50.830092400
EXP8B-MIXED_SECURITY_WORKLOAD-R2-1790069028955,2,MIXED_SECURITY_WORKLOAD,2542,21,False,EXP-HIGH_RISK-20,DOOR-SENSOR-001,SMART_DOOR_LOCK,CONTROL,FAIL,,,DENY,BLOCKED,168.615,198.371,,0,,"Access Denied: ABAC eligibility failed - Policy 'Phase7A-DoorLock-CONTROL': Condition failed on 'booking.valid': expected 'true' EQUALS, actual was 'false'",MIXED,MIXED,True,EXP-HIGH_RISK-20,2026-09-22T14:53:51.028462400
EXP8B-MIXED_SECURITY_WORKLOAD-R2-1790069028955,2,MIXED_SECURITY_WORKLOAD,2542,22,False,EXP-LOW_TRUST-21,DOOR-SENSOR-001,SMART_DOOR_LOCK,READ,PASS,80.0,14.0,ALLOW,EXECUTED,52.896,62.23,0xb4bd9d91f430527e59e87e8211b7e23a2d32a984d166064c600d78f2af8df093,31863,1615,Allowed by Smart Contract: High behavioral trust (80) and low contextual risk (14).,MIXED,MIXED,True,EXP-LOW_TRUST-21,2026-09-22T14:53:51.090789100
EXP8B-MIXED_SECURITY_WORKLOAD-R2-1790069028955,2,MIXED_SECURITY_WORKLOAD,2542,23,False,EXP-RESTRICT_ACCESS-22,DOOR-SENSOR-001,SMART_DOOR_LOCK,CONTROL,PASS,80.0,36.3,RESTRICT,DOWNGRADED,42.762,50.309,0x780bd857a8757b180db2b01e5558e26d8b9917ff2340ef547c347701bb8cccaf,31863,1616,Restricted by Smart Contract: Adaptive authorization enforced for intermediate trust (80) or moderate risk (36).,MIXED,MIXED,True,EXP-RESTRICT_ACCESS-22,2026-09-22T14:53:51.140690900
EXP8B-MIXED_SECURITY_WORKLOAD-R2-1790069028955,2,MIXED_SECURITY_WORKLOAD,2542,24,False,EXP-NORMAL_ACCESS-23,LIGHT-001,SMART_LIGHT,CONTROL,PASS,80.0,0.0,ALLOW,EXECUTED,47.931,56.389,0x6382863493ea587c78f38289887ac3ba3cb58ffbec6da0c60cb9d150c178712b,31863,1617,Allowed by Smart Contract: High behavioral trust (80) and low contextual risk (0).,MIXED,MIXED,True,EXP-NORMAL_ACCESS-23,2026-09-22T14:53:51.197369800
EXP8B-MIXED_SECURITY_WORKLOAD-R2-1790069028955,2,MIXED_SECURITY_WORKLOAD,2542,25,False,EXP-ABAC_FAILURE-24,CAM-001,SECURITY_CAMERA,CONTROL,FAIL,,,DENY,BLOCKED,34.949,41.116,,0,,Access Denied: ABAC eligibility failed - No active policy applies to resource 'SECURITY_CAMERA' and operation 'CONTROL',MIXED,MIXED,True,EXP-ABAC_FAILURE-24,2026-09-22T14:53:51.238606
EXP8B-MIXED_SECURITY_WORKLOAD-R2-1790069028955,2,MIXED_SECURITY_WORKLOAD,2542,26,False,EXP-LOW_TRUST-25,DOOR-SENSOR-001,SMART_DOOR_LOCK,READ,PASS,80.0,14.0,ALLOW,EXECUTED,52.41,61.659,0x735cfc156b354123ec8d2a683ee8bdbbcb0723764fa2a1b50e7431de917f0ce2,31863,1618,Allowed by Smart Contract: High behavioral trust (80) and low contextual risk (14).,MIXED,MIXED,True,EXP-LOW_TRUST-25,2026-09-22T14:53:51.299869600
EXP8B-MIXED_SECURITY_WORKLOAD-R2-1790069028955,2,MIXED_SECURITY_WORKLOAD,2542,27,False,EXP-HIGH_RISK-26,DOOR-SENSOR-001,SMART_DOOR_LOCK,CONTROL,FAIL,,,DENY,BLOCKED,36.898,43.41,,0,,"Access Denied: ABAC eligibility failed - Policy 'Phase7A-DoorLock-CONTROL': Condition failed on 'booking.valid': expected 'true' EQUALS, actual was 'false'",MIXED,MIXED,True,EXP-HIGH_RISK-26,2026-09-22T14:53:51.343581600
EXP8B-MIXED_SECURITY_WORKLOAD-R2-1790069028955,2,MIXED_SECURITY_WORKLOAD,2542,28,False,EXP-NORMAL_ACCESS-27,LIGHT-001,SMART_LIGHT,CONTROL,PASS,80.0,0.0,ALLOW,EXECUTED,54.783,64.45,0x0dc43ebdbeb5f7cf50f4f92da9edbde6e9b7eb3a9d7f3545ceb0c08750a83b38,31863,1619,Allowed by Smart Contract: High behavioral trust (80) and low contextual risk (0).,MIXED,MIXED,True,EXP-NORMAL_ACCESS-27,2026-09-22T14:53:51.408260100
EXP8B-MIXED_SECURITY_WORKLOAD-R2-1790069028955,2,MIXED_SECURITY_WORKLOAD,2542,29,False,EXP-NORMAL_ACCESS-28,LIGHT-001,SMART_LIGHT,CONTROL,PASS,80.0,0.0,ALLOW,EXECUTED,48.406,56.948,0x40c7347a44b1c12fa26b81055fd33727d8c8fd62f2198f2d5daec3ae45fa2673,31863,1620,Allowed by Smart Contract: High behavioral trust (80) and low contextual risk (0).,MIXED,MIXED,True,EXP-NORMAL_ACCESS-28,2026-09-22T14:53:51.465426400
EXP8B-MIXED_SECURITY_WORKLOAD-R2-1790069028955,2,MIXED_SECURITY_WORKLOAD,2542,30,False,EXP-HIGH_RISK-29,DOOR-SENSOR-001,SMART_DOOR_LOCK,CONTROL,FAIL,,,DENY,BLOCKED,31.233,36.745,,0,,"Access Denied: ABAC eligibility failed - Policy 'Phase7A-DoorLock-CONTROL': Condition failed on 'booking.valid': expected 'true' EQUALS, actual was 'false'",MIXED,MIXED,True,EXP-HIGH_RISK-29,2026-09-22T14:53:51.502080200
EXP8B-MIXED_SECURITY_WORKLOAD-R3-1790069031635,3,MIXED_SECURITY_WORKLOAD,3542,0,True,EXP-LOW_TRUST-0,DOOR-SENSOR-001,SMART_DOOR_LOCK,READ,PASS,80.0,14.0,ALLOW,EXECUTED,43.022,50.614,0x930bd755805efd4d669cc8700f109af8898c7250f6c8f14f82537bf3fb57b3c6,31863,1621,Allowed by Smart Contract: High behavioral trust (80) and low contextual risk (14).,MIXED,MIXED,True,EXP-LOW_TRUST-0,2026-09-22T14:53:51.913631300
EXP8B-MIXED_SECURITY_WORKLOAD-R3-1790069031635,3,MIXED_SECURITY_WORKLOAD,3542,1,True,EXP-HIGH_RISK-1,DOOR-SENSOR-001,SMART_DOOR_LOCK,CONTROL,FAIL,,,DENY,BLOCKED,28.2,33.177,,0,,"Access Denied: ABAC eligibility failed - Policy 'Phase7A-DoorLock-CONTROL': Condition failed on 'booking.valid': expected 'true' EQUALS, actual was 'false'",MIXED,MIXED,True,EXP-HIGH_RISK-1,2026-09-22T14:53:51.947219900
EXP8B-MIXED_SECURITY_WORKLOAD-R3-1790069031635,3,MIXED_SECURITY_WORKLOAD,3542,2,True,EXP-NORMAL_ACCESS-2,LIGHT-001,SMART_LIGHT,CONTROL,PASS,80.0,0.0,ALLOW,EXECUTED,43.387,51.043,0xcaf374d65841238e114b236be5da1e5d713b36c5de6985841dbc2e6387ce7a06,31863,1622,Allowed by Smart Contract: High behavioral trust (80) and low contextual risk (0).,MIXED,MIXED,True,EXP-NORMAL_ACCESS-2,2026-09-22T14:53:51.998156100
EXP8B-MIXED_SECURITY_WORKLOAD-R3-1790069031635,3,MIXED_SECURITY_WORKLOAD,3542,3,True,EXP-RESTRICT_ACCESS-3,DOOR-SENSOR-001,SMART_DOOR_LOCK,CONTROL,PASS,80.0,36.3,RESTRICT,DOWNGRADED,42.504,50.004,0x95a9ec61ac00fea888efbb0cd5f6e73af0501e18edac58a592241ffce27cf58e,31863,1623,Restricted by Smart Contract: Adaptive authorization enforced for intermediate trust (80) or moderate risk (36).,MIXED,MIXED,True,EXP-RESTRICT_ACCESS-3,2026-09-22T14:53:52.048367300
EXP8B-MIXED_SECURITY_WORKLOAD-R3-1790069031635,3,MIXED_SECURITY_WORKLOAD,3542,4,True,EXP-LOW_TRUST-4,DOOR-SENSOR-001,SMART_DOOR_LOCK,READ,PASS,80.0,14.0,ALLOW,EXECUTED,56.959,67.01,0x639c1206e78403b36c48664a7e19df8969a8bad92454a109f57def9a9c6e91e6,31863,1624,Allowed by Smart Contract: High behavioral trust (80) and low contextual risk (14).,MIXED,MIXED,True,EXP-LOW_TRUST-4,2026-09-22T14:53:52.115223300
EXP8B-MIXED_SECURITY_WORKLOAD-R3-1790069031635,3,MIXED_SECURITY_WORKLOAD,3542,5,True,EXP-HIGH_RISK-5,DOOR-SENSOR-001,SMART_DOOR_LOCK,CONTROL,FAIL,,,DENY,BLOCKED,44.602,52.473,,0,,"Access Denied: ABAC eligibility failed - Policy 'Phase7A-DoorLock-CONTROL': Condition failed on 'booking.valid': expected 'true' EQUALS, actual was 'false'",MIXED,MIXED,True,EXP-HIGH_RISK-5,2026-09-22T14:53:52.167986400
EXP8B-MIXED_SECURITY_WORKLOAD-R3-1790069031635,3,MIXED_SECURITY_WORKLOAD,3542,6,True,EXP-HIGH_RISK-6,DOOR-SENSOR-001,SMART_DOOR_LOCK,CONTROL,FAIL,,,DENY,BLOCKED,37.583,44.216,,0,,"Access Denied: ABAC eligibility failed - Policy 'Phase7A-DoorLock-CONTROL': Condition failed on 'booking.valid': expected 'true' EQUALS, actual was 'false'",MIXED,MIXED,True,EXP-HIGH_RISK-6,2026-09-22T14:53:52.212207500
EXP8B-MIXED_SECURITY_WORKLOAD-R3-1790069031635,3,MIXED_SECURITY_WORKLOAD,3542,7,True,EXP-HIGH_RISK-7,DOOR-SENSOR-001,SMART_DOOR_LOCK,CONTROL,FAIL,,,DENY,BLOCKED,28.75,33.823,,0,,"Access Denied: ABAC eligibility failed - Policy 'Phase7A-DoorLock-CONTROL': Condition failed on 'booking.valid': expected 'true' EQUALS, actual was 'false'",MIXED,MIXED,True,EXP-HIGH_RISK-7,2026-09-22T14:53:52.245961800
EXP8B-MIXED_SECURITY_WORKLOAD-R3-1790069031635,3,MIXED_SECURITY_WORKLOAD,3542,8,True,EXP-LOW_TRUST-8,DOOR-SENSOR-001,SMART_DOOR_LOCK,READ,PASS,80.0,14.0,ALLOW,EXECUTED,51.84,60.988,0xb6e5a8fbcebf2de65cded93fc45b9453ef86540c73f170bffb0db68348044e05,31863,1625,Allowed by Smart Contract: High behavioral trust (80) and low contextual risk (14).,MIXED,MIXED,True,EXP-LOW_TRUST-8,2026-09-22T14:53:52.306319700
EXP8B-MIXED_SECURITY_WORKLOAD-R3-1790069031635,3,MIXED_SECURITY_WORKLOAD,3542,9,True,EXP-LOW_TRUST-9,DOOR-SENSOR-001,SMART_DOOR_LOCK,READ,PASS,80.0,14.0,ALLOW,EXECUTED,52.765,62.077,0xb560209c1dd9777881625e69e591b3ab171601250b889e1ae811515528365732,31863,1626,Allowed by Smart Contract: High behavioral trust (80) and low contextual risk (14).,MIXED,MIXED,True,EXP-LOW_TRUST-9,2026-09-22T14:53:52.369231500
EXP8B-MIXED_SECURITY_WORKLOAD-R3-1790069031635,3,MIXED_SECURITY_WORKLOAD,3542,1,False,EXP-HIGH_RISK-0,DOOR-SENSOR-001,SMART_DOOR_LOCK,CONTROL,FAIL,,,DENY,BLOCKED,33.124,38.969,,0,,"Access Denied: ABAC eligibility failed - Policy 'Phase7A-DoorLock-CONTROL': Condition failed on 'booking.valid': expected 'true' EQUALS, actual was 'false'",MIXED,MIXED,True,EXP-HIGH_RISK-0,2026-09-22T14:53:52.408411500
EXP8B-MIXED_SECURITY_WORKLOAD-R3-1790069031635,3,MIXED_SECURITY_WORKLOAD,3542,2,False,EXP-RESTRICT_ACCESS-1,DOOR-SENSOR-001,SMART_DOOR_LOCK,CONTROL,PASS,80.0,36.3,RESTRICT,DOWNGRADED,49.834,58.628,0xb2f4c50d9f4467f033fb150a0b12b201b7b7ca7a8b46cf550cb1c23806c992e5,31863,1627,Restricted by Smart Contract: Adaptive authorization enforced for intermediate trust (80) or moderate risk (36).,MIXED,MIXED,True,EXP-RESTRICT_ACCESS-1,2026-09-22T14:53:52.467017
EXP8B-MIXED_SECURITY_WORKLOAD-R3-1790069031635,3,MIXED_SECURITY_WORKLOAD,3542,3,False,EXP-LOW_TRUST-2,DOOR-SENSOR-001,SMART_DOOR_LOCK,READ,PASS,80.0,14.0,ALLOW,EXECUTED,57.907,68.126,0x2b20e7a0a0dafbef5fd47630e538daa2cf61764a3273e7ab0887cb2289cca30d,31863,1628,Allowed by Smart Contract: High behavioral trust (80) and low contextual risk (14).,MIXED,MIXED,True,EXP-LOW_TRUST-2,2026-09-22T14:53:52.535197900
EXP8B-MIXED_SECURITY_WORKLOAD-R3-1790069031635,3,MIXED_SECURITY_WORKLOAD,3542,4,False,EXP-RESTRICT_ACCESS-3,DOOR-SENSOR-001,SMART_DOOR_LOCK,CONTROL,PASS,80.0,36.3,RESTRICT,DOWNGRADED,68.77,80.905,0x5f0e2e21caf9421dfd7dc4ada221c8ff019b0385d53949a71c8b96f9fde68b72,31863,1629,Restricted by Smart Contract: Adaptive authorization enforced for intermediate trust (80) or moderate risk (36).,MIXED,MIXED,True,EXP-RESTRICT_ACCESS-3,2026-09-22T14:53:52.616268400
EXP8B-MIXED_SECURITY_WORKLOAD-R3-1790069031635,3,MIXED_SECURITY_WORKLOAD,3542,5,False,EXP-LOW_TRUST-4,DOOR-SENSOR-001,SMART_DOOR_LOCK,READ,PASS,80.0,14.0,ALLOW,EXECUTED,70.564,83.016,0x9ffe6752ef2980d36cb45d569d10feed39ea3422ccc1fc63af1be220c0e04f72,31863,1630,Allowed by Smart Contract: High behavioral trust (80) and low contextual risk (14).,MIXED,MIXED,True,EXP-LOW_TRUST-4,2026-09-22T14:53:52.699249
EXP8B-MIXED_SECURITY_WORKLOAD-R3-1790069031635,3,MIXED_SECURITY_WORKLOAD,3542,6,False,EXP-RESTRICT_ACCESS-5,DOOR-SENSOR-001,SMART_DOOR_LOCK,CONTROL,PASS,80.0,36.3,RESTRICT,DOWNGRADED,62.121,73.083,0x223dc21f615299c27f2d16c8829afe48957601e27a49035f4dcfc7286d025d24,31863,1631,Restricted by Smart Contract: Adaptive authorization enforced for intermediate trust (80) or moderate risk (36).,MIXED,MIXED,True,EXP-RESTRICT_ACCESS-5,2026-09-22T14:53:52.772674300
EXP8B-MIXED_SECURITY_WORKLOAD-R3-1790069031635,3,MIXED_SECURITY_WORKLOAD,3542,7,False,EXP-RESTRICT_ACCESS-6,DOOR-SENSOR-001,SMART_DOOR_LOCK,CONTROL,PASS,80.0,36.3,RESTRICT,DOWNGRADED,67.359,79.245,0x83c5b55349409748ce80ca32d2ed1a31cf5274f38ef7d728ea750f51485d220e,31863,1632,Restricted by Smart Contract: Adaptive authorization enforced for intermediate trust (80) or moderate risk (36).,MIXED,MIXED,True,EXP-RESTRICT_ACCESS-6,2026-09-22T14:53:52.851955900
EXP8B-MIXED_SECURITY_WORKLOAD-R3-1790069031635,3,MIXED_SECURITY_WORKLOAD,3542,8,False,EXP-LOW_TRUST-7,DOOR-SENSOR-001,SMART_DOOR_LOCK,READ,PASS,80.0,14.0,ALLOW,EXECUTED,70.39,82.812,0xf80f70e2a29cae98cdea8a9dfa7183bf1672994163918eb30b4135741ecafe42,31863,1633,Allowed by Smart Contract: High behavioral trust (80) and low contextual risk (14).,MIXED,MIXED,True,EXP-LOW_TRUST-7,2026-09-22T14:53:52.934575500
EXP8B-MIXED_SECURITY_WORKLOAD-R3-1790069031635,3,MIXED_SECURITY_WORKLOAD,3542,9,False,EXP-RESTRICT_ACCESS-8,DOOR-SENSOR-001,SMART_DOOR_LOCK,CONTROL,PASS,80.0,36.3,RESTRICT,DOWNGRADED,67.597,79.526,0xa0fdfa70aec0126d1c54d3939b6bd012143ed81f5a4ca63155f501863cfd717c,31863,1634,Restricted by Smart Contract: Adaptive authorization enforced for intermediate trust (80) or moderate risk (36).,MIXED,MIXED,True,EXP-RESTRICT_ACCESS-8,2026-09-22T14:53:53.014104400
EXP8B-MIXED_SECURITY_WORKLOAD-R3-1790069031635,3,MIXED_SECURITY_WORKLOAD,3542,10,False,EXP-LOW_TRUST-9,DOOR-SENSOR-001,SMART_DOOR_LOCK,READ,PASS,80.0,14.0,ALLOW,EXECUTED,68.533,80.627,0xf63c89dc8f52675e058a08082c6dc7a82dd029a8f66229b03d6657c71cf2abd8,31863,1635,Allowed by Smart Contract: High behavioral trust (80) and low contextual risk (14).,MIXED,MIXED,True,EXP-LOW_TRUST-9,2026-09-22T14:53:53.094977400
EXP8B-MIXED_SECURITY_WORKLOAD-R3-1790069031635,3,MIXED_SECURITY_WORKLOAD,3542,11,False,EXP-NORMAL_ACCESS-10,AC-001,AIR_CONDITIONER,CONTROL,PASS,80.0,0.0,ALLOW,EXECUTED,62.085,73.042,0x08a15fe36b10b2ae8692ca2363e91ebb5cf8813e9b39a50537bd06c98ac1096e,31863,1636,Allowed by Smart Contract: High behavioral trust (80) and low contextual risk (0).,MIXED,MIXED,True,EXP-NORMAL_ACCESS-10,2026-09-22T14:53:53.167987
EXP8B-MIXED_SECURITY_WORKLOAD-R3-1790069031635,3,MIXED_SECURITY_WORKLOAD,3542,12,False,EXP-LOW_TRUST-11,DOOR-SENSOR-001,SMART_DOOR_LOCK,READ,PASS,80.0,14.0,ALLOW,EXECUTED,63.667,74.903,0x07f9258c565a5343e48724887e478ebc95638fcd2c5d2d657244c644230bc4dd,31863,1637,Allowed by Smart Contract: High behavioral trust (80) and low contextual risk (14).,MIXED,MIXED,True,EXP-LOW_TRUST-11,2026-09-22T14:53:53.243288800
EXP8B-MIXED_SECURITY_WORKLOAD-R3-1790069031635,3,MIXED_SECURITY_WORKLOAD,3542,13,False,EXP-HIGH_RISK-12,DOOR-SENSOR-001,SMART_DOOR_LOCK,CONTROL,FAIL,,,DENY,BLOCKED,43.506,51.184,,0,,"Access Denied: ABAC eligibility failed - Policy 'Phase7A-DoorLock-CONTROL': Condition failed on 'booking.valid': expected 'true' EQUALS, actual was 'false'",MIXED,MIXED,True,EXP-HIGH_RISK-12,2026-09-22T14:53:53.293922200
EXP8B-MIXED_SECURITY_WORKLOAD-R3-1790069031635,3,MIXED_SECURITY_WORKLOAD,3542,14,False,EXP-HIGH_RISK-13,DOOR-SENSOR-001,SMART_DOOR_LOCK,CONTROL,FAIL,,,DENY,BLOCKED,37.925,44.618,,0,,"Access Denied: ABAC eligibility failed - Policy 'Phase7A-DoorLock-CONTROL': Condition failed on 'booking.valid': expected 'true' EQUALS, actual was 'false'",MIXED,MIXED,True,EXP-HIGH_RISK-13,2026-09-22T14:53:53.338840
EXP8B-MIXED_SECURITY_WORKLOAD-R3-1790069031635,3,MIXED_SECURITY_WORKLOAD,3542,15,False,EXP-RESTRICT_ACCESS-14,DOOR-SENSOR-001,SMART_DOOR_LOCK,CONTROL,PASS,80.0,36.3,RESTRICT,DOWNGRADED,78.345,92.17,0xf40699b13cdc8fc8e7d9f5eac243bcb15b268687ea3be8d7bd0a2d1e8e8ae2e0,31863,1638,Restricted by Smart Contract: Adaptive authorization enforced for intermediate trust (80) or moderate risk (36).,MIXED,MIXED,True,EXP-RESTRICT_ACCESS-14,2026-09-22T14:53:53.431342200
EXP8B-MIXED_SECURITY_WORKLOAD-R3-1790069031635,3,MIXED_SECURITY_WORKLOAD,3542,16,False,EXP-NORMAL_ACCESS-15,THERMOSTAT-001,SMART_THERMOSTAT,CONTROL,PASS,80.0,0.0,ALLOW,EXECUTED,62.397,73.408,0x2895c3ec9d98517d427cf239cad8c15519f1252d91311d9357073b75b8f9209a,31863,1639,Allowed by Smart Contract: High behavioral trust (80) and low contextual risk (0).,MIXED,MIXED,True,EXP-NORMAL_ACCESS-15,2026-09-22T14:53:53.504518100
EXP8B-MIXED_SECURITY_WORKLOAD-R3-1790069031635,3,MIXED_SECURITY_WORKLOAD,3542,17,False,EXP-HIGH_RISK-16,DOOR-SENSOR-001,SMART_DOOR_LOCK,CONTROL,FAIL,,,DENY,BLOCKED,39.6,46.589,,0,,"Access Denied: ABAC eligibility failed - Policy 'Phase7A-DoorLock-CONTROL': Condition failed on 'booking.valid': expected 'true' EQUALS, actual was 'false'",MIXED,MIXED,True,EXP-HIGH_RISK-16,2026-09-22T14:53:53.551233400
EXP8B-MIXED_SECURITY_WORKLOAD-R3-1790069031635,3,MIXED_SECURITY_WORKLOAD,3542,18,False,EXP-RESTRICT_ACCESS-17,DOOR-SENSOR-001,SMART_DOOR_LOCK,CONTROL,PASS,80.0,36.3,RESTRICT,DOWNGRADED,52.082,61.273,0xe5979c93cff7c489cda6c081e010fc6169873a9238c6bbd93fb6a15e048f67e6,31863,1640,Restricted by Smart Contract: Adaptive authorization enforced for intermediate trust (80) or moderate risk (36).,MIXED,MIXED,True,EXP-RESTRICT_ACCESS-17,2026-09-22T14:53:53.612591400
EXP8B-MIXED_SECURITY_WORKLOAD-R3-1790069031635,3,MIXED_SECURITY_WORKLOAD,3542,19,False,EXP-LOW_TRUST-18,DOOR-SENSOR-001,SMART_DOOR_LOCK,READ,PASS,80.0,14.0,ALLOW,EXECUTED,56.591,66.577,0xeaba8d6960eaa346ffa42d1cc72377e46f44ef2514c1c39f27077ba9edac3609,31863,1641,Allowed by Smart Contract: High behavioral trust (80) and low contextual risk (14).,MIXED,MIXED,True,EXP-LOW_TRUST-18,2026-09-22T14:53:53.678992700
EXP8B-MIXED_SECURITY_WORKLOAD-R3-1790069031635,3,MIXED_SECURITY_WORKLOAD,3542,20,False,EXP-ABAC_FAILURE-19,CAM-001,SECURITY_CAMERA,CONTROL,FAIL,,,DENY,BLOCKED,56.928,66.974,,0,,Access Denied: ABAC eligibility failed - No active policy applies to resource 'SECURITY_CAMERA' and operation 'CONTROL',MIXED,MIXED,True,EXP-ABAC_FAILURE-19,2026-09-22T14:53:53.746375900
EXP8B-MIXED_SECURITY_WORKLOAD-R3-1790069031635,3,MIXED_SECURITY_WORKLOAD,3542,21,False,EXP-ABAC_FAILURE-20,CAM-001,SECURITY_CAMERA,CONTROL,FAIL,,,DENY,BLOCKED,69.0,81.177,,0,,Access Denied: ABAC eligibility failed - No active policy applies to resource 'SECURITY_CAMERA' and operation 'CONTROL',MIXED,MIXED,True,EXP-ABAC_FAILURE-20,2026-09-22T14:53:53.827517900
EXP8B-MIXED_SECURITY_WORKLOAD-R3-1790069031635,3,MIXED_SECURITY_WORKLOAD,3542,22,False,EXP-LOW_TRUST-21,DOOR-SENSOR-001,SMART_DOOR_LOCK,READ,PASS,80.0,14.0,ALLOW,EXECUTED,73.169,86.081,0xebe2a19bc0f6866536bb89d340783ab11b024fe7f354811ed475ea5ff01a9a8b,31863,1642,Allowed by Smart Contract: High behavioral trust (80) and low contextual risk (14).,MIXED,MIXED,True,EXP-LOW_TRUST-21,2026-09-22T14:53:53.913858
EXP8B-MIXED_SECURITY_WORKLOAD-R3-1790069031635,3,MIXED_SECURITY_WORKLOAD,3542,23,False,EXP-NORMAL_ACCESS-22,DOOR-SENSOR-001,SMART_DOOR_LOCK,READ,PASS,80.0,14.0,ALLOW,EXECUTED,70.054,82.416,0x77a24c336a0fc8e046384e6ad3e57661110f00dddeb4c4b6933a8d29efece7ce,31863,1643,Allowed by Smart Contract: High behavioral trust (80) and low contextual risk (14).,MIXED,MIXED,True,EXP-NORMAL_ACCESS-22,2026-09-22T14:53:53.995882700
EXP8B-MIXED_SECURITY_WORKLOAD-R3-1790069031635,3,MIXED_SECURITY_WORKLOAD,3542,24,False,EXP-HIGH_RISK-23,DOOR-SENSOR-001,SMART_DOOR_LOCK,CONTROL,FAIL,,,DENY,BLOCKED,35.438,41.692,,0,,"Access Denied: ABAC eligibility failed - Policy 'Phase7A-DoorLock-CONTROL': Condition failed on 'booking.valid': expected 'true' EQUALS, actual was 'false'",MIXED,MIXED,True,EXP-HIGH_RISK-23,2026-09-22T14:53:54.037992100
EXP8B-MIXED_SECURITY_WORKLOAD-R3-1790069031635,3,MIXED_SECURITY_WORKLOAD,3542,25,False,EXP-ABAC_FAILURE-24,CAM-001,SECURITY_CAMERA,CONTROL,FAIL,,,DENY,BLOCKED,28.881,33.978,,0,,Access Denied: ABAC eligibility failed - No active policy applies to resource 'SECURITY_CAMERA' and operation 'CONTROL',MIXED,MIXED,True,EXP-ABAC_FAILURE-24,2026-09-22T14:53:54.071917
EXP8B-MIXED_SECURITY_WORKLOAD-R3-1790069031635,3,MIXED_SECURITY_WORKLOAD,3542,26,False,EXP-LOW_TRUST-25,DOOR-SENSOR-001,SMART_DOOR_LOCK,READ,PASS,80.0,14.0,ALLOW,EXECUTED,40.631,47.801,0x209e860ae617a5be2a6352ece7357547142d2c21ede23241fee57ed5d2673004,31863,1644,Allowed by Smart Contract: High behavioral trust (80) and low contextual risk (14).,MIXED,MIXED,True,EXP-LOW_TRUST-25,2026-09-22T14:53:54.119981900
EXP8B-MIXED_SECURITY_WORKLOAD-R3-1790069031635,3,MIXED_SECURITY_WORKLOAD,3542,27,False,EXP-LOW_TRUST-26,DOOR-SENSOR-001,SMART_DOOR_LOCK,READ,PASS,80.0,14.0,ALLOW,EXECUTED,42.879,50.446,0xd8cbf4fe0ffb6c7e9e5df17afd7094101198a9dad63bf63aab4d3afd48143844,31863,1645,Allowed by Smart Contract: High behavioral trust (80) and low contextual risk (14).,MIXED,MIXED,True,EXP-LOW_TRUST-26,2026-09-22T14:53:54.170349400
EXP8B-MIXED_SECURITY_WORKLOAD-R3-1790069031635,3,MIXED_SECURITY_WORKLOAD,3542,28,False,EXP-HIGH_RISK-27,DOOR-SENSOR-001,SMART_DOOR_LOCK,CONTROL,FAIL,,,DENY,BLOCKED,28.916,34.019,,0,,"Access Denied: ABAC eligibility failed - Policy 'Phase7A-DoorLock-CONTROL': Condition failed on 'booking.valid': expected 'true' EQUALS, actual was 'false'",MIXED,MIXED,True,EXP-HIGH_RISK-27,2026-09-22T14:53:54.204529600
EXP8B-MIXED_SECURITY_WORKLOAD-R3-1790069031635,3,MIXED_SECURITY_WORKLOAD,3542,29,False,EXP-LOW_TRUST-28,DOOR-SENSOR-001,SMART_DOOR_LOCK,READ,PASS,80.0,14.0,ALLOW,EXECUTED,44.167,51.962,0xdb9406e056e170e4b456015dd6ab65ed4cc83d612cd1ec53b7f517bce2a45b24,31863,1646,Allowed by Smart Contract: High behavioral trust (80) and low contextual risk (14).,MIXED,MIXED,True,EXP-LOW_TRUST-28,2026-09-22T14:53:54.256480100
EXP8B-MIXED_SECURITY_WORKLOAD-R3-1790069031635,3,MIXED_SECURITY_WORKLOAD,3542,30,False,EXP-RESTRICT_ACCESS-29,DOOR-SENSOR-001,SMART_DOOR_LOCK,CONTROL,PASS,80.0,36.3,RESTRICT,DOWNGRADED,41.033,48.274,0x0cbb67e5c699e143e325e1e63a5213905d6abaf5c3cced4e2950ca8bba5fd48c,31863,1647,Restricted by Smart Contract: Adaptive authorization enforced for intermediate trust (80) or moderate risk (36).,MIXED,MIXED,True,EXP-RESTRICT_ACCESS-29,2026-09-22T14:53:54.304552800
EXP8B-BLOCKCHAIN_OUTAGE-R1-1790069034407,1,BLOCKCHAIN_OUTAGE,1642,0,True,EXP-BLOCKCHAIN_OUTAGE-0,DOOR-SENSOR-001,SMART_DOOR_LOCK,READ,PASS,80.0,14.0,DENY,BLOCKED,0.1,0.019,,0,,Access Denied: Blockchain authorization engine unavailable (Fail-Closed Security Enforcement).,DENY,BLOCKED,True,EXP-BLOCKCHAIN_OUTAGE-0,2026-09-22T14:53:54.602917200
EXP8B-BLOCKCHAIN_OUTAGE-R1-1790069034407,1,BLOCKCHAIN_OUTAGE,1642,1,True,EXP-BLOCKCHAIN_OUTAGE-1,DOOR-SENSOR-001,SMART_DOOR_LOCK,READ,PASS,80.0,14.0,DENY,BLOCKED,0.1,0.003,,0,,Access Denied: Blockchain authorization engine unavailable (Fail-Closed Security Enforcement).,DENY,BLOCKED,True,EXP-BLOCKCHAIN_OUTAGE-1,2026-09-22T14:53:54.602917200
EXP8B-BLOCKCHAIN_OUTAGE-R1-1790069034407,1,BLOCKCHAIN_OUTAGE,1642,2,True,EXP-BLOCKCHAIN_OUTAGE-2,DOOR-SENSOR-001,SMART_DOOR_LOCK,READ,PASS,80.0,14.0,DENY,BLOCKED,0.1,0.002,,0,,Access Denied: Blockchain authorization engine unavailable (Fail-Closed Security Enforcement).,DENY,BLOCKED,True,EXP-BLOCKCHAIN_OUTAGE-2,2026-09-22T14:53:54.602917200
EXP8B-BLOCKCHAIN_OUTAGE-R1-1790069034407,1,BLOCKCHAIN_OUTAGE,1642,3,True,EXP-BLOCKCHAIN_OUTAGE-3,DOOR-SENSOR-001,SMART_DOOR_LOCK,READ,PASS,80.0,14.0,DENY,BLOCKED,0.1,0.002,,0,,Access Denied: Blockchain authorization engine unavailable (Fail-Closed Security Enforcement).,DENY,BLOCKED,True,EXP-BLOCKCHAIN_OUTAGE-3,2026-09-22T14:53:54.602917200
EXP8B-BLOCKCHAIN_OUTAGE-R1-1790069034407,1,BLOCKCHAIN_OUTAGE,1642,4,True,EXP-BLOCKCHAIN_OUTAGE-4,DOOR-SENSOR-001,SMART_DOOR_LOCK,READ,PASS,80.0,14.0,DENY,BLOCKED,0.1,0.001,,0,,Access Denied: Blockchain authorization engine unavailable (Fail-Closed Security Enforcement).,DENY,BLOCKED,True,EXP-BLOCKCHAIN_OUTAGE-4,2026-09-22T14:53:54.602917200
EXP8B-BLOCKCHAIN_OUTAGE-R1-1790069034407,1,BLOCKCHAIN_OUTAGE,1642,5,True,EXP-BLOCKCHAIN_OUTAGE-5,DOOR-SENSOR-001,SMART_DOOR_LOCK,READ,PASS,80.0,14.0,DENY,BLOCKED,0.1,0.002,,0,,Access Denied: Blockchain authorization engine unavailable (Fail-Closed Security Enforcement).,DENY,BLOCKED,True,EXP-BLOCKCHAIN_OUTAGE-5,2026-09-22T14:53:54.602917200
EXP8B-BLOCKCHAIN_OUTAGE-R1-1790069034407,1,BLOCKCHAIN_OUTAGE,1642,6,True,EXP-BLOCKCHAIN_OUTAGE-6,DOOR-SENSOR-001,SMART_DOOR_LOCK,READ,PASS,80.0,14.0,DENY,BLOCKED,0.1,0.002,,0,,Access Denied: Blockchain authorization engine unavailable (Fail-Closed Security Enforcement).,DENY,BLOCKED,True,EXP-BLOCKCHAIN_OUTAGE-6,2026-09-22T14:53:54.602917200
EXP8B-BLOCKCHAIN_OUTAGE-R1-1790069034407,1,BLOCKCHAIN_OUTAGE,1642,7,True,EXP-BLOCKCHAIN_OUTAGE-7,DOOR-SENSOR-001,SMART_DOOR_LOCK,READ,PASS,80.0,14.0,DENY,BLOCKED,0.1,0.002,,0,,Access Denied: Blockchain authorization engine unavailable (Fail-Closed Security Enforcement).,DENY,BLOCKED,True,EXP-BLOCKCHAIN_OUTAGE-7,2026-09-22T14:53:54.602917200
EXP8B-BLOCKCHAIN_OUTAGE-R1-1790069034407,1,BLOCKCHAIN_OUTAGE,1642,8,True,EXP-BLOCKCHAIN_OUTAGE-8,DOOR-SENSOR-001,SMART_DOOR_LOCK,READ,PASS,80.0,14.0,DENY,BLOCKED,0.1,0.002,,0,,Access Denied: Blockchain authorization engine unavailable (Fail-Closed Security Enforcement).,DENY,BLOCKED,True,EXP-BLOCKCHAIN_OUTAGE-8,2026-09-22T14:53:54.602917200
EXP8B-BLOCKCHAIN_OUTAGE-R1-1790069034407,1,BLOCKCHAIN_OUTAGE,1642,9,True,EXP-BLOCKCHAIN_OUTAGE-9,DOOR-SENSOR-001,SMART_DOOR_LOCK,READ,PASS,80.0,14.0,DENY,BLOCKED,0.1,0.001,,0,,Access Denied: Blockchain authorization engine unavailable (Fail-Closed Security Enforcement).,DENY,BLOCKED,True,EXP-BLOCKCHAIN_OUTAGE-9,2026-09-22T14:53:54.602917200
EXP8B-BLOCKCHAIN_OUTAGE-R1-1790069034407,1,BLOCKCHAIN_OUTAGE,1642,1,False,EXP-BLOCKCHAIN_OUTAGE-0,DOOR-SENSOR-001,SMART_DOOR_LOCK,READ,PASS,80.0,14.0,DENY,BLOCKED,0.1,0.001,,0,,Access Denied: Blockchain authorization engine unavailable (Fail-Closed Security Enforcement).,DENY,BLOCKED,True,EXP-BLOCKCHAIN_OUTAGE-0,2026-09-22T14:53:54.602917200
EXP8B-BLOCKCHAIN_OUTAGE-R1-1790069034407,1,BLOCKCHAIN_OUTAGE,1642,2,False,EXP-BLOCKCHAIN_OUTAGE-1,DOOR-SENSOR-001,SMART_DOOR_LOCK,READ,PASS,80.0,14.0,DENY,BLOCKED,0.1,0.002,,0,,Access Denied: Blockchain authorization engine unavailable (Fail-Closed Security Enforcement).,DENY,BLOCKED,True,EXP-BLOCKCHAIN_OUTAGE-1,2026-09-22T14:53:54.602917200
EXP8B-BLOCKCHAIN_OUTAGE-R1-1790069034407,1,BLOCKCHAIN_OUTAGE,1642,3,False,EXP-BLOCKCHAIN_OUTAGE-2,DOOR-SENSOR-001,SMART_DOOR_LOCK,READ,PASS,80.0,14.0,DENY,BLOCKED,0.1,0.001,,0,,Access Denied: Blockchain authorization engine unavailable (Fail-Closed Security Enforcement).,DENY,BLOCKED,True,EXP-BLOCKCHAIN_OUTAGE-2,2026-09-22T14:53:54.602917200
EXP8B-BLOCKCHAIN_OUTAGE-R1-1790069034407,1,BLOCKCHAIN_OUTAGE,1642,4,False,EXP-BLOCKCHAIN_OUTAGE-3,DOOR-SENSOR-001,SMART_DOOR_LOCK,READ,PASS,80.0,14.0,DENY,BLOCKED,0.1,0.001,,0,,Access Denied: Blockchain authorization engine unavailable (Fail-Closed Security Enforcement).,DENY,BLOCKED,True,EXP-BLOCKCHAIN_OUTAGE-3,2026-09-22T14:53:54.602917200
EXP8B-BLOCKCHAIN_OUTAGE-R1-1790069034407,1,BLOCKCHAIN_OUTAGE,1642,5,False,EXP-BLOCKCHAIN_OUTAGE-4,DOOR-SENSOR-001,SMART_DOOR_LOCK,READ,PASS,80.0,14.0,DENY,BLOCKED,0.1,0.001,,0,,Access Denied: Blockchain authorization engine unavailable (Fail-Closed Security Enforcement).,DENY,BLOCKED,True,EXP-BLOCKCHAIN_OUTAGE-4,2026-09-22T14:53:54.602917200
EXP8B-BLOCKCHAIN_OUTAGE-R1-1790069034407,1,BLOCKCHAIN_OUTAGE,1642,6,False,EXP-BLOCKCHAIN_OUTAGE-5,DOOR-SENSOR-001,SMART_DOOR_LOCK,READ,PASS,80.0,14.0,DENY,BLOCKED,0.1,0.001,,0,,Access Denied: Blockchain authorization engine unavailable (Fail-Closed Security Enforcement).,DENY,BLOCKED,True,EXP-BLOCKCHAIN_OUTAGE-5,2026-09-22T14:53:54.602917200
EXP8B-BLOCKCHAIN_OUTAGE-R1-1790069034407,1,BLOCKCHAIN_OUTAGE,1642,7,False,EXP-BLOCKCHAIN_OUTAGE-6,DOOR-SENSOR-001,SMART_DOOR_LOCK,READ,PASS,80.0,14.0,DENY,BLOCKED,0.1,0.001,,0,,Access Denied: Blockchain authorization engine unavailable (Fail-Closed Security Enforcement).,DENY,BLOCKED,True,EXP-BLOCKCHAIN_OUTAGE-6,2026-09-22T14:53:54.602917200
EXP8B-BLOCKCHAIN_OUTAGE-R1-1790069034407,1,BLOCKCHAIN_OUTAGE,1642,8,False,EXP-BLOCKCHAIN_OUTAGE-7,DOOR-SENSOR-001,SMART_DOOR_LOCK,READ,PASS,80.0,14.0,DENY,BLOCKED,0.1,0.001,,0,,Access Denied: Blockchain authorization engine unavailable (Fail-Closed Security Enforcement).,DENY,BLOCKED,True,EXP-BLOCKCHAIN_OUTAGE-7,2026-09-22T14:53:54.602917200
EXP8B-BLOCKCHAIN_OUTAGE-R1-1790069034407,1,BLOCKCHAIN_OUTAGE,1642,9,False,EXP-BLOCKCHAIN_OUTAGE-8,DOOR-SENSOR-001,SMART_DOOR_LOCK,READ,PASS,80.0,14.0,DENY,BLOCKED,0.1,0.001,,0,,Access Denied: Blockchain authorization engine unavailable (Fail-Closed Security Enforcement).,DENY,BLOCKED,True,EXP-BLOCKCHAIN_OUTAGE-8,2026-09-22T14:53:54.602917200
EXP8B-BLOCKCHAIN_OUTAGE-R1-1790069034407,1,BLOCKCHAIN_OUTAGE,1642,10,False,EXP-BLOCKCHAIN_OUTAGE-9,DOOR-SENSOR-001,SMART_DOOR_LOCK,READ,PASS,80.0,14.0,DENY,BLOCKED,0.1,0.001,,0,,Access Denied: Blockchain authorization engine unavailable (Fail-Closed Security Enforcement).,DENY,BLOCKED,True,EXP-BLOCKCHAIN_OUTAGE-9,2026-09-22T14:53:54.602917200
EXP8B-BLOCKCHAIN_OUTAGE-R1-1790069034407,1,BLOCKCHAIN_OUTAGE,1642,11,False,EXP-BLOCKCHAIN_OUTAGE-10,DOOR-SENSOR-001,SMART_DOOR_LOCK,READ,PASS,80.0,14.0,DENY,BLOCKED,0.1,0.001,,0,,Access Denied: Blockchain authorization engine unavailable (Fail-Closed Security Enforcement).,DENY,BLOCKED,True,EXP-BLOCKCHAIN_OUTAGE-10,2026-09-22T14:53:54.602917200
EXP8B-BLOCKCHAIN_OUTAGE-R1-1790069034407,1,BLOCKCHAIN_OUTAGE,1642,12,False,EXP-BLOCKCHAIN_OUTAGE-11,DOOR-SENSOR-001,SMART_DOOR_LOCK,READ,PASS,80.0,14.0,DENY,BLOCKED,0.1,0.001,,0,,Access Denied: Blockchain authorization engine unavailable (Fail-Closed Security Enforcement).,DENY,BLOCKED,True,EXP-BLOCKCHAIN_OUTAGE-11,2026-09-22T14:53:54.602917200
EXP8B-BLOCKCHAIN_OUTAGE-R1-1790069034407,1,BLOCKCHAIN_OUTAGE,1642,13,False,EXP-BLOCKCHAIN_OUTAGE-12,DOOR-SENSOR-001,SMART_DOOR_LOCK,READ,PASS,80.0,14.0,DENY,BLOCKED,0.1,0.025,,0,,Access Denied: Blockchain authorization engine unavailable (Fail-Closed Security Enforcement).,DENY,BLOCKED,True,EXP-BLOCKCHAIN_OUTAGE-12,2026-09-22T14:53:54.602917200
EXP8B-BLOCKCHAIN_OUTAGE-R1-1790069034407,1,BLOCKCHAIN_OUTAGE,1642,14,False,EXP-BLOCKCHAIN_OUTAGE-13,DOOR-SENSOR-001,SMART_DOOR_LOCK,READ,PASS,80.0,14.0,DENY,BLOCKED,0.1,0.021,,0,,Access Denied: Blockchain authorization engine unavailable (Fail-Closed Security Enforcement).,DENY,BLOCKED,True,EXP-BLOCKCHAIN_OUTAGE-13,2026-09-22T14:53:54.602917200
EXP8B-BLOCKCHAIN_OUTAGE-R1-1790069034407,1,BLOCKCHAIN_OUTAGE,1642,15,False,EXP-BLOCKCHAIN_OUTAGE-14,DOOR-SENSOR-001,SMART_DOOR_LOCK,READ,PASS,80.0,14.0,DENY,BLOCKED,0.1,0.001,,0,,Access Denied: Blockchain authorization engine unavailable (Fail-Closed Security Enforcement).,DENY,BLOCKED,True,EXP-BLOCKCHAIN_OUTAGE-14,2026-09-22T14:53:54.602917200
EXP8B-BLOCKCHAIN_OUTAGE-R1-1790069034407,1,BLOCKCHAIN_OUTAGE,1642,16,False,EXP-BLOCKCHAIN_OUTAGE-15,DOOR-SENSOR-001,SMART_DOOR_LOCK,READ,PASS,80.0,14.0,DENY,BLOCKED,0.1,0.001,,0,,Access Denied: Blockchain authorization engine unavailable (Fail-Closed Security Enforcement).,DENY,BLOCKED,True,EXP-BLOCKCHAIN_OUTAGE-15,2026-09-22T14:53:54.602917200
EXP8B-BLOCKCHAIN_OUTAGE-R1-1790069034407,1,BLOCKCHAIN_OUTAGE,1642,17,False,EXP-BLOCKCHAIN_OUTAGE-16,DOOR-SENSOR-001,SMART_DOOR_LOCK,READ,PASS,80.0,14.0,DENY,BLOCKED,0.1,0.001,,0,,Access Denied: Blockchain authorization engine unavailable (Fail-Closed Security Enforcement).,DENY,BLOCKED,True,EXP-BLOCKCHAIN_OUTAGE-16,2026-09-22T14:53:54.602917200
EXP8B-BLOCKCHAIN_OUTAGE-R1-1790069034407,1,BLOCKCHAIN_OUTAGE,1642,18,False,EXP-BLOCKCHAIN_OUTAGE-17,DOOR-SENSOR-001,SMART_DOOR_LOCK,READ,PASS,80.0,14.0,DENY,BLOCKED,0.1,0.002,,0,,Access Denied: Blockchain authorization engine unavailable (Fail-Closed Security Enforcement).,DENY,BLOCKED,True,EXP-BLOCKCHAIN_OUTAGE-17,2026-09-22T14:53:54.602917200
EXP8B-BLOCKCHAIN_OUTAGE-R1-1790069034407,1,BLOCKCHAIN_OUTAGE,1642,19,False,EXP-BLOCKCHAIN_OUTAGE-18,DOOR-SENSOR-001,SMART_DOOR_LOCK,READ,PASS,80.0,14.0,DENY,BLOCKED,0.1,0.007,,0,,Access Denied: Blockchain authorization engine unavailable (Fail-Closed Security Enforcement).,DENY,BLOCKED,True,EXP-BLOCKCHAIN_OUTAGE-18,2026-09-22T14:53:54.602917200
EXP8B-BLOCKCHAIN_OUTAGE-R1-1790069034407,1,BLOCKCHAIN_OUTAGE,1642,20,False,EXP-BLOCKCHAIN_OUTAGE-19,DOOR-SENSOR-001,SMART_DOOR_LOCK,READ,PASS,80.0,14.0,DENY,BLOCKED,0.1,0.002,,0,,Access Denied: Blockchain authorization engine unavailable (Fail-Closed Security Enforcement).,DENY,BLOCKED,True,EXP-BLOCKCHAIN_OUTAGE-19,2026-09-22T14:53:54.602917200
EXP8B-BLOCKCHAIN_OUTAGE-R1-1790069034407,1,BLOCKCHAIN_OUTAGE,1642,21,False,EXP-BLOCKCHAIN_OUTAGE-20,DOOR-SENSOR-001,SMART_DOOR_LOCK,READ,PASS,80.0,14.0,DENY,BLOCKED,0.1,0.001,,0,,Access Denied: Blockchain authorization engine unavailable (Fail-Closed Security Enforcement).,DENY,BLOCKED,True,EXP-BLOCKCHAIN_OUTAGE-20,2026-09-22T14:53:54.602917200
EXP8B-BLOCKCHAIN_OUTAGE-R1-1790069034407,1,BLOCKCHAIN_OUTAGE,1642,22,False,EXP-BLOCKCHAIN_OUTAGE-21,DOOR-SENSOR-001,SMART_DOOR_LOCK,READ,PASS,80.0,14.0,DENY,BLOCKED,0.1,0.001,,0,,Access Denied: Blockchain authorization engine unavailable (Fail-Closed Security Enforcement).,DENY,BLOCKED,True,EXP-BLOCKCHAIN_OUTAGE-21,2026-09-22T14:53:54.602917200
EXP8B-BLOCKCHAIN_OUTAGE-R1-1790069034407,1,BLOCKCHAIN_OUTAGE,1642,23,False,EXP-BLOCKCHAIN_OUTAGE-22,DOOR-SENSOR-001,SMART_DOOR_LOCK,READ,PASS,80.0,14.0,DENY,BLOCKED,0.1,0.001,,0,,Access Denied: Blockchain authorization engine unavailable (Fail-Closed Security Enforcement).,DENY,BLOCKED,True,EXP-BLOCKCHAIN_OUTAGE-22,2026-09-22T14:53:54.602917200
EXP8B-BLOCKCHAIN_OUTAGE-R1-1790069034407,1,BLOCKCHAIN_OUTAGE,1642,24,False,EXP-BLOCKCHAIN_OUTAGE-23,DOOR-SENSOR-001,SMART_DOOR_LOCK,READ,PASS,80.0,14.0,DENY,BLOCKED,0.1,0.001,,0,,Access Denied: Blockchain authorization engine unavailable (Fail-Closed Security Enforcement).,DENY,BLOCKED,True,EXP-BLOCKCHAIN_OUTAGE-23,2026-09-22T14:53:54.602917200
EXP8B-BLOCKCHAIN_OUTAGE-R1-1790069034407,1,BLOCKCHAIN_OUTAGE,1642,25,False,EXP-BLOCKCHAIN_OUTAGE-24,DOOR-SENSOR-001,SMART_DOOR_LOCK,READ,PASS,80.0,14.0,DENY,BLOCKED,0.1,0.001,,0,,Access Denied: Blockchain authorization engine unavailable (Fail-Closed Security Enforcement).,DENY,BLOCKED,True,EXP-BLOCKCHAIN_OUTAGE-24,2026-09-22T14:53:54.602917200
EXP8B-BLOCKCHAIN_OUTAGE-R1-1790069034407,1,BLOCKCHAIN_OUTAGE,1642,26,False,EXP-BLOCKCHAIN_OUTAGE-25,DOOR-SENSOR-001,SMART_DOOR_LOCK,READ,PASS,80.0,14.0,DENY,BLOCKED,0.1,0.001,,0,,Access Denied: Blockchain authorization engine unavailable (Fail-Closed Security Enforcement).,DENY,BLOCKED,True,EXP-BLOCKCHAIN_OUTAGE-25,2026-09-22T14:53:54.602917200
EXP8B-BLOCKCHAIN_OUTAGE-R1-1790069034407,1,BLOCKCHAIN_OUTAGE,1642,27,False,EXP-BLOCKCHAIN_OUTAGE-26,DOOR-SENSOR-001,SMART_DOOR_LOCK,READ,PASS,80.0,14.0,DENY,BLOCKED,0.1,0.001,,0,,Access Denied: Blockchain authorization engine unavailable (Fail-Closed Security Enforcement).,DENY,BLOCKED,True,EXP-BLOCKCHAIN_OUTAGE-26,2026-09-22T14:53:54.602917200
EXP8B-BLOCKCHAIN_OUTAGE-R1-1790069034407,1,BLOCKCHAIN_OUTAGE,1642,28,False,EXP-BLOCKCHAIN_OUTAGE-27,DOOR-SENSOR-001,SMART_DOOR_LOCK,READ,PASS,80.0,14.0,DENY,BLOCKED,0.1,0.001,,0,,Access Denied: Blockchain authorization engine unavailable (Fail-Closed Security Enforcement).,DENY,BLOCKED,True,EXP-BLOCKCHAIN_OUTAGE-27,2026-09-22T14:53:54.602917200
EXP8B-BLOCKCHAIN_OUTAGE-R1-1790069034407,1,BLOCKCHAIN_OUTAGE,1642,29,False,EXP-BLOCKCHAIN_OUTAGE-28,DOOR-SENSOR-001,SMART_DOOR_LOCK,READ,PASS,80.0,14.0,DENY,BLOCKED,0.1,0.001,,0,,Access Denied: Blockchain authorization engine unavailable (Fail-Closed Security Enforcement).,DENY,BLOCKED,True,EXP-BLOCKCHAIN_OUTAGE-28,2026-09-22T14:53:54.602917200
EXP8B-BLOCKCHAIN_OUTAGE-R1-1790069034407,1,BLOCKCHAIN_OUTAGE,1642,30,False,EXP-BLOCKCHAIN_OUTAGE-29,DOOR-SENSOR-001,SMART_DOOR_LOCK,READ,PASS,80.0,14.0,DENY,BLOCKED,0.1,0.001,,0,,Access Denied: Blockchain authorization engine unavailable (Fail-Closed Security Enforcement).,DENY,BLOCKED,True,EXP-BLOCKCHAIN_OUTAGE-29,2026-09-22T14:53:54.602917200
EXP8B-BLOCKCHAIN_OUTAGE-R2-1790069034655,2,BLOCKCHAIN_OUTAGE,2642,0,True,EXP-BLOCKCHAIN_OUTAGE-0,DOOR-SENSOR-001,SMART_DOOR_LOCK,READ,PASS,80.0,14.0,DENY,BLOCKED,0.1,0.083,,0,,Access Denied: Blockchain authorization engine unavailable (Fail-Closed Security Enforcement).,DENY,BLOCKED,True,EXP-BLOCKCHAIN_OUTAGE-0,2026-09-22T14:53:54.828593900
EXP8B-BLOCKCHAIN_OUTAGE-R2-1790069034655,2,BLOCKCHAIN_OUTAGE,2642,1,True,EXP-BLOCKCHAIN_OUTAGE-1,DOOR-SENSOR-001,SMART_DOOR_LOCK,READ,PASS,80.0,14.0,DENY,BLOCKED,0.1,0.016,,0,,Access Denied: Blockchain authorization engine unavailable (Fail-Closed Security Enforcement).,DENY,BLOCKED,True,EXP-BLOCKCHAIN_OUTAGE-1,2026-09-22T14:53:54.828593900
EXP8B-BLOCKCHAIN_OUTAGE-R2-1790069034655,2,BLOCKCHAIN_OUTAGE,2642,2,True,EXP-BLOCKCHAIN_OUTAGE-2,DOOR-SENSOR-001,SMART_DOOR_LOCK,READ,PASS,80.0,14.0,DENY,BLOCKED,0.1,0.004,,0,,Access Denied: Blockchain authorization engine unavailable (Fail-Closed Security Enforcement).,DENY,BLOCKED,True,EXP-BLOCKCHAIN_OUTAGE-2,2026-09-22T14:53:54.828593900
EXP8B-BLOCKCHAIN_OUTAGE-R2-1790069034655,2,BLOCKCHAIN_OUTAGE,2642,3,True,EXP-BLOCKCHAIN_OUTAGE-3,DOOR-SENSOR-001,SMART_DOOR_LOCK,READ,PASS,80.0,14.0,DENY,BLOCKED,0.1,0.003,,0,,Access Denied: Blockchain authorization engine unavailable (Fail-Closed Security Enforcement).,DENY,BLOCKED,True,EXP-BLOCKCHAIN_OUTAGE-3,2026-09-22T14:53:54.828593900
EXP8B-BLOCKCHAIN_OUTAGE-R2-1790069034655,2,BLOCKCHAIN_OUTAGE,2642,4,True,EXP-BLOCKCHAIN_OUTAGE-4,DOOR-SENSOR-001,SMART_DOOR_LOCK,READ,PASS,80.0,14.0,DENY,BLOCKED,0.1,0.003,,0,,Access Denied: Blockchain authorization engine unavailable (Fail-Closed Security Enforcement).,DENY,BLOCKED,True,EXP-BLOCKCHAIN_OUTAGE-4,2026-09-22T14:53:54.828593900
EXP8B-BLOCKCHAIN_OUTAGE-R2-1790069034655,2,BLOCKCHAIN_OUTAGE,2642,5,True,EXP-BLOCKCHAIN_OUTAGE-5,DOOR-SENSOR-001,SMART_DOOR_LOCK,READ,PASS,80.0,14.0,DENY,BLOCKED,0.1,0.003,,0,,Access Denied: Blockchain authorization engine unavailable (Fail-Closed Security Enforcement).,DENY,BLOCKED,True,EXP-BLOCKCHAIN_OUTAGE-5,2026-09-22T14:53:54.828593900
EXP8B-BLOCKCHAIN_OUTAGE-R2-1790069034655,2,BLOCKCHAIN_OUTAGE,2642,6,True,EXP-BLOCKCHAIN_OUTAGE-6,DOOR-SENSOR-001,SMART_DOOR_LOCK,READ,PASS,80.0,14.0,DENY,BLOCKED,0.1,0.003,,0,,Access Denied: Blockchain authorization engine unavailable (Fail-Closed Security Enforcement).,DENY,BLOCKED,True,EXP-BLOCKCHAIN_OUTAGE-6,2026-09-22T14:53:54.828593900
EXP8B-BLOCKCHAIN_OUTAGE-R2-1790069034655,2,BLOCKCHAIN_OUTAGE,2642,7,True,EXP-BLOCKCHAIN_OUTAGE-7,DOOR-SENSOR-001,SMART_DOOR_LOCK,READ,PASS,80.0,14.0,DENY,BLOCKED,0.1,0.003,,0,,Access Denied: Blockchain authorization engine unavailable (Fail-Closed Security Enforcement).,DENY,BLOCKED,True,EXP-BLOCKCHAIN_OUTAGE-7,2026-09-22T14:53:54.828593900
EXP8B-BLOCKCHAIN_OUTAGE-R2-1790069034655,2,BLOCKCHAIN_OUTAGE,2642,8,True,EXP-BLOCKCHAIN_OUTAGE-8,DOOR-SENSOR-001,SMART_DOOR_LOCK,READ,PASS,80.0,14.0,DENY,BLOCKED,0.1,0.003,,0,,Access Denied: Blockchain authorization engine unavailable (Fail-Closed Security Enforcement).,DENY,BLOCKED,True,EXP-BLOCKCHAIN_OUTAGE-8,2026-09-22T14:53:54.828593900
EXP8B-BLOCKCHAIN_OUTAGE-R2-1790069034655,2,BLOCKCHAIN_OUTAGE,2642,9,True,EXP-BLOCKCHAIN_OUTAGE-9,DOOR-SENSOR-001,SMART_DOOR_LOCK,READ,PASS,80.0,14.0,DENY,BLOCKED,0.1,0.003,,0,,Access Denied: Blockchain authorization engine unavailable (Fail-Closed Security Enforcement).,DENY,BLOCKED,True,EXP-BLOCKCHAIN_OUTAGE-9,2026-09-22T14:53:54.828593900
EXP8B-BLOCKCHAIN_OUTAGE-R2-1790069034655,2,BLOCKCHAIN_OUTAGE,2642,1,False,EXP-BLOCKCHAIN_OUTAGE-0,DOOR-SENSOR-001,SMART_DOOR_LOCK,READ,PASS,80.0,14.0,DENY,BLOCKED,0.1,0.004,,0,,Access Denied: Blockchain authorization engine unavailable (Fail-Closed Security Enforcement).,DENY,BLOCKED,True,EXP-BLOCKCHAIN_OUTAGE-0,2026-09-22T14:53:54.828593900
EXP8B-BLOCKCHAIN_OUTAGE-R2-1790069034655,2,BLOCKCHAIN_OUTAGE,2642,2,False,EXP-BLOCKCHAIN_OUTAGE-1,DOOR-SENSOR-001,SMART_DOOR_LOCK,READ,PASS,80.0,14.0,DENY,BLOCKED,0.1,0.003,,0,,Access Denied: Blockchain authorization engine unavailable (Fail-Closed Security Enforcement).,DENY,BLOCKED,True,EXP-BLOCKCHAIN_OUTAGE-1,2026-09-22T14:53:54.828593900
EXP8B-BLOCKCHAIN_OUTAGE-R2-1790069034655,2,BLOCKCHAIN_OUTAGE,2642,3,False,EXP-BLOCKCHAIN_OUTAGE-2,DOOR-SENSOR-001,SMART_DOOR_LOCK,READ,PASS,80.0,14.0,DENY,BLOCKED,0.1,0.003,,0,,Access Denied: Blockchain authorization engine unavailable (Fail-Closed Security Enforcement).,DENY,BLOCKED,True,EXP-BLOCKCHAIN_OUTAGE-2,2026-09-22T14:53:54.828593900
EXP8B-BLOCKCHAIN_OUTAGE-R2-1790069034655,2,BLOCKCHAIN_OUTAGE,2642,4,False,EXP-BLOCKCHAIN_OUTAGE-3,DOOR-SENSOR-001,SMART_DOOR_LOCK,READ,PASS,80.0,14.0,DENY,BLOCKED,0.1,0.003,,0,,Access Denied: Blockchain authorization engine unavailable (Fail-Closed Security Enforcement).,DENY,BLOCKED,True,EXP-BLOCKCHAIN_OUTAGE-3,2026-09-22T14:53:54.828593900
EXP8B-BLOCKCHAIN_OUTAGE-R2-1790069034655,2,BLOCKCHAIN_OUTAGE,2642,5,False,EXP-BLOCKCHAIN_OUTAGE-4,DOOR-SENSOR-001,SMART_DOOR_LOCK,READ,PASS,80.0,14.0,DENY,BLOCKED,0.1,0.003,,0,,Access Denied: Blockchain authorization engine unavailable (Fail-Closed Security Enforcement).,DENY,BLOCKED,True,EXP-BLOCKCHAIN_OUTAGE-4,2026-09-22T14:53:54.828593900
EXP8B-BLOCKCHAIN_OUTAGE-R2-1790069034655,2,BLOCKCHAIN_OUTAGE,2642,6,False,EXP-BLOCKCHAIN_OUTAGE-5,DOOR-SENSOR-001,SMART_DOOR_LOCK,READ,PASS,80.0,14.0,DENY,BLOCKED,0.1,0.003,,0,,Access Denied: Blockchain authorization engine unavailable (Fail-Closed Security Enforcement).,DENY,BLOCKED,True,EXP-BLOCKCHAIN_OUTAGE-5,2026-09-22T14:53:54.828593900
EXP8B-BLOCKCHAIN_OUTAGE-R2-1790069034655,2,BLOCKCHAIN_OUTAGE,2642,7,False,EXP-BLOCKCHAIN_OUTAGE-6,DOOR-SENSOR-001,SMART_DOOR_LOCK,READ,PASS,80.0,14.0,DENY,BLOCKED,0.1,0.003,,0,,Access Denied: Blockchain authorization engine unavailable (Fail-Closed Security Enforcement).,DENY,BLOCKED,True,EXP-BLOCKCHAIN_OUTAGE-6,2026-09-22T14:53:54.828593900
EXP8B-BLOCKCHAIN_OUTAGE-R2-1790069034655,2,BLOCKCHAIN_OUTAGE,2642,8,False,EXP-BLOCKCHAIN_OUTAGE-7,DOOR-SENSOR-001,SMART_DOOR_LOCK,READ,PASS,80.0,14.0,DENY,BLOCKED,0.1,0.003,,0,,Access Denied: Blockchain authorization engine unavailable (Fail-Closed Security Enforcement).,DENY,BLOCKED,True,EXP-BLOCKCHAIN_OUTAGE-7,2026-09-22T14:53:54.828593900
EXP8B-BLOCKCHAIN_OUTAGE-R2-1790069034655,2,BLOCKCHAIN_OUTAGE,2642,9,False,EXP-BLOCKCHAIN_OUTAGE-8,DOOR-SENSOR-001,SMART_DOOR_LOCK,READ,PASS,80.0,14.0,DENY,BLOCKED,0.1,0.003,,0,,Access Denied: Blockchain authorization engine unavailable (Fail-Closed Security Enforcement).,DENY,BLOCKED,True,EXP-BLOCKCHAIN_OUTAGE-8,2026-09-22T14:53:54.828593900
EXP8B-BLOCKCHAIN_OUTAGE-R2-1790069034655,2,BLOCKCHAIN_OUTAGE,2642,10,False,EXP-BLOCKCHAIN_OUTAGE-9,DOOR-SENSOR-001,SMART_DOOR_LOCK,READ,PASS,80.0,14.0,DENY,BLOCKED,0.1,0.003,,0,,Access Denied: Blockchain authorization engine unavailable (Fail-Closed Security Enforcement).,DENY,BLOCKED,True,EXP-BLOCKCHAIN_OUTAGE-9,2026-09-22T14:53:54.828593900
EXP8B-BLOCKCHAIN_OUTAGE-R2-1790069034655,2,BLOCKCHAIN_OUTAGE,2642,11,False,EXP-BLOCKCHAIN_OUTAGE-10,DOOR-SENSOR-001,SMART_DOOR_LOCK,READ,PASS,80.0,14.0,DENY,BLOCKED,0.1,0.003,,0,,Access Denied: Blockchain authorization engine unavailable (Fail-Closed Security Enforcement).,DENY,BLOCKED,True,EXP-BLOCKCHAIN_OUTAGE-10,2026-09-22T14:53:54.828593900
EXP8B-BLOCKCHAIN_OUTAGE-R2-1790069034655,2,BLOCKCHAIN_OUTAGE,2642,12,False,EXP-BLOCKCHAIN_OUTAGE-11,DOOR-SENSOR-001,SMART_DOOR_LOCK,READ,PASS,80.0,14.0,DENY,BLOCKED,0.1,0.003,,0,,Access Denied: Blockchain authorization engine unavailable (Fail-Closed Security Enforcement).,DENY,BLOCKED,True,EXP-BLOCKCHAIN_OUTAGE-11,2026-09-22T14:53:54.828593900
EXP8B-BLOCKCHAIN_OUTAGE-R2-1790069034655,2,BLOCKCHAIN_OUTAGE,2642,13,False,EXP-BLOCKCHAIN_OUTAGE-12,DOOR-SENSOR-001,SMART_DOOR_LOCK,READ,PASS,80.0,14.0,DENY,BLOCKED,0.1,0.003,,0,,Access Denied: Blockchain authorization engine unavailable (Fail-Closed Security Enforcement).,DENY,BLOCKED,True,EXP-BLOCKCHAIN_OUTAGE-12,2026-09-22T14:53:54.828593900
EXP8B-BLOCKCHAIN_OUTAGE-R2-1790069034655,2,BLOCKCHAIN_OUTAGE,2642,14,False,EXP-BLOCKCHAIN_OUTAGE-13,DOOR-SENSOR-001,SMART_DOOR_LOCK,READ,PASS,80.0,14.0,DENY,BLOCKED,0.1,0.003,,0,,Access Denied: Blockchain authorization engine unavailable (Fail-Closed Security Enforcement).,DENY,BLOCKED,True,EXP-BLOCKCHAIN_OUTAGE-13,2026-09-22T14:53:54.828593900
EXP8B-BLOCKCHAIN_OUTAGE-R2-1790069034655,2,BLOCKCHAIN_OUTAGE,2642,15,False,EXP-BLOCKCHAIN_OUTAGE-14,DOOR-SENSOR-001,SMART_DOOR_LOCK,READ,PASS,80.0,14.0,DENY,BLOCKED,0.1,0.003,,0,,Access Denied: Blockchain authorization engine unavailable (Fail-Closed Security Enforcement).,DENY,BLOCKED,True,EXP-BLOCKCHAIN_OUTAGE-14,2026-09-22T14:53:54.828593900
EXP8B-BLOCKCHAIN_OUTAGE-R2-1790069034655,2,BLOCKCHAIN_OUTAGE,2642,16,False,EXP-BLOCKCHAIN_OUTAGE-15,DOOR-SENSOR-001,SMART_DOOR_LOCK,READ,PASS,80.0,14.0,DENY,BLOCKED,0.1,0.003,,0,,Access Denied: Blockchain authorization engine unavailable (Fail-Closed Security Enforcement).,DENY,BLOCKED,True,EXP-BLOCKCHAIN_OUTAGE-15,2026-09-22T14:53:54.828593900
EXP8B-BLOCKCHAIN_OUTAGE-R2-1790069034655,2,BLOCKCHAIN_OUTAGE,2642,17,False,EXP-BLOCKCHAIN_OUTAGE-16,DOOR-SENSOR-001,SMART_DOOR_LOCK,READ,PASS,80.0,14.0,DENY,BLOCKED,0.1,0.003,,0,,Access Denied: Blockchain authorization engine unavailable (Fail-Closed Security Enforcement).,DENY,BLOCKED,True,EXP-BLOCKCHAIN_OUTAGE-16,2026-09-22T14:53:54.828593900
EXP8B-BLOCKCHAIN_OUTAGE-R2-1790069034655,2,BLOCKCHAIN_OUTAGE,2642,18,False,EXP-BLOCKCHAIN_OUTAGE-17,DOOR-SENSOR-001,SMART_DOOR_LOCK,READ,PASS,80.0,14.0,DENY,BLOCKED,0.1,0.003,,0,,Access Denied: Blockchain authorization engine unavailable (Fail-Closed Security Enforcement).,DENY,BLOCKED,True,EXP-BLOCKCHAIN_OUTAGE-17,2026-09-22T14:53:54.828593900
EXP8B-BLOCKCHAIN_OUTAGE-R2-1790069034655,2,BLOCKCHAIN_OUTAGE,2642,19,False,EXP-BLOCKCHAIN_OUTAGE-18,DOOR-SENSOR-001,SMART_DOOR_LOCK,READ,PASS,80.0,14.0,DENY,BLOCKED,0.1,0.003,,0,,Access Denied: Blockchain authorization engine unavailable (Fail-Closed Security Enforcement).,DENY,BLOCKED,True,EXP-BLOCKCHAIN_OUTAGE-18,2026-09-22T14:53:54.828593900
EXP8B-BLOCKCHAIN_OUTAGE-R2-1790069034655,2,BLOCKCHAIN_OUTAGE,2642,20,False,EXP-BLOCKCHAIN_OUTAGE-19,DOOR-SENSOR-001,SMART_DOOR_LOCK,READ,PASS,80.0,14.0,DENY,BLOCKED,0.1,0.003,,0,,Access Denied: Blockchain authorization engine unavailable (Fail-Closed Security Enforcement).,DENY,BLOCKED,True,EXP-BLOCKCHAIN_OUTAGE-19,2026-09-22T14:53:54.828593900
EXP8B-BLOCKCHAIN_OUTAGE-R2-1790069034655,2,BLOCKCHAIN_OUTAGE,2642,21,False,EXP-BLOCKCHAIN_OUTAGE-20,DOOR-SENSOR-001,SMART_DOOR_LOCK,READ,PASS,80.0,14.0,DENY,BLOCKED,0.1,0.003,,0,,Access Denied: Blockchain authorization engine unavailable (Fail-Closed Security Enforcement).,DENY,BLOCKED,True,EXP-BLOCKCHAIN_OUTAGE-20,2026-09-22T14:53:54.828593900
EXP8B-BLOCKCHAIN_OUTAGE-R2-1790069034655,2,BLOCKCHAIN_OUTAGE,2642,22,False,EXP-BLOCKCHAIN_OUTAGE-21,DOOR-SENSOR-001,SMART_DOOR_LOCK,READ,PASS,80.0,14.0,DENY,BLOCKED,0.1,0.003,,0,,Access Denied: Blockchain authorization engine unavailable (Fail-Closed Security Enforcement).,DENY,BLOCKED,True,EXP-BLOCKCHAIN_OUTAGE-21,2026-09-22T14:53:54.828593900
EXP8B-BLOCKCHAIN_OUTAGE-R2-1790069034655,2,BLOCKCHAIN_OUTAGE,2642,23,False,EXP-BLOCKCHAIN_OUTAGE-22,DOOR-SENSOR-001,SMART_DOOR_LOCK,READ,PASS,80.0,14.0,DENY,BLOCKED,0.1,0.003,,0,,Access Denied: Blockchain authorization engine unavailable (Fail-Closed Security Enforcement).,DENY,BLOCKED,True,EXP-BLOCKCHAIN_OUTAGE-22,2026-09-22T14:53:54.828593900
EXP8B-BLOCKCHAIN_OUTAGE-R2-1790069034655,2,BLOCKCHAIN_OUTAGE,2642,24,False,EXP-BLOCKCHAIN_OUTAGE-23,DOOR-SENSOR-001,SMART_DOOR_LOCK,READ,PASS,80.0,14.0,DENY,BLOCKED,0.1,0.003,,0,,Access Denied: Blockchain authorization engine unavailable (Fail-Closed Security Enforcement).,DENY,BLOCKED,True,EXP-BLOCKCHAIN_OUTAGE-23,2026-09-22T14:53:54.828593900
EXP8B-BLOCKCHAIN_OUTAGE-R2-1790069034655,2,BLOCKCHAIN_OUTAGE,2642,25,False,EXP-BLOCKCHAIN_OUTAGE-24,DOOR-SENSOR-001,SMART_DOOR_LOCK,READ,PASS,80.0,14.0,DENY,BLOCKED,0.1,0.003,,0,,Access Denied: Blockchain authorization engine unavailable (Fail-Closed Security Enforcement).,DENY,BLOCKED,True,EXP-BLOCKCHAIN_OUTAGE-24,2026-09-22T14:53:54.829124400
EXP8B-BLOCKCHAIN_OUTAGE-R2-1790069034655,2,BLOCKCHAIN_OUTAGE,2642,26,False,EXP-BLOCKCHAIN_OUTAGE-25,DOOR-SENSOR-001,SMART_DOOR_LOCK,READ,PASS,80.0,14.0,DENY,BLOCKED,0.1,0.003,,0,,Access Denied: Blockchain authorization engine unavailable (Fail-Closed Security Enforcement).,DENY,BLOCKED,True,EXP-BLOCKCHAIN_OUTAGE-25,2026-09-22T14:53:54.829124400
EXP8B-BLOCKCHAIN_OUTAGE-R2-1790069034655,2,BLOCKCHAIN_OUTAGE,2642,27,False,EXP-BLOCKCHAIN_OUTAGE-26,DOOR-SENSOR-001,SMART_DOOR_LOCK,READ,PASS,80.0,14.0,DENY,BLOCKED,0.1,0.003,,0,,Access Denied: Blockchain authorization engine unavailable (Fail-Closed Security Enforcement).,DENY,BLOCKED,True,EXP-BLOCKCHAIN_OUTAGE-26,2026-09-22T14:53:54.829124400
EXP8B-BLOCKCHAIN_OUTAGE-R2-1790069034655,2,BLOCKCHAIN_OUTAGE,2642,28,False,EXP-BLOCKCHAIN_OUTAGE-27,DOOR-SENSOR-001,SMART_DOOR_LOCK,READ,PASS,80.0,14.0,DENY,BLOCKED,0.1,0.003,,0,,Access Denied: Blockchain authorization engine unavailable (Fail-Closed Security Enforcement).,DENY,BLOCKED,True,EXP-BLOCKCHAIN_OUTAGE-27,2026-09-22T14:53:54.829124400
EXP8B-BLOCKCHAIN_OUTAGE-R2-1790069034655,2,BLOCKCHAIN_OUTAGE,2642,29,False,EXP-BLOCKCHAIN_OUTAGE-28,DOOR-SENSOR-001,SMART_DOOR_LOCK,READ,PASS,80.0,14.0,DENY,BLOCKED,0.1,0.003,,0,,Access Denied: Blockchain authorization engine unavailable (Fail-Closed Security Enforcement).,DENY,BLOCKED,True,EXP-BLOCKCHAIN_OUTAGE-28,2026-09-22T14:53:54.829124400
EXP8B-BLOCKCHAIN_OUTAGE-R2-1790069034655,2,BLOCKCHAIN_OUTAGE,2642,30,False,EXP-BLOCKCHAIN_OUTAGE-29,DOOR-SENSOR-001,SMART_DOOR_LOCK,READ,PASS,80.0,14.0,DENY,BLOCKED,0.1,0.003,,0,,Access Denied: Blockchain authorization engine unavailable (Fail-Closed Security Enforcement).,DENY,BLOCKED,True,EXP-BLOCKCHAIN_OUTAGE-29,2026-09-22T14:53:54.829124400
EXP8B-BLOCKCHAIN_OUTAGE-R3-1790069034889,3,BLOCKCHAIN_OUTAGE,3642,0,True,EXP-BLOCKCHAIN_OUTAGE-0,DOOR-SENSOR-001,SMART_DOOR_LOCK,READ,PASS,80.0,14.0,DENY,BLOCKED,0.1,0.016,,0,,Access Denied: Blockchain authorization engine unavailable (Fail-Closed Security Enforcement).,DENY,BLOCKED,True,EXP-BLOCKCHAIN_OUTAGE-0,2026-09-22T14:53:55.029422600
EXP8B-BLOCKCHAIN_OUTAGE-R3-1790069034889,3,BLOCKCHAIN_OUTAGE,3642,1,True,EXP-BLOCKCHAIN_OUTAGE-1,DOOR-SENSOR-001,SMART_DOOR_LOCK,READ,PASS,80.0,14.0,DENY,BLOCKED,0.1,0.002,,0,,Access Denied: Blockchain authorization engine unavailable (Fail-Closed Security Enforcement).,DENY,BLOCKED,True,EXP-BLOCKCHAIN_OUTAGE-1,2026-09-22T14:53:55.029422600
EXP8B-BLOCKCHAIN_OUTAGE-R3-1790069034889,3,BLOCKCHAIN_OUTAGE,3642,2,True,EXP-BLOCKCHAIN_OUTAGE-2,DOOR-SENSOR-001,SMART_DOOR_LOCK,READ,PASS,80.0,14.0,DENY,BLOCKED,0.1,0.002,,0,,Access Denied: Blockchain authorization engine unavailable (Fail-Closed Security Enforcement).,DENY,BLOCKED,True,EXP-BLOCKCHAIN_OUTAGE-2,2026-09-22T14:53:55.029422600
EXP8B-BLOCKCHAIN_OUTAGE-R3-1790069034889,3,BLOCKCHAIN_OUTAGE,3642,3,True,EXP-BLOCKCHAIN_OUTAGE-3,DOOR-SENSOR-001,SMART_DOOR_LOCK,READ,PASS,80.0,14.0,DENY,BLOCKED,0.1,0.002,,0,,Access Denied: Blockchain authorization engine unavailable (Fail-Closed Security Enforcement).,DENY,BLOCKED,True,EXP-BLOCKCHAIN_OUTAGE-3,2026-09-22T14:53:55.029422600
EXP8B-BLOCKCHAIN_OUTAGE-R3-1790069034889,3,BLOCKCHAIN_OUTAGE,3642,4,True,EXP-BLOCKCHAIN_OUTAGE-4,DOOR-SENSOR-001,SMART_DOOR_LOCK,READ,PASS,80.0,14.0,DENY,BLOCKED,0.1,0.002,,0,,Access Denied: Blockchain authorization engine unavailable (Fail-Closed Security Enforcement).,DENY,BLOCKED,True,EXP-BLOCKCHAIN_OUTAGE-4,2026-09-22T14:53:55.029422600
EXP8B-BLOCKCHAIN_OUTAGE-R3-1790069034889,3,BLOCKCHAIN_OUTAGE,3642,5,True,EXP-BLOCKCHAIN_OUTAGE-5,DOOR-SENSOR-001,SMART_DOOR_LOCK,READ,PASS,80.0,14.0,DENY,BLOCKED,0.1,0.002,,0,,Access Denied: Blockchain authorization engine unavailable (Fail-Closed Security Enforcement).,DENY,BLOCKED,True,EXP-BLOCKCHAIN_OUTAGE-5,2026-09-22T14:53:55.029422600
EXP8B-BLOCKCHAIN_OUTAGE-R3-1790069034889,3,BLOCKCHAIN_OUTAGE,3642,6,True,EXP-BLOCKCHAIN_OUTAGE-6,DOOR-SENSOR-001,SMART_DOOR_LOCK,READ,PASS,80.0,14.0,DENY,BLOCKED,0.1,0.002,,0,,Access Denied: Blockchain authorization engine unavailable (Fail-Closed Security Enforcement).,DENY,BLOCKED,True,EXP-BLOCKCHAIN_OUTAGE-6,2026-09-22T14:53:55.029422600
EXP8B-BLOCKCHAIN_OUTAGE-R3-1790069034889,3,BLOCKCHAIN_OUTAGE,3642,7,True,EXP-BLOCKCHAIN_OUTAGE-7,DOOR-SENSOR-001,SMART_DOOR_LOCK,READ,PASS,80.0,14.0,DENY,BLOCKED,0.1,0.002,,0,,Access Denied: Blockchain authorization engine unavailable (Fail-Closed Security Enforcement).,DENY,BLOCKED,True,EXP-BLOCKCHAIN_OUTAGE-7,2026-09-22T14:53:55.029422600
EXP8B-BLOCKCHAIN_OUTAGE-R3-1790069034889,3,BLOCKCHAIN_OUTAGE,3642,8,True,EXP-BLOCKCHAIN_OUTAGE-8,DOOR-SENSOR-001,SMART_DOOR_LOCK,READ,PASS,80.0,14.0,DENY,BLOCKED,0.1,0.002,,0,,Access Denied: Blockchain authorization engine unavailable (Fail-Closed Security Enforcement).,DENY,BLOCKED,True,EXP-BLOCKCHAIN_OUTAGE-8,2026-09-22T14:53:55.029422600
EXP8B-BLOCKCHAIN_OUTAGE-R3-1790069034889,3,BLOCKCHAIN_OUTAGE,3642,9,True,EXP-BLOCKCHAIN_OUTAGE-9,DOOR-SENSOR-001,SMART_DOOR_LOCK,READ,PASS,80.0,14.0,DENY,BLOCKED,0.1,0.002,,0,,Access Denied: Blockchain authorization engine unavailable (Fail-Closed Security Enforcement).,DENY,BLOCKED,True,EXP-BLOCKCHAIN_OUTAGE-9,2026-09-22T14:53:55.029422600
EXP8B-BLOCKCHAIN_OUTAGE-R3-1790069034889,3,BLOCKCHAIN_OUTAGE,3642,1,False,EXP-BLOCKCHAIN_OUTAGE-0,DOOR-SENSOR-001,SMART_DOOR_LOCK,READ,PASS,80.0,14.0,DENY,BLOCKED,0.1,0.002,,0,,Access Denied: Blockchain authorization engine unavailable (Fail-Closed Security Enforcement).,DENY,BLOCKED,True,EXP-BLOCKCHAIN_OUTAGE-0,2026-09-22T14:53:55.029422600
EXP8B-BLOCKCHAIN_OUTAGE-R3-1790069034889,3,BLOCKCHAIN_OUTAGE,3642,2,False,EXP-BLOCKCHAIN_OUTAGE-1,DOOR-SENSOR-001,SMART_DOOR_LOCK,READ,PASS,80.0,14.0,DENY,BLOCKED,0.1,0.001,,0,,Access Denied: Blockchain authorization engine unavailable (Fail-Closed Security Enforcement).,DENY,BLOCKED,True,EXP-BLOCKCHAIN_OUTAGE-1,2026-09-22T14:53:55.029422600
EXP8B-BLOCKCHAIN_OUTAGE-R3-1790069034889,3,BLOCKCHAIN_OUTAGE,3642,3,False,EXP-BLOCKCHAIN_OUTAGE-2,DOOR-SENSOR-001,SMART_DOOR_LOCK,READ,PASS,80.0,14.0,DENY,BLOCKED,0.1,0.001,,0,,Access Denied: Blockchain authorization engine unavailable (Fail-Closed Security Enforcement).,DENY,BLOCKED,True,EXP-BLOCKCHAIN_OUTAGE-2,2026-09-22T14:53:55.029422600
EXP8B-BLOCKCHAIN_OUTAGE-R3-1790069034889,3,BLOCKCHAIN_OUTAGE,3642,4,False,EXP-BLOCKCHAIN_OUTAGE-3,DOOR-SENSOR-001,SMART_DOOR_LOCK,READ,PASS,80.0,14.0,DENY,BLOCKED,0.1,0.001,,0,,Access Denied: Blockchain authorization engine unavailable (Fail-Closed Security Enforcement).,DENY,BLOCKED,True,EXP-BLOCKCHAIN_OUTAGE-3,2026-09-22T14:53:55.029422600
EXP8B-BLOCKCHAIN_OUTAGE-R3-1790069034889,3,BLOCKCHAIN_OUTAGE,3642,5,False,EXP-BLOCKCHAIN_OUTAGE-4,DOOR-SENSOR-001,SMART_DOOR_LOCK,READ,PASS,80.0,14.0,DENY,BLOCKED,0.1,0.001,,0,,Access Denied: Blockchain authorization engine unavailable (Fail-Closed Security Enforcement).,DENY,BLOCKED,True,EXP-BLOCKCHAIN_OUTAGE-4,2026-09-22T14:53:55.029422600
EXP8B-BLOCKCHAIN_OUTAGE-R3-1790069034889,3,BLOCKCHAIN_OUTAGE,3642,6,False,EXP-BLOCKCHAIN_OUTAGE-5,DOOR-SENSOR-001,SMART_DOOR_LOCK,READ,PASS,80.0,14.0,DENY,BLOCKED,0.1,0.001,,0,,Access Denied: Blockchain authorization engine unavailable (Fail-Closed Security Enforcement).,DENY,BLOCKED,True,EXP-BLOCKCHAIN_OUTAGE-5,2026-09-22T14:53:55.029422600
EXP8B-BLOCKCHAIN_OUTAGE-R3-1790069034889,3,BLOCKCHAIN_OUTAGE,3642,7,False,EXP-BLOCKCHAIN_OUTAGE-6,DOOR-SENSOR-001,SMART_DOOR_LOCK,READ,PASS,80.0,14.0,DENY,BLOCKED,0.1,0.001,,0,,Access Denied: Blockchain authorization engine unavailable (Fail-Closed Security Enforcement).,DENY,BLOCKED,True,EXP-BLOCKCHAIN_OUTAGE-6,2026-09-22T14:53:55.029422600
EXP8B-BLOCKCHAIN_OUTAGE-R3-1790069034889,3,BLOCKCHAIN_OUTAGE,3642,8,False,EXP-BLOCKCHAIN_OUTAGE-7,DOOR-SENSOR-001,SMART_DOOR_LOCK,READ,PASS,80.0,14.0,DENY,BLOCKED,0.1,0.001,,0,,Access Denied: Blockchain authorization engine unavailable (Fail-Closed Security Enforcement).,DENY,BLOCKED,True,EXP-BLOCKCHAIN_OUTAGE-7,2026-09-22T14:53:55.029422600
EXP8B-BLOCKCHAIN_OUTAGE-R3-1790069034889,3,BLOCKCHAIN_OUTAGE,3642,9,False,EXP-BLOCKCHAIN_OUTAGE-8,DOOR-SENSOR-001,SMART_DOOR_LOCK,READ,PASS,80.0,14.0,DENY,BLOCKED,0.1,0.001,,0,,Access Denied: Blockchain authorization engine unavailable (Fail-Closed Security Enforcement).,DENY,BLOCKED,True,EXP-BLOCKCHAIN_OUTAGE-8,2026-09-22T14:53:55.029422600
EXP8B-BLOCKCHAIN_OUTAGE-R3-1790069034889,3,BLOCKCHAIN_OUTAGE,3642,10,False,EXP-BLOCKCHAIN_OUTAGE-9,DOOR-SENSOR-001,SMART_DOOR_LOCK,READ,PASS,80.0,14.0,DENY,BLOCKED,0.1,0.001,,0,,Access Denied: Blockchain authorization engine unavailable (Fail-Closed Security Enforcement).,DENY,BLOCKED,True,EXP-BLOCKCHAIN_OUTAGE-9,2026-09-22T14:53:55.029422600
EXP8B-BLOCKCHAIN_OUTAGE-R3-1790069034889,3,BLOCKCHAIN_OUTAGE,3642,11,False,EXP-BLOCKCHAIN_OUTAGE-10,DOOR-SENSOR-001,SMART_DOOR_LOCK,READ,PASS,80.0,14.0,DENY,BLOCKED,0.1,0.001,,0,,Access Denied: Blockchain authorization engine unavailable (Fail-Closed Security Enforcement).,DENY,BLOCKED,True,EXP-BLOCKCHAIN_OUTAGE-10,2026-09-22T14:53:55.029422600
EXP8B-BLOCKCHAIN_OUTAGE-R3-1790069034889,3,BLOCKCHAIN_OUTAGE,3642,12,False,EXP-BLOCKCHAIN_OUTAGE-11,DOOR-SENSOR-001,SMART_DOOR_LOCK,READ,PASS,80.0,14.0,DENY,BLOCKED,0.1,0.001,,0,,Access Denied: Blockchain authorization engine unavailable (Fail-Closed Security Enforcement).,DENY,BLOCKED,True,EXP-BLOCKCHAIN_OUTAGE-11,2026-09-22T14:53:55.029422600
EXP8B-BLOCKCHAIN_OUTAGE-R3-1790069034889,3,BLOCKCHAIN_OUTAGE,3642,13,False,EXP-BLOCKCHAIN_OUTAGE-12,DOOR-SENSOR-001,SMART_DOOR_LOCK,READ,PASS,80.0,14.0,DENY,BLOCKED,0.1,0.001,,0,,Access Denied: Blockchain authorization engine unavailable (Fail-Closed Security Enforcement).,DENY,BLOCKED,True,EXP-BLOCKCHAIN_OUTAGE-12,2026-09-22T14:53:55.029422600
EXP8B-BLOCKCHAIN_OUTAGE-R3-1790069034889,3,BLOCKCHAIN_OUTAGE,3642,14,False,EXP-BLOCKCHAIN_OUTAGE-13,DOOR-SENSOR-001,SMART_DOOR_LOCK,READ,PASS,80.0,14.0,DENY,BLOCKED,0.1,0.001,,0,,Access Denied: Blockchain authorization engine unavailable (Fail-Closed Security Enforcement).,DENY,BLOCKED,True,EXP-BLOCKCHAIN_OUTAGE-13,2026-09-22T14:53:55.029422600
EXP8B-BLOCKCHAIN_OUTAGE-R3-1790069034889,3,BLOCKCHAIN_OUTAGE,3642,15,False,EXP-BLOCKCHAIN_OUTAGE-14,DOOR-SENSOR-001,SMART_DOOR_LOCK,READ,PASS,80.0,14.0,DENY,BLOCKED,0.1,0.001,,0,,Access Denied: Blockchain authorization engine unavailable (Fail-Closed Security Enforcement).,DENY,BLOCKED,True,EXP-BLOCKCHAIN_OUTAGE-14,2026-09-22T14:53:55.029422600
EXP8B-BLOCKCHAIN_OUTAGE-R3-1790069034889,3,BLOCKCHAIN_OUTAGE,3642,16,False,EXP-BLOCKCHAIN_OUTAGE-15,DOOR-SENSOR-001,SMART_DOOR_LOCK,READ,PASS,80.0,14.0,DENY,BLOCKED,0.1,0.001,,0,,Access Denied: Blockchain authorization engine unavailable (Fail-Closed Security Enforcement).,DENY,BLOCKED,True,EXP-BLOCKCHAIN_OUTAGE-15,2026-09-22T14:53:55.029422600
EXP8B-BLOCKCHAIN_OUTAGE-R3-1790069034889,3,BLOCKCHAIN_OUTAGE,3642,17,False,EXP-BLOCKCHAIN_OUTAGE-16,DOOR-SENSOR-001,SMART_DOOR_LOCK,READ,PASS,80.0,14.0,DENY,BLOCKED,0.1,0.001,,0,,Access Denied: Blockchain authorization engine unavailable (Fail-Closed Security Enforcement).,DENY,BLOCKED,True,EXP-BLOCKCHAIN_OUTAGE-16,2026-09-22T14:53:55.029422600
EXP8B-BLOCKCHAIN_OUTAGE-R3-1790069034889,3,BLOCKCHAIN_OUTAGE,3642,18,False,EXP-BLOCKCHAIN_OUTAGE-17,DOOR-SENSOR-001,SMART_DOOR_LOCK,READ,PASS,80.0,14.0,DENY,BLOCKED,0.1,0.001,,0,,Access Denied: Blockchain authorization engine unavailable (Fail-Closed Security Enforcement).,DENY,BLOCKED,True,EXP-BLOCKCHAIN_OUTAGE-17,2026-09-22T14:53:55.029422600
EXP8B-BLOCKCHAIN_OUTAGE-R3-1790069034889,3,BLOCKCHAIN_OUTAGE,3642,19,False,EXP-BLOCKCHAIN_OUTAGE-18,DOOR-SENSOR-001,SMART_DOOR_LOCK,READ,PASS,80.0,14.0,DENY,BLOCKED,0.1,0.001,,0,,Access Denied: Blockchain authorization engine unavailable (Fail-Closed Security Enforcement).,DENY,BLOCKED,True,EXP-BLOCKCHAIN_OUTAGE-18,2026-09-22T14:53:55.029422600
EXP8B-BLOCKCHAIN_OUTAGE-R3-1790069034889,3,BLOCKCHAIN_OUTAGE,3642,20,False,EXP-BLOCKCHAIN_OUTAGE-19,DOOR-SENSOR-001,SMART_DOOR_LOCK,READ,PASS,80.0,14.0,DENY,BLOCKED,0.1,0.001,,0,,Access Denied: Blockchain authorization engine unavailable (Fail-Closed Security Enforcement).,DENY,BLOCKED,True,EXP-BLOCKCHAIN_OUTAGE-19,2026-09-22T14:53:55.029422600
EXP8B-BLOCKCHAIN_OUTAGE-R3-1790069034889,3,BLOCKCHAIN_OUTAGE,3642,21,False,EXP-BLOCKCHAIN_OUTAGE-20,DOOR-SENSOR-001,SMART_DOOR_LOCK,READ,PASS,80.0,14.0,DENY,BLOCKED,0.1,0.001,,0,,Access Denied: Blockchain authorization engine unavailable (Fail-Closed Security Enforcement).,DENY,BLOCKED,True,EXP-BLOCKCHAIN_OUTAGE-20,2026-09-22T14:53:55.029422600
EXP8B-BLOCKCHAIN_OUTAGE-R3-1790069034889,3,BLOCKCHAIN_OUTAGE,3642,22,False,EXP-BLOCKCHAIN_OUTAGE-21,DOOR-SENSOR-001,SMART_DOOR_LOCK,READ,PASS,80.0,14.0,DENY,BLOCKED,0.1,0.001,,0,,Access Denied: Blockchain authorization engine unavailable (Fail-Closed Security Enforcement).,DENY,BLOCKED,True,EXP-BLOCKCHAIN_OUTAGE-21,2026-09-22T14:53:55.029422600
EXP8B-BLOCKCHAIN_OUTAGE-R3-1790069034889,3,BLOCKCHAIN_OUTAGE,3642,23,False,EXP-BLOCKCHAIN_OUTAGE-22,DOOR-SENSOR-001,SMART_DOOR_LOCK,READ,PASS,80.0,14.0,DENY,BLOCKED,0.1,0.001,,0,,Access Denied: Blockchain authorization engine unavailable (Fail-Closed Security Enforcement).,DENY,BLOCKED,True,EXP-BLOCKCHAIN_OUTAGE-22,2026-09-22T14:53:55.029422600
EXP8B-BLOCKCHAIN_OUTAGE-R3-1790069034889,3,BLOCKCHAIN_OUTAGE,3642,24,False,EXP-BLOCKCHAIN_OUTAGE-23,DOOR-SENSOR-001,SMART_DOOR_LOCK,READ,PASS,80.0,14.0,DENY,BLOCKED,0.1,0.001,,0,,Access Denied: Blockchain authorization engine unavailable (Fail-Closed Security Enforcement).,DENY,BLOCKED,True,EXP-BLOCKCHAIN_OUTAGE-23,2026-09-22T14:53:55.029422600
EXP8B-BLOCKCHAIN_OUTAGE-R3-1790069034889,3,BLOCKCHAIN_OUTAGE,3642,25,False,EXP-BLOCKCHAIN_OUTAGE-24,DOOR-SENSOR-001,SMART_DOOR_LOCK,READ,PASS,80.0,14.0,DENY,BLOCKED,0.1,0.001,,0,,Access Denied: Blockchain authorization engine unavailable (Fail-Closed Security Enforcement).,DENY,BLOCKED,True,EXP-BLOCKCHAIN_OUTAGE-24,2026-09-22T14:53:55.029422600
EXP8B-BLOCKCHAIN_OUTAGE-R3-1790069034889,3,BLOCKCHAIN_OUTAGE,3642,26,False,EXP-BLOCKCHAIN_OUTAGE-25,DOOR-SENSOR-001,SMART_DOOR_LOCK,READ,PASS,80.0,14.0,DENY,BLOCKED,0.1,0.001,,0,,Access Denied: Blockchain authorization engine unavailable (Fail-Closed Security Enforcement).,DENY,BLOCKED,True,EXP-BLOCKCHAIN_OUTAGE-25,2026-09-22T14:53:55.029422600
EXP8B-BLOCKCHAIN_OUTAGE-R3-1790069034889,3,BLOCKCHAIN_OUTAGE,3642,27,False,EXP-BLOCKCHAIN_OUTAGE-26,DOOR-SENSOR-001,SMART_DOOR_LOCK,READ,PASS,80.0,14.0,DENY,BLOCKED,0.1,0.001,,0,,Access Denied: Blockchain authorization engine unavailable (Fail-Closed Security Enforcement).,DENY,BLOCKED,True,EXP-BLOCKCHAIN_OUTAGE-26,2026-09-22T14:53:55.029422600
EXP8B-BLOCKCHAIN_OUTAGE-R3-1790069034889,3,BLOCKCHAIN_OUTAGE,3642,28,False,EXP-BLOCKCHAIN_OUTAGE-27,DOOR-SENSOR-001,SMART_DOOR_LOCK,READ,PASS,80.0,14.0,DENY,BLOCKED,0.1,0.001,,0,,Access Denied: Blockchain authorization engine unavailable (Fail-Closed Security Enforcement).,DENY,BLOCKED,True,EXP-BLOCKCHAIN_OUTAGE-27,2026-09-22T14:53:55.029422600
EXP8B-BLOCKCHAIN_OUTAGE-R3-1790069034889,3,BLOCKCHAIN_OUTAGE,3642,29,False,EXP-BLOCKCHAIN_OUTAGE-28,DOOR-SENSOR-001,SMART_DOOR_LOCK,READ,PASS,80.0,14.0,DENY,BLOCKED,0.1,0.001,,0,,Access Denied: Blockchain authorization engine unavailable (Fail-Closed Security Enforcement).,DENY,BLOCKED,True,EXP-BLOCKCHAIN_OUTAGE-28,2026-09-22T14:53:55.029422600
EXP8B-BLOCKCHAIN_OUTAGE-R3-1790069034889,3,BLOCKCHAIN_OUTAGE,3642,30,False,EXP-BLOCKCHAIN_OUTAGE-29,DOOR-SENSOR-001,SMART_DOOR_LOCK,READ,PASS,80.0,14.0,DENY,BLOCKED,0.1,0.001,,0,,Access Denied: Blockchain authorization engine unavailable (Fail-Closed Security Enforcement).,DENY,BLOCKED,True,EXP-BLOCKCHAIN_OUTAGE-29,2026-09-22T14:53:55.029422600
EXP8B-RECOVERY-R1-1790069035100,1,RECOVERY,1742,0,True,EXP-RECOVERY-0,DOOR-SENSOR-001,SMART_DOOR_LOCK,READ,PASS,80.0,14.0,ALLOW,EXECUTED,37.513,44.133,0xfbd4aa234c915d6179a27b5ca5d6f307c9221ec2c6c4bb7a44943c68ae5621b9,31863,1648,Allowed by Smart Contract: High behavioral trust (80) and low contextual risk (14).,ALLOW,EXECUTED,True,EXP-RECOVERY-0,2026-09-22T14:53:55.300593800
EXP8B-RECOVERY-R1-1790069035100,1,RECOVERY,1742,1,True,EXP-RECOVERY-1,DOOR-SENSOR-001,SMART_DOOR_LOCK,READ,PASS,80.0,14.0,ALLOW,EXECUTED,38.027,44.738,0xf2ab995d3b45f0a6fc556a480a9759a83b0661f71c8967453c3333d97fc191d5,31863,1649,Allowed by Smart Contract: High behavioral trust (80) and low contextual risk (14).,ALLOW,EXECUTED,True,EXP-RECOVERY-1,2026-09-22T14:53:55.345217400
EXP8B-RECOVERY-R1-1790069035100,1,RECOVERY,1742,2,True,EXP-RECOVERY-2,DOOR-SENSOR-001,SMART_DOOR_LOCK,READ,PASS,80.0,14.0,ALLOW,EXECUTED,36.458,42.892,0x9ce38e6fcf4752e7ec7a1acef43c2841a7b0a55d6ca248d1a4eb864d10402ef1,31863,1650,Allowed by Smart Contract: High behavioral trust (80) and low contextual risk (14).,ALLOW,EXECUTED,True,EXP-RECOVERY-2,2026-09-22T14:53:55.387965400
EXP8B-RECOVERY-R1-1790069035100,1,RECOVERY,1742,3,True,EXP-RECOVERY-3,DOOR-SENSOR-001,SMART_DOOR_LOCK,READ,PASS,80.0,14.0,ALLOW,EXECUTED,37.209,43.775,0xc34f1e5e2bfdb4097998f2c7d32350d5a2a0db0740c6cfc9a469103ef6705109,31863,1651,Allowed by Smart Contract: High behavioral trust (80) and low contextual risk (14).,ALLOW,EXECUTED,True,EXP-RECOVERY-3,2026-09-22T14:53:55.431670300
EXP8B-RECOVERY-R1-1790069035100,1,RECOVERY,1742,4,True,EXP-RECOVERY-4,DOOR-SENSOR-001,SMART_DOOR_LOCK,READ,PASS,80.0,14.0,ALLOW,EXECUTED,36.159,42.54,0x11163af12af0936c00a2844dd894e7ad775b0d0badacfc9cbe22a7891f8cccbb,31863,1652,Allowed by Smart Contract: High behavioral trust (80) and low contextual risk (14).,ALLOW,EXECUTED,True,EXP-RECOVERY-4,2026-09-22T14:53:55.474670400
EXP8B-RECOVERY-R1-1790069035100,1,RECOVERY,1742,5,True,EXP-RECOVERY-5,DOOR-SENSOR-001,SMART_DOOR_LOCK,READ,PASS,80.0,14.0,ALLOW,EXECUTED,35.663,41.956,0xe174f214937bad6f64b921dc943bfc244f18d61522be65bd3a4b61dfee6526a4,31863,1653,Allowed by Smart Contract: High behavioral trust (80) and low contextual risk (14).,ALLOW,EXECUTED,True,EXP-RECOVERY-5,2026-09-22T14:53:55.516642900
EXP8B-RECOVERY-R1-1790069035100,1,RECOVERY,1742,6,True,EXP-RECOVERY-6,DOOR-SENSOR-001,SMART_DOOR_LOCK,READ,PASS,80.0,14.0,ALLOW,EXECUTED,33.568,39.492,0x63a5edc4c8cf974857484e6adebc711045ce8cf59f99340f8d8f8367b404879d,31863,1654,Allowed by Smart Contract: High behavioral trust (80) and low contextual risk (14).,ALLOW,EXECUTED,True,EXP-RECOVERY-6,2026-09-22T14:53:55.555837500
EXP8B-RECOVERY-R1-1790069035100,1,RECOVERY,1742,7,True,EXP-RECOVERY-7,DOOR-SENSOR-001,SMART_DOOR_LOCK,READ,PASS,80.0,14.0,ALLOW,EXECUTED,38.727,45.561,0x39cdebe64c16cf9ede3393a79dc978aa02bf17829bb07f839942d8ad866c9aaa,31863,1655,Allowed by Smart Contract: High behavioral trust (80) and low contextual risk (14).,ALLOW,EXECUTED,True,EXP-RECOVERY-7,2026-09-22T14:53:55.601763700
EXP8B-RECOVERY-R1-1790069035100,1,RECOVERY,1742,8,True,EXP-RECOVERY-8,DOOR-SENSOR-001,SMART_DOOR_LOCK,READ,PASS,80.0,14.0,ALLOW,EXECUTED,40.747,47.938,0xf2ab5e3c25082ea576d99ded1e70abad7a8ebb3182f795eb8d24a044b1bf5299,31863,1656,Allowed by Smart Contract: High behavioral trust (80) and low contextual risk (14).,ALLOW,EXECUTED,True,EXP-RECOVERY-8,2026-09-22T14:53:55.649434300
EXP8B-RECOVERY-R1-1790069035100,1,RECOVERY,1742,9,True,EXP-RECOVERY-9,DOOR-SENSOR-001,SMART_DOOR_LOCK,READ,PASS,80.0,14.0,ALLOW,EXECUTED,37.219,43.787,0x6a554a3f7a5257ce33528fc9eda5baa12cbcca843163e8e03c317d18e621f4ff,31863,1657,Allowed by Smart Contract: High behavioral trust (80) and low contextual risk (14).,ALLOW,EXECUTED,True,EXP-RECOVERY-9,2026-09-22T14:53:55.693289200
EXP8B-RECOVERY-R1-1790069035100,1,RECOVERY,1742,1,False,EXP-RECOVERY-0,DOOR-SENSOR-001,SMART_DOOR_LOCK,READ,PASS,80.0,14.0,ALLOW,EXECUTED,42.448,49.939,0x6b22dbceaabcf807b3c4a28ae525c30bb0bcf7e48e531faefed35d5d31dc3805,31863,1658,Allowed by Smart Contract: High behavioral trust (80) and low contextual risk (14).,ALLOW,EXECUTED,True,EXP-RECOVERY-0,2026-09-22T14:53:55.743367
EXP8B-RECOVERY-R1-1790069035100,1,RECOVERY,1742,2,False,EXP-RECOVERY-1,DOOR-SENSOR-001,SMART_DOOR_LOCK,READ,PASS,80.0,14.0,ALLOW,EXECUTED,37.753,44.415,0x15b62523898011b2c9c35a9788c6de59c9bcd452fd236547a4a64b5cf0841c9e,31863,1659,Allowed by Smart Contract: High behavioral trust (80) and low contextual risk (14).,ALLOW,EXECUTED,True,EXP-RECOVERY-1,2026-09-22T14:53:55.787906800
EXP8B-RECOVERY-R1-1790069035100,1,RECOVERY,1742,3,False,EXP-RECOVERY-2,DOOR-SENSOR-001,SMART_DOOR_LOCK,READ,PASS,80.0,14.0,ALLOW,EXECUTED,36.909,43.423,0x22443199c0a9d582947cc4a0817778524bae1c674f8f5c5e9d997c1672ceef91,31863,1660,Allowed by Smart Contract: High behavioral trust (80) and low contextual risk (14).,ALLOW,EXECUTED,True,EXP-RECOVERY-2,2026-09-22T14:53:55.831163400
EXP8B-RECOVERY-R1-1790069035100,1,RECOVERY,1742,4,False,EXP-RECOVERY-3,DOOR-SENSOR-001,SMART_DOOR_LOCK,READ,PASS,80.0,14.0,ALLOW,EXECUTED,42.893,50.463,0x10fc58649ec57a6ee91a096ca0d59b82d091b3b1bb87c29550536654da96d9a6,31863,1661,Allowed by Smart Contract: High behavioral trust (80) and low contextual risk (14).,ALLOW,EXECUTED,True,EXP-RECOVERY-3,2026-09-22T14:53:55.881970600
EXP8B-RECOVERY-R1-1790069035100,1,RECOVERY,1742,5,False,EXP-RECOVERY-4,DOOR-SENSOR-001,SMART_DOOR_LOCK,READ,PASS,80.0,14.0,ALLOW,EXECUTED,37.962,44.661,0x54370843ea152a0c6de30d1280c1feefbcee02d00dc149995f256cc5112d6932,31863,1662,Allowed by Smart Contract: High behavioral trust (80) and low contextual risk (14).,ALLOW,EXECUTED,True,EXP-RECOVERY-4,2026-09-22T14:53:55.926788600
EXP8B-RECOVERY-R1-1790069035100,1,RECOVERY,1742,6,False,EXP-RECOVERY-5,DOOR-SENSOR-001,SMART_DOOR_LOCK,READ,PASS,80.0,14.0,ALLOW,EXECUTED,40.221,47.318,0x2a0dd207492d8add50449a5e745c2e4635b4cfff87843582330703723d8adc9e,31863,1663,Allowed by Smart Contract: High behavioral trust (80) and low contextual risk (14).,ALLOW,EXECUTED,True,EXP-RECOVERY-5,2026-09-22T14:53:55.974169
EXP8B-RECOVERY-R1-1790069035100,1,RECOVERY,1742,7,False,EXP-RECOVERY-6,DOOR-SENSOR-001,SMART_DOOR_LOCK,READ,PASS,80.0,14.0,ALLOW,EXECUTED,37.129,43.681,0xf61b1d36458d054fd3eb849f371de659803e2769113796569c4593c4f52459fb,31863,1664,Allowed by Smart Contract: High behavioral trust (80) and low contextual risk (14).,ALLOW,EXECUTED,True,EXP-RECOVERY-6,2026-09-22T14:53:56.017616800
EXP8B-RECOVERY-R1-1790069035100,1,RECOVERY,1742,8,False,EXP-RECOVERY-7,DOOR-SENSOR-001,SMART_DOOR_LOCK,READ,PASS,80.0,14.0,ALLOW,EXECUTED,39.726,46.736,0x9558f7490df7698185fcdaa647a002334d0046c438ec3859dbd94e308532c04c,31863,1665,Allowed by Smart Contract: High behavioral trust (80) and low contextual risk (14).,ALLOW,EXECUTED,True,EXP-RECOVERY-7,2026-09-22T14:53:56.064473800
EXP8B-RECOVERY-R1-1790069035100,1,RECOVERY,1742,9,False,EXP-RECOVERY-8,DOOR-SENSOR-001,SMART_DOOR_LOCK,READ,PASS,80.0,14.0,ALLOW,EXECUTED,34.689,40.811,0x07ac7784742879a8ca904a156d90d7382725475651c73ce86a8befcf6c25ea97,31863,1666,Allowed by Smart Contract: High behavioral trust (80) and low contextual risk (14).,ALLOW,EXECUTED,True,EXP-RECOVERY-8,2026-09-22T14:53:56.105103400
EXP8B-RECOVERY-R1-1790069035100,1,RECOVERY,1742,10,False,EXP-RECOVERY-9,DOOR-SENSOR-001,SMART_DOOR_LOCK,READ,PASS,80.0,14.0,ALLOW,EXECUTED,36.649,43.116,0x6c667a4d9f2410a15709cfb72952ba70a0c3e31952f548bc4545841e45c60025,31863,1667,Allowed by Smart Contract: High behavioral trust (80) and low contextual risk (14).,ALLOW,EXECUTED,True,EXP-RECOVERY-9,2026-09-22T14:53:56.148353100
EXP8B-RECOVERY-R1-1790069035100,1,RECOVERY,1742,11,False,EXP-RECOVERY-10,DOOR-SENSOR-001,SMART_DOOR_LOCK,READ,PASS,80.0,14.0,ALLOW,EXECUTED,33.8,39.765,0xe4ba32241fea0403bac6ef9981d383251cfaf9db28123775861f99006025d25f,31863,1668,Allowed by Smart Contract: High behavioral trust (80) and low contextual risk (14).,ALLOW,EXECUTED,True,EXP-RECOVERY-10,2026-09-22T14:53:56.188367800
EXP8B-RECOVERY-R1-1790069035100,1,RECOVERY,1742,12,False,EXP-RECOVERY-11,DOOR-SENSOR-001,SMART_DOOR_LOCK,READ,PASS,80.0,14.0,ALLOW,EXECUTED,37.584,44.216,0x0351be4d70f02d9ee96be9ec8745a2d91ca6009de50abbab16859d117db3e905,31863,1669,Allowed by Smart Contract: High behavioral trust (80) and low contextual risk (14).,ALLOW,EXECUTED,True,EXP-RECOVERY-11,2026-09-22T14:53:56.232601800
EXP8B-RECOVERY-R1-1790069035100,1,RECOVERY,1742,13,False,EXP-RECOVERY-12,DOOR-SENSOR-001,SMART_DOOR_LOCK,READ,PASS,80.0,14.0,ALLOW,EXECUTED,35.52,41.788,0x9e56b672f7a6ed3bac4d551430b1f02e9a2c7f293b86cd7e67fac4608a27b524,31863,1670,Allowed by Smart Contract: High behavioral trust (80) and low contextual risk (14).,ALLOW,EXECUTED,True,EXP-RECOVERY-12,2026-09-22T14:53:56.274143600
EXP8B-RECOVERY-R1-1790069035100,1,RECOVERY,1742,14,False,EXP-RECOVERY-13,DOOR-SENSOR-001,SMART_DOOR_LOCK,READ,PASS,80.0,14.0,ALLOW,EXECUTED,37.901,44.59,0x2266c6c0fc2e7e977d3166fad336495da668bdc687c5f7f4a22549bd04292e9c,31863,1671,Allowed by Smart Contract: High behavioral trust (80) and low contextual risk (14).,ALLOW,EXECUTED,True,EXP-RECOVERY-13,2026-09-22T14:53:56.318739100
EXP8B-RECOVERY-R1-1790069035100,1,RECOVERY,1742,15,False,EXP-RECOVERY-14,DOOR-SENSOR-001,SMART_DOOR_LOCK,READ,PASS,80.0,14.0,ALLOW,EXECUTED,34.013,40.015,0xd3d5f7765a4b95d4ef4f90d2ac95ba0240389e13c5fb2721c5e28f931300e176,31863,1672,Allowed by Smart Contract: High behavioral trust (80) and low contextual risk (14).,ALLOW,EXECUTED,True,EXP-RECOVERY-14,2026-09-22T14:53:56.359139500
EXP8B-RECOVERY-R1-1790069035100,1,RECOVERY,1742,16,False,EXP-RECOVERY-15,DOOR-SENSOR-001,SMART_DOOR_LOCK,READ,PASS,80.0,14.0,ALLOW,EXECUTED,40.607,47.773,0x09f2f7afb7f9589af939657f9d60c57dd5404b728ae165c65233b5ea8da4939c,31863,1673,Allowed by Smart Contract: High behavioral trust (80) and low contextual risk (14).,ALLOW,EXECUTED,True,EXP-RECOVERY-15,2026-09-22T14:53:56.406861700
EXP8B-RECOVERY-R1-1790069035100,1,RECOVERY,1742,17,False,EXP-RECOVERY-16,DOOR-SENSOR-001,SMART_DOOR_LOCK,READ,PASS,80.0,14.0,ALLOW,EXECUTED,38.704,45.534,0x6b186986a925ff5c78e6555a1258656b434908c13ce41758c6e71e457f7e41a6,31863,1674,Allowed by Smart Contract: High behavioral trust (80) and low contextual risk (14).,ALLOW,EXECUTED,True,EXP-RECOVERY-16,2026-09-22T14:53:56.452470
EXP8B-RECOVERY-R1-1790069035100,1,RECOVERY,1742,18,False,EXP-RECOVERY-17,DOOR-SENSOR-001,SMART_DOOR_LOCK,READ,PASS,80.0,14.0,ALLOW,EXECUTED,42.323,49.791,0xbb1720fac6f797dd11162ae4bcee7ca2eba94d3661a3b4ef001809d313c41ce6,31863,1675,Allowed by Smart Contract: High behavioral trust (80) and low contextual risk (14).,ALLOW,EXECUTED,True,EXP-RECOVERY-17,2026-09-22T14:53:56.502517600
EXP8B-RECOVERY-R1-1790069035100,1,RECOVERY,1742,19,False,EXP-RECOVERY-18,DOOR-SENSOR-001,SMART_DOOR_LOCK,READ,PASS,80.0,14.0,ALLOW,EXECUTED,46.378,54.562,0x17f39c4e4d48ba9d54a319665d0852401ced053abe5b5451dbfdd772fdf59a2b,31863,1676,Allowed by Smart Contract: High behavioral trust (80) and low contextual risk (14).,ALLOW,EXECUTED,True,EXP-RECOVERY-18,2026-09-22T14:53:56.556872700
EXP8B-RECOVERY-R1-1790069035100,1,RECOVERY,1742,20,False,EXP-RECOVERY-19,DOOR-SENSOR-001,SMART_DOOR_LOCK,READ,PASS,80.0,14.0,ALLOW,EXECUTED,68.215,80.253,0x09b7506ede73d6a9a20eb88e220cdd82249c71ec132b26c33ede08a430643bb9,31863,1677,Allowed by Smart Contract: High behavioral trust (80) and low contextual risk (14).,ALLOW,EXECUTED,True,EXP-RECOVERY-19,2026-09-22T14:53:56.637022
EXP8B-RECOVERY-R1-1790069035100,1,RECOVERY,1742,21,False,EXP-RECOVERY-20,DOOR-SENSOR-001,SMART_DOOR_LOCK,READ,PASS,80.0,14.0,ALLOW,EXECUTED,81.156,95.478,0x20220450de0be0835a954c388fef8ab027774198808cf6db8a595b3d79a1e56b,31863,1678,Allowed by Smart Contract: High behavioral trust (80) and low contextual risk (14).,ALLOW,EXECUTED,True,EXP-RECOVERY-20,2026-09-22T14:53:56.732916100
EXP8B-RECOVERY-R1-1790069035100,1,RECOVERY,1742,22,False,EXP-RECOVERY-21,DOOR-SENSOR-001,SMART_DOOR_LOCK,READ,PASS,80.0,14.0,ALLOW,EXECUTED,63.092,74.226,0xb4ca1880f5ba44fbf822e6f8c2e391fba00f79064c608a4b655da29cbc011f55,31863,1679,Allowed by Smart Contract: High behavioral trust (80) and low contextual risk (14).,ALLOW,EXECUTED,True,EXP-RECOVERY-21,2026-09-22T14:53:56.806864300
EXP8B-RECOVERY-R1-1790069035100,1,RECOVERY,1742,23,False,EXP-RECOVERY-22,DOOR-SENSOR-001,SMART_DOOR_LOCK,READ,PASS,80.0,14.0,ALLOW,EXECUTED,41.007,48.244,0x36b20962b7e125b68f7114ecc0d5c2e5918aa3d4094035d67982429eea199403,31863,1680,Allowed by Smart Contract: High behavioral trust (80) and low contextual risk (14).,ALLOW,EXECUTED,True,EXP-RECOVERY-22,2026-09-22T14:53:56.855214500
EXP8B-RECOVERY-R1-1790069035100,1,RECOVERY,1742,24,False,EXP-RECOVERY-23,DOOR-SENSOR-001,SMART_DOOR_LOCK,READ,PASS,80.0,14.0,ALLOW,EXECUTED,37.346,43.937,0xbf7274ba886c605dd948c05c6faaf216f83586186bc1ca2ddb84fb4a0aba9278,31863,1681,Allowed by Smart Contract: High behavioral trust (80) and low contextual risk (14).,ALLOW,EXECUTED,True,EXP-RECOVERY-23,2026-09-22T14:53:56.899346700
EXP8B-RECOVERY-R1-1790069035100,1,RECOVERY,1742,25,False,EXP-RECOVERY-24,DOOR-SENSOR-001,SMART_DOOR_LOCK,READ,PASS,80.0,14.0,ALLOW,EXECUTED,36.263,42.662,0x695608517e8ad71532f2d115b3481506dd2c1ffc8aa4841015409dae4af03fb8,31863,1682,Allowed by Smart Contract: High behavioral trust (80) and low contextual risk (14).,ALLOW,EXECUTED,True,EXP-RECOVERY-24,2026-09-22T14:53:56.941976100
EXP8B-RECOVERY-R1-1790069035100,1,RECOVERY,1742,26,False,EXP-RECOVERY-25,DOOR-SENSOR-001,SMART_DOOR_LOCK,READ,PASS,80.0,14.0,ALLOW,EXECUTED,33.736,39.689,0x421ad3786ac7c2d08a3f7df8d12d5f43987b8821d1a37d00eb29f2a8a5d3d22a,31863,1683,Allowed by Smart Contract: High behavioral trust (80) and low contextual risk (14).,ALLOW,EXECUTED,True,EXP-RECOVERY-25,2026-09-22T14:53:56.982034900
EXP8B-RECOVERY-R1-1790069035100,1,RECOVERY,1742,27,False,EXP-RECOVERY-26,DOOR-SENSOR-001,SMART_DOOR_LOCK,READ,PASS,80.0,14.0,ALLOW,EXECUTED,35.107,41.302,0x866a67a3c6123331cef956f343caa33b86742722d8f4f993c0adebeadae61085,31863,1684,Allowed by Smart Contract: High behavioral trust (80) and low contextual risk (14).,ALLOW,EXECUTED,True,EXP-RECOVERY-26,2026-09-22T14:53:57.023366800
EXP8B-RECOVERY-R1-1790069035100,1,RECOVERY,1742,28,False,EXP-RECOVERY-27,DOOR-SENSOR-001,SMART_DOOR_LOCK,READ,PASS,80.0,14.0,ALLOW,EXECUTED,32.317,38.02,0x3a091e3dd0b0ab7b7d77be8b5c11c1e892a7dddc5e14511b19f75c5e43f238b9,31863,1685,Allowed by Smart Contract: High behavioral trust (80) and low contextual risk (14).,ALLOW,EXECUTED,True,EXP-RECOVERY-27,2026-09-22T14:53:57.061177800
EXP8B-RECOVERY-R1-1790069035100,1,RECOVERY,1742,29,False,EXP-RECOVERY-28,DOOR-SENSOR-001,SMART_DOOR_LOCK,READ,PASS,80.0,14.0,ALLOW,EXECUTED,41.41,48.717,0x3396c224f07d95be513f43e18f99de3907e9e5c3e648eeb65bbeb303db214e82,31863,1686,Allowed by Smart Contract: High behavioral trust (80) and low contextual risk (14).,ALLOW,EXECUTED,True,EXP-RECOVERY-28,2026-09-22T14:53:57.109780500
EXP8B-RECOVERY-R1-1790069035100,1,RECOVERY,1742,30,False,EXP-RECOVERY-29,DOOR-SENSOR-001,SMART_DOOR_LOCK,READ,PASS,80.0,14.0,ALLOW,EXECUTED,37.539,44.164,0xaaa69c95a305f8b7a33939b376721a703b9385ec0f238a85d68c44f2ae8e7717,31863,1687,Allowed by Smart Contract: High behavioral trust (80) and low contextual risk (14).,ALLOW,EXECUTED,True,EXP-RECOVERY-29,2026-09-22T14:53:57.154155800
EXP8B-RECOVERY-R2-1790069037264,2,RECOVERY,2742,0,True,EXP-RECOVERY-0,DOOR-SENSOR-001,SMART_DOOR_LOCK,READ,PASS,80.0,14.0,ALLOW,EXECUTED,51.705,60.829,0x764873ca2bb40c08dcd4fa849cb791f9b808205f51cd2f476f59f5994089df49,31863,1688,Allowed by Smart Contract: High behavioral trust (80) and low contextual risk (14).,ALLOW,EXECUTED,True,EXP-RECOVERY-0,2026-09-22T14:53:57.503969600
EXP8B-RECOVERY-R2-1790069037264,2,RECOVERY,2742,1,True,EXP-RECOVERY-1,DOOR-SENSOR-001,SMART_DOOR_LOCK,READ,PASS,80.0,14.0,ALLOW,EXECUTED,44.691,52.578,0x00926491f0c4f17f1b02f0848cc70e817b59b72ac6f3092583ef8ede2bb3cc5e,31863,1689,Allowed by Smart Contract: High behavioral trust (80) and low contextual risk (14).,ALLOW,EXECUTED,True,EXP-RECOVERY-1,2026-09-22T14:53:57.556521600
EXP8B-RECOVERY-R2-1790069037264,2,RECOVERY,2742,2,True,EXP-RECOVERY-2,DOOR-SENSOR-001,SMART_DOOR_LOCK,READ,PASS,80.0,14.0,ALLOW,EXECUTED,44.846,52.76,0x7c3bb471238e2e04d405f8451ac787162bd483eb433bc4c5936bab0e135d8495,31863,1690,Allowed by Smart Contract: High behavioral trust (80) and low contextual risk (14).,ALLOW,EXECUTED,True,EXP-RECOVERY-2,2026-09-22T14:53:57.609398500
EXP8B-RECOVERY-R2-1790069037264,2,RECOVERY,2742,3,True,EXP-RECOVERY-3,DOOR-SENSOR-001,SMART_DOOR_LOCK,READ,PASS,80.0,14.0,ALLOW,EXECUTED,44.947,52.879,0x05352c3603e7f8cf69851f65908e954f262ffa2626b4ffba1e30afbfbfe73134,31863,1691,Allowed by Smart Contract: High behavioral trust (80) and low contextual risk (14).,ALLOW,EXECUTED,True,EXP-RECOVERY-3,2026-09-22T14:53:57.662589
EXP8B-RECOVERY-R2-1790069037264,2,RECOVERY,2742,4,True,EXP-RECOVERY-4,DOOR-SENSOR-001,SMART_DOOR_LOCK,READ,PASS,80.0,14.0,ALLOW,EXECUTED,46.475,54.676,0x20348d3a1c3524eab7440be285b5bc18cc1a401d964fadf3f6984c487914f7ff,31863,1692,Allowed by Smart Contract: High behavioral trust (80) and low contextual risk (14).,ALLOW,EXECUTED,True,EXP-RECOVERY-4,2026-09-22T14:53:57.717234800
EXP8B-RECOVERY-R2-1790069037264,2,RECOVERY,2742,5,True,EXP-RECOVERY-5,DOOR-SENSOR-001,SMART_DOOR_LOCK,READ,PASS,80.0,14.0,ALLOW,EXECUTED,47.088,55.398,0x69082983f4bb5e2df26101c20938e6b050267f5e9a2ed05fc79b32219ee91a49,31863,1693,Allowed by Smart Contract: High behavioral trust (80) and low contextual risk (14).,ALLOW,EXECUTED,True,EXP-RECOVERY-5,2026-09-22T14:53:57.772689400
EXP8B-RECOVERY-R2-1790069037264,2,RECOVERY,2742,6,True,EXP-RECOVERY-6,DOOR-SENSOR-001,SMART_DOOR_LOCK,READ,PASS,80.0,14.0,ALLOW,EXECUTED,44.973,52.909,0xa6a10d3d0be53aa99a53cb12230ff88956394969821596c450512bfdffed06cf,31863,1694,Allowed by Smart Contract: High behavioral trust (80) and low contextual risk (14).,ALLOW,EXECUTED,True,EXP-RECOVERY-6,2026-09-22T14:53:57.825692600
EXP8B-RECOVERY-R2-1790069037264,2,RECOVERY,2742,7,True,EXP-RECOVERY-7,DOOR-SENSOR-001,SMART_DOOR_LOCK,READ,PASS,80.0,14.0,ALLOW,EXECUTED,42.74,50.283,0x914289aabe25fe7f8f620f0414a1cf7c059cbb974431ef8fd408036a42a5caa0,31863,1695,Allowed by Smart Contract: High behavioral trust (80) and low contextual risk (14).,ALLOW,EXECUTED,True,EXP-RECOVERY-7,2026-09-22T14:53:57.875894900
EXP8B-RECOVERY-R2-1790069037264,2,RECOVERY,2742,8,True,EXP-RECOVERY-8,DOOR-SENSOR-001,SMART_DOOR_LOCK,READ,PASS,80.0,14.0,ALLOW,EXECUTED,36.234,42.628,0x912ff3da45128a62cba6085604384420c1b4108ff6fac22905333cd55dca6bf4,31863,1696,Allowed by Smart Contract: High behavioral trust (80) and low contextual risk (14).,ALLOW,EXECUTED,True,EXP-RECOVERY-8,2026-09-22T14:53:57.918421300
EXP8B-RECOVERY-R2-1790069037264,2,RECOVERY,2742,9,True,EXP-RECOVERY-9,DOOR-SENSOR-001,SMART_DOOR_LOCK,READ,PASS,80.0,14.0,ALLOW,EXECUTED,34.132,40.155,0xd1d46b676d60ae3ea551a7d1f39f6054150d1af14a642312210146df88be1ad8,31863,1697,Allowed by Smart Contract: High behavioral trust (80) and low contextual risk (14).,ALLOW,EXECUTED,True,EXP-RECOVERY-9,2026-09-22T14:53:57.958482200
EXP8B-RECOVERY-R2-1790069037264,2,RECOVERY,2742,1,False,EXP-RECOVERY-0,DOOR-SENSOR-001,SMART_DOOR_LOCK,READ,PASS,80.0,14.0,ALLOW,EXECUTED,36.326,42.737,0x31d4e3b30a128fd71189f4d425e22bf99c870216d059d6dc982354bf5b70225a,31863,1698,Allowed by Smart Contract: High behavioral trust (80) and low contextual risk (14).,ALLOW,EXECUTED,True,EXP-RECOVERY-0,2026-09-22T14:53:58.001428400
EXP8B-RECOVERY-R2-1790069037264,2,RECOVERY,2742,2,False,EXP-RECOVERY-1,DOOR-SENSOR-001,SMART_DOOR_LOCK,READ,PASS,80.0,14.0,ALLOW,EXECUTED,44.538,52.397,0x79d83e08c2d3985e982ec48f5ce90ce7fc5e88e8a3a9c1692b358b6bd7829d48,31863,1699,Allowed by Smart Contract: High behavioral trust (80) and low contextual risk (14).,ALLOW,EXECUTED,True,EXP-RECOVERY-1,2026-09-22T14:53:58.053903700
EXP8B-RECOVERY-R2-1790069037264,2,RECOVERY,2742,3,False,EXP-RECOVERY-2,DOOR-SENSOR-001,SMART_DOOR_LOCK,READ,PASS,80.0,14.0,ALLOW,EXECUTED,52.671,61.966,0xc9415af5241517a6665ab073cdc4403bbe3aa0c86cf67c6a05a8a607f7a6573a,31863,1700,Allowed by Smart Contract: High behavioral trust (80) and low contextual risk (14).,ALLOW,EXECUTED,True,EXP-RECOVERY-2,2026-09-22T14:53:58.115774300
EXP8B-RECOVERY-R2-1790069037264,2,RECOVERY,2742,4,False,EXP-RECOVERY-3,DOOR-SENSOR-001,SMART_DOOR_LOCK,READ,PASS,80.0,14.0,ALLOW,EXECUTED,51.725,60.853,0xed411efdeeacc4823a6561c936b6cbbace18730626c5d2819abfa16fb85826b8,31863,1701,Allowed by Smart Contract: High behavioral trust (80) and low contextual risk (14).,ALLOW,EXECUTED,True,EXP-RECOVERY-3,2026-09-22T14:53:58.176796400
EXP8B-RECOVERY-R2-1790069037264,2,RECOVERY,2742,5,False,EXP-RECOVERY-4,DOOR-SENSOR-001,SMART_DOOR_LOCK,READ,PASS,80.0,14.0,ALLOW,EXECUTED,54.697,64.35,0x53cf12a094ac962abe621bb2937774bc1455005f9a9c4b1fb2af9e3cd32da78e,31863,1702,Allowed by Smart Contract: High behavioral trust (80) and low contextual risk (14).,ALLOW,EXECUTED,True,EXP-RECOVERY-4,2026-09-22T14:53:58.241455
EXP8B-RECOVERY-R2-1790069037264,2,RECOVERY,2742,6,False,EXP-RECOVERY-5,DOOR-SENSOR-001,SMART_DOOR_LOCK,READ,PASS,80.0,14.0,ALLOW,EXECUTED,41.418,48.727,0xe2bdb49d486e54c85eb9471efef338aa38e8ff6ae175db888468c910b77c4d48,31863,1703,Allowed by Smart Contract: High behavioral trust (80) and low contextual risk (14).,ALLOW,EXECUTED,True,EXP-RECOVERY-5,2026-09-22T14:53:58.290164700
EXP8B-RECOVERY-R2-1790069037264,2,RECOVERY,2742,7,False,EXP-RECOVERY-6,DOOR-SENSOR-001,SMART_DOOR_LOCK,READ,PASS,80.0,14.0,ALLOW,EXECUTED,39.172,46.085,0x12cac0334ffaf7df9b44472f5f9bc46a24adc0a26b7483521ce9f05ad3b71450,31863,1704,Allowed by Smart Contract: High behavioral trust (80) and low contextual risk (14).,ALLOW,EXECUTED,True,EXP-RECOVERY-6,2026-09-22T14:53:58.336199900
EXP8B-RECOVERY-R2-1790069037264,2,RECOVERY,2742,8,False,EXP-RECOVERY-7,DOOR-SENSOR-001,SMART_DOOR_LOCK,READ,PASS,80.0,14.0,ALLOW,EXECUTED,48.275,56.794,0xd5b3096e852d0278070e3b5bbb4721a00a43a54e7ac7283c5aa392e4d0590ae7,31863,1705,Allowed by Smart Contract: High behavioral trust (80) and low contextual risk (14).,ALLOW,EXECUTED,True,EXP-RECOVERY-7,2026-09-22T14:53:58.392933400
EXP8B-RECOVERY-R2-1790069037264,2,RECOVERY,2742,9,False,EXP-RECOVERY-8,DOOR-SENSOR-001,SMART_DOOR_LOCK,READ,PASS,80.0,14.0,ALLOW,EXECUTED,44.811,52.719,0x15b13ad8831c60d90df8055a9bb314e7919692a2a08ccf1a631b774bd8717dac,31863,1706,Allowed by Smart Contract: High behavioral trust (80) and low contextual risk (14).,ALLOW,EXECUTED,True,EXP-RECOVERY-8,2026-09-22T14:53:58.445579100
EXP8B-RECOVERY-R2-1790069037264,2,RECOVERY,2742,10,False,EXP-RECOVERY-9,DOOR-SENSOR-001,SMART_DOOR_LOCK,READ,PASS,80.0,14.0,ALLOW,EXECUTED,50.169,59.023,0xad72d63c9c0a0cb83a5b2ef7221c03cede39bcc74b37a8cf76b92af906ccf62f,31863,1707,Allowed by Smart Contract: High behavioral trust (80) and low contextual risk (14).,ALLOW,EXECUTED,True,EXP-RECOVERY-9,2026-09-22T14:53:58.505189800
EXP8B-RECOVERY-R2-1790069037264,2,RECOVERY,2742,11,False,EXP-RECOVERY-10,DOOR-SENSOR-001,SMART_DOOR_LOCK,READ,PASS,80.0,14.0,ALLOW,EXECUTED,51.171,60.202,0xa6460cc7ed70a211e494cbc0532a0ca9558cdb90d895456469e15d6567dc2db9,31863,1708,Allowed by Smart Contract: High behavioral trust (80) and low contextual risk (14).,ALLOW,EXECUTED,True,EXP-RECOVERY-10,2026-09-22T14:53:58.565518700
EXP8B-RECOVERY-R2-1790069037264,2,RECOVERY,2742,12,False,EXP-RECOVERY-11,DOOR-SENSOR-001,SMART_DOOR_LOCK,READ,PASS,80.0,14.0,ALLOW,EXECUTED,50.06,58.894,0xc38c13dfb521e3bc521c0e5f3d10f229d2863c972ef648d2c25b2de280ebd729,31863,1709,Allowed by Smart Contract: High behavioral trust (80) and low contextual risk (14).,ALLOW,EXECUTED,True,EXP-RECOVERY-11,2026-09-22T14:53:58.624273300
EXP8B-RECOVERY-R2-1790069037264,2,RECOVERY,2742,13,False,EXP-RECOVERY-12,DOOR-SENSOR-001,SMART_DOOR_LOCK,READ,PASS,80.0,14.0,ALLOW,EXECUTED,44.65,52.53,0x03a6bdee8142b671194205d4018d8e32a685df91c794bee81061ce27d5c44659,31863,1710,Allowed by Smart Contract: High behavioral trust (80) and low contextual risk (14).,ALLOW,EXECUTED,True,EXP-RECOVERY-12,2026-09-22T14:53:58.676994600
EXP8B-RECOVERY-R2-1790069037264,2,RECOVERY,2742,14,False,EXP-RECOVERY-13,DOOR-SENSOR-001,SMART_DOOR_LOCK,READ,PASS,80.0,14.0,ALLOW,EXECUTED,38.368,45.139,0x086e3beb7f0a15d5e20768402bb05fc8bdf3150bfd1125f672d70fa5fe7ec873,31863,1711,Allowed by Smart Contract: High behavioral trust (80) and low contextual risk (14).,ALLOW,EXECUTED,True,EXP-RECOVERY-13,2026-09-22T14:53:58.722011200
EXP8B-RECOVERY-R2-1790069037264,2,RECOVERY,2742,15,False,EXP-RECOVERY-14,DOOR-SENSOR-001,SMART_DOOR_LOCK,READ,PASS,80.0,14.0,ALLOW,EXECUTED,44.108,51.892,0x6794c7278e3aba858554fe1e59136a6355e6166fd7159259b6d391f8cccaf091,31863,1712,Allowed by Smart Contract: High behavioral trust (80) and low contextual risk (14).,ALLOW,EXECUTED,True,EXP-RECOVERY-14,2026-09-22T14:53:58.774013400
EXP8B-RECOVERY-R2-1790069037264,2,RECOVERY,2742,16,False,EXP-RECOVERY-15,DOOR-SENSOR-001,SMART_DOOR_LOCK,READ,PASS,80.0,14.0,ALLOW,EXECUTED,51.311,60.366,0x24228830b956886771cd6c9512d53f1139d9e84d70d758a582ba5d186305b1aa,31863,1713,Allowed by Smart Contract: High behavioral trust (80) and low contextual risk (14).,ALLOW,EXECUTED,True,EXP-RECOVERY-15,2026-09-22T14:53:58.834436700
EXP8B-RECOVERY-R2-1790069037264,2,RECOVERY,2742,17,False,EXP-RECOVERY-16,DOOR-SENSOR-001,SMART_DOOR_LOCK,READ,PASS,80.0,14.0,ALLOW,EXECUTED,47.754,56.182,0x093782563a8e0625b89f2bc22af53dced24619dceeb5a36ebf266973b640b28a,31863,1714,Allowed by Smart Contract: High behavioral trust (80) and low contextual risk (14).,ALLOW,EXECUTED,True,EXP-RECOVERY-16,2026-09-22T14:53:58.890592500
EXP8B-RECOVERY-R2-1790069037264,2,RECOVERY,2742,18,False,EXP-RECOVERY-17,DOOR-SENSOR-001,SMART_DOOR_LOCK,READ,PASS,80.0,14.0,ALLOW,EXECUTED,58.255,68.536,0x192c07a559ac3ab3dbb74b4c042608edebbb687d48b9dda90b235182e3012da9,31863,1715,Allowed by Smart Contract: High behavioral trust (80) and low contextual risk (14).,ALLOW,EXECUTED,True,EXP-RECOVERY-17,2026-09-22T14:53:58.959257900
EXP8B-RECOVERY-R2-1790069037264,2,RECOVERY,2742,19,False,EXP-RECOVERY-18,DOOR-SENSOR-001,SMART_DOOR_LOCK,READ,PASS,80.0,14.0,ALLOW,EXECUTED,47.764,56.193,0x034faf83700363cdc9ac5b7fd0364d7ca48e7f59a11baeb718d43f40818cee69,31863,1716,Allowed by Smart Contract: High behavioral trust (80) and low contextual risk (14).,ALLOW,EXECUTED,True,EXP-RECOVERY-18,2026-09-22T14:53:59.015693700
EXP8B-RECOVERY-R2-1790069037264,2,RECOVERY,2742,20,False,EXP-RECOVERY-19,DOOR-SENSOR-001,SMART_DOOR_LOCK,READ,PASS,80.0,14.0,ALLOW,EXECUTED,35.699,41.998,0xf91f72bff05dfa9130e71129ecb5f77b32f22c8c1ffb755ce7490f638d0b0353,31863,1717,Allowed by Smart Contract: High behavioral trust (80) and low contextual risk (14).,ALLOW,EXECUTED,True,EXP-RECOVERY-19,2026-09-22T14:53:59.057708600
EXP8B-RECOVERY-R2-1790069037264,2,RECOVERY,2742,21,False,EXP-RECOVERY-20,DOOR-SENSOR-001,SMART_DOOR_LOCK,READ,PASS,80.0,14.0,ALLOW,EXECUTED,42.529,50.034,0x24ae338bcc8adc125a6a456c98c43e53ff601b9dd71a3aea3c2f46ca372b50fb,31863,1718,Allowed by Smart Contract: High behavioral trust (80) and low contextual risk (14).,ALLOW,EXECUTED,True,EXP-RECOVERY-20,2026-09-22T14:53:59.107618400
EXP8B-RECOVERY-R2-1790069037264,2,RECOVERY,2742,22,False,EXP-RECOVERY-21,DOOR-SENSOR-001,SMART_DOOR_LOCK,READ,PASS,80.0,14.0,ALLOW,EXECUTED,44.124,51.91,0x7527531c8ddb2be957ddebea24058b13f982e6155787277616b0eb6b69fb7961,31863,1719,Allowed by Smart Contract: High behavioral trust (80) and low contextual risk (14).,ALLOW,EXECUTED,True,EXP-RECOVERY-21,2026-09-22T14:53:59.159600700
EXP8B-RECOVERY-R2-1790069037264,2,RECOVERY,2742,23,False,EXP-RECOVERY-22,DOOR-SENSOR-001,SMART_DOOR_LOCK,READ,PASS,80.0,14.0,ALLOW,EXECUTED,42.514,50.017,0x706233f6c193414a34b8f38995511adf8f483418f676b40a2e2bfe248735b44d,31863,1720,Allowed by Smart Contract: High behavioral trust (80) and low contextual risk (14).,ALLOW,EXECUTED,True,EXP-RECOVERY-22,2026-09-22T14:53:59.209969300
EXP8B-RECOVERY-R2-1790069037264,2,RECOVERY,2742,24,False,EXP-RECOVERY-23,DOOR-SENSOR-001,SMART_DOOR_LOCK,READ,PASS,80.0,14.0,ALLOW,EXECUTED,44.634,52.51,0xaabb6504fc9e5d408e11793669d1806d3c47c39d21e45c8f467f19f48559f94a,31863,1721,Allowed by Smart Contract: High behavioral trust (80) and low contextual risk (14).,ALLOW,EXECUTED,True,EXP-RECOVERY-23,2026-09-22T14:53:59.262457300
EXP8B-RECOVERY-R2-1790069037264,2,RECOVERY,2742,25,False,EXP-RECOVERY-24,DOOR-SENSOR-001,SMART_DOOR_LOCK,READ,PASS,80.0,14.0,ALLOW,EXECUTED,42.901,50.472,0xaa736f3109faefddd43b9902b14660a0fe5fbe944217922ce5f3d5db6299eb63,31863,1722,Allowed by Smart Contract: High behavioral trust (80) and low contextual risk (14).,ALLOW,EXECUTED,True,EXP-RECOVERY-24,2026-09-22T14:53:59.312940900
EXP8B-RECOVERY-R2-1790069037264,2,RECOVERY,2742,26,False,EXP-RECOVERY-25,DOOR-SENSOR-001,SMART_DOOR_LOCK,READ,PASS,80.0,14.0,ALLOW,EXECUTED,40.842,48.05,0x036f19ac77772f77289b106b869fd07fcb388fc8e3b6768575faab5421083f16,31863,1723,Allowed by Smart Contract: High behavioral trust (80) and low contextual risk (14).,ALLOW,EXECUTED,True,EXP-RECOVERY-25,2026-09-22T14:53:59.360954100
EXP8B-RECOVERY-R2-1790069037264,2,RECOVERY,2742,27,False,EXP-RECOVERY-26,DOOR-SENSOR-001,SMART_DOOR_LOCK,READ,PASS,80.0,14.0,ALLOW,EXECUTED,37.553,44.18,0x5a2b2bb9c008227e051360ade86ce3dc37b1ac4617b8695d7b6681a4e60e5cb7,31863,1724,Allowed by Smart Contract: High behavioral trust (80) and low contextual risk (14).,ALLOW,EXECUTED,True,EXP-RECOVERY-26,2026-09-22T14:53:59.405106600
EXP8B-RECOVERY-R2-1790069037264,2,RECOVERY,2742,28,False,EXP-RECOVERY-27,DOOR-SENSOR-001,SMART_DOOR_LOCK,READ,PASS,80.0,14.0,ALLOW,EXECUTED,36.797,43.29,0x24d8a025e5d7201e1cbe0b48077c2f0cff6bc01cc03cdc63a3dfed7c1febcf9a,31863,1725,Allowed by Smart Contract: High behavioral trust (80) and low contextual risk (14).,ALLOW,EXECUTED,True,EXP-RECOVERY-27,2026-09-22T14:53:59.448289
EXP8B-RECOVERY-R2-1790069037264,2,RECOVERY,2742,29,False,EXP-RECOVERY-28,DOOR-SENSOR-001,SMART_DOOR_LOCK,READ,PASS,80.0,14.0,ALLOW,EXECUTED,37.794,44.464,0x3edf88a928d9c2e8aa5dcb9b4d98f26fe6f9aef43656cdd236ce6babe5e97869,31863,1726,Allowed by Smart Contract: High behavioral trust (80) and low contextual risk (14).,ALLOW,EXECUTED,True,EXP-RECOVERY-28,2026-09-22T14:53:59.493056700
EXP8B-RECOVERY-R2-1790069037264,2,RECOVERY,2742,30,False,EXP-RECOVERY-29,DOOR-SENSOR-001,SMART_DOOR_LOCK,READ,PASS,80.0,14.0,ALLOW,EXECUTED,33.762,39.72,0x25870754db6b4f0905d8adcc99abb44dc91363b15358e89a4596830c5fd1723a,31863,1727,Allowed by Smart Contract: High behavioral trust (80) and low contextual risk (14).,ALLOW,EXECUTED,True,EXP-RECOVERY-29,2026-09-22T14:53:59.532908
EXP8B-RECOVERY-R3-1790069039623,3,RECOVERY,3742,0,True,EXP-RECOVERY-0,DOOR-SENSOR-001,SMART_DOOR_LOCK,READ,PASS,80.0,14.0,ALLOW,EXECUTED,60.115,70.723,0xe99e750d20028072a506058868573b5063107956532dc3ed6ac08bfd679394af,31863,1728,Allowed by Smart Contract: High behavioral trust (80) and low contextual risk (14).,ALLOW,EXECUTED,True,EXP-RECOVERY-0,2026-09-22T14:53:59.873958700
EXP8B-RECOVERY-R3-1790069039623,3,RECOVERY,3742,1,True,EXP-RECOVERY-1,DOOR-SENSOR-001,SMART_DOOR_LOCK,READ,PASS,80.0,14.0,ALLOW,EXECUTED,42.885,50.453,0xa3af4991b31c7e90b017ffed4d353204f048e837d621acf1981c1607605d6157,31863,1729,Allowed by Smart Contract: High behavioral trust (80) and low contextual risk (14).,ALLOW,EXECUTED,True,EXP-RECOVERY-1,2026-09-22T14:53:59.924770300
EXP8B-RECOVERY-R3-1790069039623,3,RECOVERY,3742,2,True,EXP-RECOVERY-2,DOOR-SENSOR-001,SMART_DOOR_LOCK,READ,PASS,80.0,14.0,ALLOW,EXECUTED,45.546,53.583,0x423f0e2e05a2b8edb167cc9ab7b8324155463529e497a74564efbbcc9b38ad6d,31863,1730,Allowed by Smart Contract: High behavioral trust (80) and low contextual risk (14).,ALLOW,EXECUTED,True,EXP-RECOVERY-2,2026-09-22T14:53:59.978204300
EXP8B-RECOVERY-R3-1790069039623,3,RECOVERY,3742,3,True,EXP-RECOVERY-3,DOOR-SENSOR-001,SMART_DOOR_LOCK,READ,PASS,80.0,14.0,ALLOW,EXECUTED,50.341,59.225,0xf0f4d4bccf24ce6c85b50e96cb82e073ef14b2d192f2d81981579adaebf0c680,31863,1731,Allowed by Smart Contract: High behavioral trust (80) and low contextual risk (14).,ALLOW,EXECUTED,True,EXP-RECOVERY-3,2026-09-22T14:54:00.037335700
EXP8B-RECOVERY-R3-1790069039623,3,RECOVERY,3742,4,True,EXP-RECOVERY-4,DOOR-SENSOR-001,SMART_DOOR_LOCK,READ,PASS,80.0,14.0,ALLOW,EXECUTED,50.294,59.17,0x961213aa4b1786e2dbb6cc324c7736a1d85f5d81daae06af424a9419638d7618,31863,1732,Allowed by Smart Contract: High behavioral trust (80) and low contextual risk (14).,ALLOW,EXECUTED,True,EXP-RECOVERY-4,2026-09-22T14:54:00.096681400
EXP8B-RECOVERY-R3-1790069039623,3,RECOVERY,3742,5,True,EXP-RECOVERY-5,DOOR-SENSOR-001,SMART_DOOR_LOCK,READ,PASS,80.0,14.0,ALLOW,EXECUTED,44.126,51.913,0xdb48aea24cabeaae6a9a2b212f7e770f5acb2f7faba241560f23028227ae26cf,31863,1733,Allowed by Smart Contract: High behavioral trust (80) and low contextual risk (14).,ALLOW,EXECUTED,True,EXP-RECOVERY-5,2026-09-22T14:54:00.148936800
EXP8B-RECOVERY-R3-1790069039623,3,RECOVERY,3742,6,True,EXP-RECOVERY-6,DOOR-SENSOR-001,SMART_DOOR_LOCK,READ,PASS,80.0,14.0,ALLOW,EXECUTED,36.944,43.464,0xf99d009169c999665671c4db4899ceddadfd99c1b6c314a4d7b95d29c37df90d,31863,1734,Allowed by Smart Contract: High behavioral trust (80) and low contextual risk (14).,ALLOW,EXECUTED,True,EXP-RECOVERY-6,2026-09-22T14:54:00.192251500
EXP8B-RECOVERY-R3-1790069039623,3,RECOVERY,3742,7,True,EXP-RECOVERY-7,DOOR-SENSOR-001,SMART_DOOR_LOCK,READ,PASS,80.0,14.0,ALLOW,EXECUTED,40.727,47.914,0xdd8cf2117a97d1ab62e5dfc6a7ed07ef96f28677f36243277440d79306efe1ac,31863,1735,Allowed by Smart Contract: High behavioral trust (80) and low contextual risk (14).,ALLOW,EXECUTED,True,EXP-RECOVERY-7,2026-09-22T14:54:00.240242400
EXP8B-RECOVERY-R3-1790069039623,3,RECOVERY,3742,8,True,EXP-RECOVERY-8,DOOR-SENSOR-001,SMART_DOOR_LOCK,READ,PASS,80.0,14.0,ALLOW,EXECUTED,40.23,47.329,0x3b9c5d8c464cdca34b887ac2ca9bf90f27897dcde87f0adacf411c68cd251d3c,31863,1736,Allowed by Smart Contract: High behavioral trust (80) and low contextual risk (14).,ALLOW,EXECUTED,True,EXP-RECOVERY-8,2026-09-22T14:54:00.287852
EXP8B-RECOVERY-R3-1790069039623,3,RECOVERY,3742,9,True,EXP-RECOVERY-9,DOOR-SENSOR-001,SMART_DOOR_LOCK,READ,PASS,80.0,14.0,ALLOW,EXECUTED,37.605,44.242,0xb2be9592ea8393c1c5a18bf731a450caa0ab58e56b2e9d0100eff8fc6e2e6b20,31863,1737,Allowed by Smart Contract: High behavioral trust (80) and low contextual risk (14).,ALLOW,EXECUTED,True,EXP-RECOVERY-9,2026-09-22T14:54:00.331675500
EXP8B-RECOVERY-R3-1790069039623,3,RECOVERY,3742,1,False,EXP-RECOVERY-0,DOOR-SENSOR-001,SMART_DOOR_LOCK,READ,PASS,80.0,14.0,ALLOW,EXECUTED,35.686,41.983,0x744a74e3df62ab6ce959299b6f1d7880b6f6b4ebbc83c7813e12c3118e7e59c9,31863,1738,Allowed by Smart Contract: High behavioral trust (80) and low contextual risk (14).,ALLOW,EXECUTED,True,EXP-RECOVERY-0,2026-09-22T14:54:00.374220300
EXP8B-RECOVERY-R3-1790069039623,3,RECOVERY,3742,2,False,EXP-RECOVERY-1,DOOR-SENSOR-001,SMART_DOOR_LOCK,READ,PASS,80.0,14.0,ALLOW,EXECUTED,40.012,47.074,0x2ff1bdfa30bbddd2970b5a9c9c6e26d480b9f7cdc409cd76e8cd64bb1d9f5aad,31863,1739,Allowed by Smart Contract: High behavioral trust (80) and low contextual risk (14).,ALLOW,EXECUTED,True,EXP-RECOVERY-1,2026-09-22T14:54:00.420947
EXP8B-RECOVERY-R3-1790069039623,3,RECOVERY,3742,3,False,EXP-RECOVERY-2,DOOR-SENSOR-001,SMART_DOOR_LOCK,READ,PASS,80.0,14.0,ALLOW,EXECUTED,35.906,42.243,0x51518557683bf2b920c808459b0d769d82d343910510d62fc5f92883311880ec,31863,1740,Allowed by Smart Contract: High behavioral trust (80) and low contextual risk (14).,ALLOW,EXECUTED,True,EXP-RECOVERY-2,2026-09-22T14:54:00.463163600
EXP8B-RECOVERY-R3-1790069039623,3,RECOVERY,3742,4,False,EXP-RECOVERY-3,DOOR-SENSOR-001,SMART_DOOR_LOCK,READ,PASS,80.0,14.0,ALLOW,EXECUTED,48.274,56.793,0xe10efcb6a812f3e5c12a2709aec7e6419e3ea257cd64571e6cfe11bf5fd95ec8,31863,1741,Allowed by Smart Contract: High behavioral trust (80) and low contextual risk (14).,ALLOW,EXECUTED,True,EXP-RECOVERY-3,2026-09-22T14:54:00.520268800
EXP8B-RECOVERY-R3-1790069039623,3,RECOVERY,3742,5,False,EXP-RECOVERY-4,DOOR-SENSOR-001,SMART_DOOR_LOCK,READ,PASS,80.0,14.0,ALLOW,EXECUTED,38.851,45.707,0x7e3d38861d1facb8a82614e331b5d7c79ee5a480724175c0f7b9e5c6b0e803c4,31863,1742,Allowed by Smart Contract: High behavioral trust (80) and low contextual risk (14).,ALLOW,EXECUTED,True,EXP-RECOVERY-4,2026-09-22T14:54:00.565775900
EXP8B-RECOVERY-R3-1790069039623,3,RECOVERY,3742,6,False,EXP-RECOVERY-5,DOOR-SENSOR-001,SMART_DOOR_LOCK,READ,PASS,80.0,14.0,ALLOW,EXECUTED,43.135,50.748,0x869bc5e4f12bcc4478a0a0674dfb8fddb9147f4da3127bb1a0fed0db183bd7c6,31863,1743,Allowed by Smart Contract: High behavioral trust (80) and low contextual risk (14).,ALLOW,EXECUTED,True,EXP-RECOVERY-5,2026-09-22T14:54:00.616590200
EXP8B-RECOVERY-R3-1790069039623,3,RECOVERY,3742,7,False,EXP-RECOVERY-6,DOOR-SENSOR-001,SMART_DOOR_LOCK,READ,PASS,80.0,14.0,ALLOW,EXECUTED,36.231,42.625,0xe03e3630499f3ca06196dd7c0bcc755efe58b204c8a5c9c8f54009c757af4f31,31863,1744,Allowed by Smart Contract: High behavioral trust (80) and low contextual risk (14).,ALLOW,EXECUTED,True,EXP-RECOVERY-6,2026-09-22T14:54:00.659515300
EXP8B-RECOVERY-R3-1790069039623,3,RECOVERY,3742,8,False,EXP-RECOVERY-7,DOOR-SENSOR-001,SMART_DOOR_LOCK,READ,PASS,80.0,14.0,ALLOW,EXECUTED,37.246,43.818,0x7b7fbbaec9faa6d8adabcbb6094fd02acb3d8f4306921cce43c7666e539df09f,31863,1745,Allowed by Smart Contract: High behavioral trust (80) and low contextual risk (14).,ALLOW,EXECUTED,True,EXP-RECOVERY-7,2026-09-22T14:54:00.703409100
EXP8B-RECOVERY-R3-1790069039623,3,RECOVERY,3742,9,False,EXP-RECOVERY-8,DOOR-SENSOR-001,SMART_DOOR_LOCK,READ,PASS,80.0,14.0,ALLOW,EXECUTED,42.21,49.659,0x4d05820c149afbc66f01bc14d26faa57f0251312878d4586558b2f63af2320cb,31863,1746,Allowed by Smart Contract: High behavioral trust (80) and low contextual risk (14).,ALLOW,EXECUTED,True,EXP-RECOVERY-8,2026-09-22T14:54:00.752902900
EXP8B-RECOVERY-R3-1790069039623,3,RECOVERY,3742,10,False,EXP-RECOVERY-9,DOOR-SENSOR-001,SMART_DOOR_LOCK,READ,PASS,80.0,14.0,ALLOW,EXECUTED,33.715,39.665,0xff48a8f0c55a527633d4beb9e75ee1fff21bce7b5c54dd124eca694907c1b301,31863,1747,Allowed by Smart Contract: High behavioral trust (80) and low contextual risk (14).,ALLOW,EXECUTED,True,EXP-RECOVERY-9,2026-09-22T14:54:00.792677200
EXP8B-RECOVERY-R3-1790069039623,3,RECOVERY,3742,11,False,EXP-RECOVERY-10,DOOR-SENSOR-001,SMART_DOOR_LOCK,READ,PASS,80.0,14.0,ALLOW,EXECUTED,44.684,52.57,0x548192031df375ae5877cb5726fd6a44ee24aa2c5b32eb65b958234f53b7c9d9,31863,1748,Allowed by Smart Contract: High behavioral trust (80) and low contextual risk (14).,ALLOW,EXECUTED,True,EXP-RECOVERY-10,2026-09-22T14:54:00.845440700
EXP8B-RECOVERY-R3-1790069039623,3,RECOVERY,3742,12,False,EXP-RECOVERY-11,DOOR-SENSOR-001,SMART_DOOR_LOCK,READ,PASS,80.0,14.0,ALLOW,EXECUTED,45.635,53.688,0x6693aa080f7024c84f13b38171292fea19c7c1823a8a678b08fc34b231a6d9a2,31863,1749,Allowed by Smart Contract: High behavioral trust (80) and low contextual risk (14).,ALLOW,EXECUTED,True,EXP-RECOVERY-11,2026-09-22T14:54:00.899261100
EXP8B-RECOVERY-R3-1790069039623,3,RECOVERY,3742,13,False,EXP-RECOVERY-12,DOOR-SENSOR-001,SMART_DOOR_LOCK,READ,PASS,80.0,14.0,ALLOW,EXECUTED,34.083,40.098,0xa07af6d402c13c972cd71cc8b61c49f2f4694fdd34f9fd36b3654dede7b99889,31863,1750,Allowed by Smart Contract: High behavioral trust (80) and low contextual risk (14).,ALLOW,EXECUTED,True,EXP-RECOVERY-12,2026-09-22T14:54:00.937687400
EXP8B-RECOVERY-R3-1790069039623,3,RECOVERY,3742,14,False,EXP-RECOVERY-13,DOOR-SENSOR-001,SMART_DOOR_LOCK,READ,PASS,80.0,14.0,ALLOW,EXECUTED,33.205,39.065,0x7721abe08b972470e566963a4a1f1e0faacacfe2d119522b98fbba75f65d9667,31863,1751,Allowed by Smart Contract: High behavioral trust (80) and low contextual risk (14).,ALLOW,EXECUTED,True,EXP-RECOVERY-13,2026-09-22T14:54:00.978092700
EXP8B-RECOVERY-R3-1790069039623,3,RECOVERY,3742,15,False,EXP-RECOVERY-14,DOOR-SENSOR-001,SMART_DOOR_LOCK,READ,PASS,80.0,14.0,ALLOW,EXECUTED,38.409,45.187,0x41603df9ddabfbe42215900a9568ea5cc54efc3a859fedf05e4e5cbae3a6570e,31863,1752,Allowed by Smart Contract: High behavioral trust (80) and low contextual risk (14).,ALLOW,EXECUTED,True,EXP-RECOVERY-14,2026-09-22T14:54:01.023555700
EXP8B-RECOVERY-R3-1790069039623,3,RECOVERY,3742,16,False,EXP-RECOVERY-15,DOOR-SENSOR-001,SMART_DOOR_LOCK,READ,PASS,80.0,14.0,ALLOW,EXECUTED,31.546,37.113,0x3ed9498bbd532e21e0298faca58971c96ad89c2a00eff6b6632e5a1bd52ccc60,31863,1753,Allowed by Smart Contract: High behavioral trust (80) and low contextual risk (14).,ALLOW,EXECUTED,True,EXP-RECOVERY-15,2026-09-22T14:54:01.060876300
EXP8B-RECOVERY-R3-1790069039623,3,RECOVERY,3742,17,False,EXP-RECOVERY-16,DOOR-SENSOR-001,SMART_DOOR_LOCK,READ,PASS,80.0,14.0,ALLOW,EXECUTED,35.784,42.099,0x87a09f0fbfcefe6ec57fad4f5ce704055053da3423495cf32ade440085427843,31863,1754,Allowed by Smart Contract: High behavioral trust (80) and low contextual risk (14).,ALLOW,EXECUTED,True,EXP-RECOVERY-16,2026-09-22T14:54:01.102791300
EXP8B-RECOVERY-R3-1790069039623,3,RECOVERY,3742,18,False,EXP-RECOVERY-17,DOOR-SENSOR-001,SMART_DOOR_LOCK,READ,PASS,80.0,14.0,ALLOW,EXECUTED,45.78,53.859,0x197ba83ea5438b14f0878b6b947c2db19812ebe70fbd3332ea8baf04b7073fdc,31863,1755,Allowed by Smart Contract: High behavioral trust (80) and low contextual risk (14).,ALLOW,EXECUTED,True,EXP-RECOVERY-17,2026-09-22T14:54:01.156969300
EXP8B-RECOVERY-R3-1790069039623,3,RECOVERY,3742,19,False,EXP-RECOVERY-18,DOOR-SENSOR-001,SMART_DOOR_LOCK,READ,PASS,80.0,14.0,ALLOW,EXECUTED,35.319,41.552,0xcd647b30d7a11029d0ef8b869c6b4d9e5414a26f350e2ce0d4ac9bad10256a2c,31863,1756,Allowed by Smart Contract: High behavioral trust (80) and low contextual risk (14).,ALLOW,EXECUTED,True,EXP-RECOVERY-18,2026-09-22T14:54:01.198235800
EXP8B-RECOVERY-R3-1790069039623,3,RECOVERY,3742,20,False,EXP-RECOVERY-19,DOOR-SENSOR-001,SMART_DOOR_LOCK,READ,PASS,80.0,14.0,ALLOW,EXECUTED,37.402,44.003,0x2900674e5378e6576cd6bc57255761c00d7399ff702b213252ba99f3cdd5a5cc,31863,1757,Allowed by Smart Contract: High behavioral trust (80) and low contextual risk (14).,ALLOW,EXECUTED,True,EXP-RECOVERY-19,2026-09-22T14:54:01.242247900
EXP8B-RECOVERY-R3-1790069039623,3,RECOVERY,3742,21,False,EXP-RECOVERY-20,DOOR-SENSOR-001,SMART_DOOR_LOCK,READ,PASS,80.0,14.0,ALLOW,EXECUTED,41.972,49.379,0x03466a6033de284f47df76d556412a1ee9bfe9a9db3162d056c74a191b89d411,31863,1758,Allowed by Smart Contract: High behavioral trust (80) and low contextual risk (14).,ALLOW,EXECUTED,True,EXP-RECOVERY-20,2026-09-22T14:54:01.292043200
EXP8B-RECOVERY-R3-1790069039623,3,RECOVERY,3742,22,False,EXP-RECOVERY-21,DOOR-SENSOR-001,SMART_DOOR_LOCK,READ,PASS,80.0,14.0,ALLOW,EXECUTED,35.143,41.344,0xf163b971daab6108d6d3f7a0d0b3993398c57203e9a52640a3d93ecf124c0988,31863,1759,Allowed by Smart Contract: High behavioral trust (80) and low contextual risk (14).,ALLOW,EXECUTED,True,EXP-RECOVERY-21,2026-09-22T14:54:01.333143600
EXP8B-RECOVERY-R3-1790069039623,3,RECOVERY,3742,23,False,EXP-RECOVERY-22,DOOR-SENSOR-001,SMART_DOOR_LOCK,READ,PASS,80.0,14.0,ALLOW,EXECUTED,34.563,40.663,0x5cea023b830d66e39296282ee0e5003653d165b4443e5ef9e49320e19a381288,31863,1760,Allowed by Smart Contract: High behavioral trust (80) and low contextual risk (14).,ALLOW,EXECUTED,True,EXP-RECOVERY-22,2026-09-22T14:54:01.373680800
EXP8B-RECOVERY-R3-1790069039623,3,RECOVERY,3742,24,False,EXP-RECOVERY-23,DOOR-SENSOR-001,SMART_DOOR_LOCK,READ,PASS,80.0,14.0,ALLOW,EXECUTED,40.461,47.602,0x51c74ec492168143c3369a0b7de38876308bf21ef247d4857e5101c2ef43877c,31863,1761,Allowed by Smart Contract: High behavioral trust (80) and low contextual risk (14).,ALLOW,EXECUTED,True,EXP-RECOVERY-23,2026-09-22T14:54:01.421338500
EXP8B-RECOVERY-R3-1790069039623,3,RECOVERY,3742,25,False,EXP-RECOVERY-24,DOOR-SENSOR-001,SMART_DOOR_LOCK,READ,PASS,80.0,14.0,ALLOW,EXECUTED,32.894,38.699,0x77bc748960321e90ed48ba37a0dd7e05968ceb6509aa53c6f48e519c4aa9c286,31863,1762,Allowed by Smart Contract: High behavioral trust (80) and low contextual risk (14).,ALLOW,EXECUTED,True,EXP-RECOVERY-24,2026-09-22T14:54:01.460347400
EXP8B-RECOVERY-R3-1790069039623,3,RECOVERY,3742,26,False,EXP-RECOVERY-25,DOOR-SENSOR-001,SMART_DOOR_LOCK,READ,PASS,80.0,14.0,ALLOW,EXECUTED,34.557,40.655,0x44970300de7f368ce2266fc1914c4e5ffefb1f2ffeb21a782ed1f515e80cf68a,31863,1763,Allowed by Smart Contract: High behavioral trust (80) and low contextual risk (14).,ALLOW,EXECUTED,True,EXP-RECOVERY-25,2026-09-22T14:54:01.501145100
EXP8B-RECOVERY-R3-1790069039623,3,RECOVERY,3742,27,False,EXP-RECOVERY-26,DOOR-SENSOR-001,SMART_DOOR_LOCK,READ,PASS,80.0,14.0,ALLOW,EXECUTED,34.383,40.45,0x5e4468fa96caf85134c1f9781c85bb131e58d563c4f837171f25f706a9c2fdf1,31863,1764,Allowed by Smart Contract: High behavioral trust (80) and low contextual risk (14).,ALLOW,EXECUTED,True,EXP-RECOVERY-26,2026-09-22T14:54:01.541172
EXP8B-RECOVERY-R3-1790069039623,3,RECOVERY,3742,28,False,EXP-RECOVERY-27,DOOR-SENSOR-001,SMART_DOOR_LOCK,READ,PASS,80.0,14.0,ALLOW,EXECUTED,32.516,38.255,0x7e7d6e873313fdc083fdedb5feadf0be0029ce1e46063a112f3c0289b9684790,31863,1765,Allowed by Smart Contract: High behavioral trust (80) and low contextual risk (14).,ALLOW,EXECUTED,True,EXP-RECOVERY-27,2026-09-22T14:54:01.579156900
EXP8B-RECOVERY-R3-1790069039623,3,RECOVERY,3742,29,False,EXP-RECOVERY-28,DOOR-SENSOR-001,SMART_DOOR_LOCK,READ,PASS,80.0,14.0,ALLOW,EXECUTED,36.392,42.814,0x1bd7dbdb3c76968057bd71da7f55c96bdbe15fc053e721f19589566c0faf4680,31863,1766,Allowed by Smart Contract: High behavioral trust (80) and low contextual risk (14).,ALLOW,EXECUTED,True,EXP-RECOVERY-28,2026-09-22T14:54:01.622458
EXP8B-RECOVERY-R3-1790069039623,3,RECOVERY,3742,30,False,EXP-RECOVERY-29,DOOR-SENSOR-001,SMART_DOOR_LOCK,READ,PASS,80.0,14.0,ALLOW,EXECUTED,43.206,50.83,0x39efe99cda4a8d70b584f6b9d2f2e05a8efaa778c2fb1769877539ac5af40291,31863,1767,Allowed by Smart Contract: High behavioral trust (80) and low contextual risk (14).,ALLOW,EXECUTED,True,EXP-RECOVERY-29,2026-09-22T14:54:01.673674300
